displayDate,GS10,GS2,TB3MS,FEDFUNDS,CFNAI,M2SL,TOTALSL,NONREVSL,BUSLOANS,UNRATE,PAYEMS,RPI,AWOTMAN,INDPRO,IPMAN,TCU,WTISPLC,PPIACO,HOUST,PERMIT,UMCSENT,CPIAUCSL,PCEPI,recessionFlag,SPREAD_10Y3M,SPREAD_10Y2Y,FED_FUNDS_CHANGE,PAYROLL_YOY,INCOME_YOY,OVERTIME_YOY,INDPRO_YOY,MANUF_YOY,TCU_CHANGE,OIL_YOY,PPI_YOY,HOUSING_YOY,PERMIT_YOY,CFNAI_MA3,M2_GROWTH_YOY,CREDIT_GROWTH_YOY,NONREV_GROWTH_YOY,BUS_LOAN_YOY,CPI_YOY,PCE_YOY,SENTIMENT_YOY,MONETARY_VELOCITY,HOUSING_MOMENTUM_INFLECTION,SPREAD_INVERSION_MAGNITUDE,CREDIT_CRUNCH_INTERACTION,PAYROLL_ACCELERATION,INDPRO_ACCELERATION,LIQUIDITY_PRESSURE,TCU_PEAK_DISTANCE,CONSUMER_DIVERGENCE,REAL_FED_FUNDS,REAL_FED_FUNDS_ACCEL,CREDIT_ACCELERATION,POLICY_OVERTIGHTENING,target_recession_12m,YIELD_WARNING,YIELD_INVERSION,filter_target,filter_active
1970-01-01,7.79,0.0,7.87,8.98,-1.36,589.6,127802.99,124109.78,106.2979,3.9,71176,4316.303,3.3,37.9948,0.0,83.6765,3.35,36.5,1085.0,1062.0,0.0,37.9,19.377,1,0.0,0.0,0.0,0.0,0.0,0.0,0.0,0.0,0.0,0.0,0.0,0.0,0.0,0.0,0.0,0.0,0.0,0.0,0.0,0.0,0.0,0.0,0.0,0.0,0.0,0.0,0.0,0.0,0.0,0.0,0.0,0.0,0.0,0.0,1.0,0,0,0.0,False
1970-02-01,7.24,0.0,7.13,8.98,-0.15,586.3,128191.15,124388.57,105.6953,4.2,71305,4326.879,3.2,37.9698,0.0,83.3607,3.35,36.7,1305.0,1118.0,78.1,38.1,19.454,1,-0.08000000000000007,0.0,0.0,0.0,0.0,0.0,0.0,0.0,0.0,0.0,0.0,0.0,0.0,0.0,0.0,0.0,0.0,0.0,0.0,0.0,0.0,0.0,0.0,0.006400000000000012,0.0,0.0,0.0,0.0,0.0,0.0,0.0,0.0,0.0,0.0,1.0,1,1,1.0,True
1970-03-01,7.07,0.0,6.63,7.76,-0.58,587.3,128280.0,124371.86,105.4128,4.4,71451,4343.672,3.1,37.9205,0.0,82.9935,3.35,36.7,1319.0,1132.0,0.0,38.3,19.502,1,0.11000000000000032,0.0,0.0,0.0,0.0,0.0,0.0,0.0,0.0,0.0,0.0,0.0,0.0,0.0,0.0,0.0,0.0,0.0,0.0,0.0,0.0,0.0,0.0,0.0,0.0,0.0,0.0,0.0,0.0,0.0,0.0,0.0,0.0,0.0,1.0,1,0,1.0,True
1970-04-01,7.39,0.0,6.51,8.1,-0.7,588.4,128374.72,124341.19,105.6766,4.6,71348,4386.888,3.0,37.823,0.0,82.5235,3.35,36.8,1264.0,1224.0,0.0,38.5,19.601,1,0.4400000000000004,0.0,0.0,0.0,0.0,0.0,0.0,0.0,0.0,0.0,0.0,0.0,0.0,-0.6966666666666667,0.0,0.0,0.0,0.0,0.0,0.0,0.0,0.0,0.0,0.0,0.0,0.0,0.0,0.0,0.0,0.0,0.0,0.0,0.0,0.0,1.0,0,0,0.0,False
1970-05-01,7.91,0.0,6.84,7.95,-0.32,591.5,128534.04,124396.14,106.0118,4.8,71124,4361.776,3.0,37.7789,0.0,82.1724,3.35,36.8,1290.0,1328.0,75.4,38.6,19.663,1,0.8799999999999999,0.0,0.0,0.0,0.0,0.0,0.0,0.0,0.0,0.0,0.0,0.0,0.0,-0.4766666666666666,0.0,0.0,0.0,0.0,0.0,0.0,0.0,0.0,0.0,0.0,0.0,0.0,0.0,0.0,0.0,0.0,0.0,0.0,0.0,0.0,1.0,0,0,0.0,False
1970-06-01,7.84,0.0,6.68,7.61,-0.27,595.2,129185.43,124905.34,106.8358,4.9,71029,4375.408,2.9,37.6567,0.0,81.6542,3.35,36.9,1385.0,1322.0,0.0,38.8,19.714,1,1.0700000000000003,0.0,0.0,0.0,0.0,0.0,0.0,0.0,0.0,0.0,0.0,0.0,0.0,-0.5333333333333333,0.0,0.0,0.0,0.0,0.0,0.0,0.0,0.0,0.0,0.0,0.0,0.0,0.0,0.0,0.0,0.0,0.0,0.0,0.0,0.0,1.0,0,0,0.0,False
1970-07-01,7.46,0.0,6.45,7.21,0.0,599.1,129856.91,125434.01,107.677,5.0,71053,4399.934,3.0,37.7491,0.0,81.6031,3.31,37.1,1517.0,1324.0,0.0,38.9,19.786,1,1.1600000000000001,0.0,0.0,0.0,0.0,0.0,0.0,0.0,0.0,0.0,0.0,0.0,0.0,-0.43,0.0,0.0,0.0,0.0,0.0,0.0,0.0,0.0,0.0,0.0,0.0,0.0,0.0,0.0,0.0,0.0,0.0,0.0,0.0,0.0,1.0,0,0,0.0,False
1970-08-01,7.53,0.0,6.41,6.62,-0.56,604.9,130184.6,125642.21,108.5407,5.1,70937,4411.13,2.9,37.6818,0.0,81.208,3.31,36.9,1399.0,1394.0,77.6,39.0,19.838,1,1.0099999999999998,0.0,0.0,0.0,0.0,0.0,0.0,0.0,0.0,0.0,0.0,0.0,0.0,-0.19666666666666668,0.0,0.0,0.0,0.0,0.0,0.0,0.0,0.0,0.0,0.0,0.0,0.0,0.0,0.0,0.0,0.0,0.0,0.0,0.0,0.0,1.0,0,0,0.0,False
1970-09-01,7.39,0.0,6.12,6.29,-0.64,611.2,130850.83,126164.17,109.5289,5.4,70944,4408.024,2.7,37.4221,0.0,80.4019,3.31,37.1,1534.0,1426.0,0.0,39.2,19.927,1,1.12,0.0,0.0,0.0,0.0,0.0,0.0,0.0,0.0,0.0,0.0,0.0,0.0,-0.27666666666666667,0.0,0.0,0.0,0.0,0.0,0.0,0.0,0.0,0.0,0.0,0.0,0.0,0.0,0.0,0.0,0.0,0.0,0.0,0.0,0.0,1.0,0,0,0.0,False
1970-10-01,7.33,0.0,5.91,6.2,-1.81,616.4,131113.07,126277.15,109.774,5.5,70521,4392.764,2.7,36.6735,0.0,78.5535,3.31,37.1,1580.0,1564.0,0.0,39.4,20.026,1,1.2699999999999996,0.0,0.0,0.0,0.0,0.0,0.0,0.0,0.0,0.0,0.0,0.0,0.0,-0.4000000000000001,0.0,0.0,0.0,0.0,0.0,0.0,0.0,0.0,0.0,0.0,0.0,0.0,0.0,0.0,0.0,0.0,0.0,0.0,0.0,0.0,1.0,0,0,0.0,False
1970-11-01,6.84,0.0,5.28,5.6,-1.03,621.1,130807.43,125892.46,110.1744,5.9,70409,4388.306,2.6,36.4514,0.0,77.8407,3.31,37.1,1647.0,1502.0,72.4,39.6,20.105,1,1.42,0.0,0.0,0.0,0.0,0.0,0.0,0.0,0.0,0.0,0.0,0.0,0.0,-1.0033333333333334,0.0,0.0,0.0,0.0,0.0,0.0,0.0,0.0,0.0,0.0,0.0,0.0,0.0,0.0,0.0,0.0,0.0,0.0,0.0,0.0,0.0,0,0,0.0,False
1970-12-01,6.39,0.0,4.87,4.9,1.66,626.6,131551.55,126590.09,111.3578,6.1,70792,4403.338,2.5,37.2885,0.0,79.3872,3.56,37.1,1893.0,1767.0,0.0,39.8,20.194,0,1.5599999999999996,0.0,0.0,0.0,0.0,0.0,0.0,0.0,0.0,0.0,0.0,0.0,0.0,-1.1600000000000001,0.0,0.0,0.0,0.0,0.0,0.0,0.0,0.0,0.0,0.0,0.0,0.0,0.0,0.0,0.0,0.0,0.0,0.0,0.0,0.0,0.0,0,0,0.0,False
1971-01-01,6.24,0.0,4.44,4.14,0.57,633.0,134164.06,126995.07,111.5479,5.9,70865,4441.241,2.8,37.5753,0.0,79.7753,3.56,37.3,1828.0,1643.0,0.0,39.9,20.237,0,1.5199999999999996,0.0,0.0,0.0,0.0,0.0,0.0,0.0,-4.289299999999997,0.0,0.0,0.0,0.0,-0.39333333333333337,0.0,0.0,0.0,0.0,0.0,0.0,0.0,0.0,0.0,0.0,0.0,0.0,0.0,0.0,0.0,0.0,0.0,0.0,0.0,0.0,0.0,0,0,0.0,False
1971-02-01,6.11,0.0,3.7,3.72,0.0,641.0,134932.92,127700.05,111.8951,5.9,70807,4450.084,2.8,37.5037,0.0,79.4216,3.56,37.7,1741.0,1588.0,78.1,39.9,20.296,0,1.7999999999999998,0.0,-4.840000000000001,-0.00436945037653147,0.028945604606534836,-0.1515151515151515,-0.011040984555781286,0.0,-3.585399999999993,0.0626865671641792,0.021917808219177992,0.6847926267281106,0.5470809792843692,0.3999999999999999,0.07360922659430114,0.0497724661997343,0.023247885863628248,0.04938949875773657,0.05277044854881274,0.04438251535325377,0.0,-0.35626865671641755,0.0,0.0,0.08959043915952174,0.0,0.0,-4.913609226594302,0.0,0.0,4.087229551451187,0.0,0.0,0.0,0.0,0,0,0.0,False
1971-03-01,5.7,0.0,3.38,3.71,-0.05,649.9,135736.29,128438.74,111.9877,6.0,70860,4464.048,2.8,37.4631,0.0,79.1348,3.56,37.8,1910.0,1759.0,0.0,40.0,20.363,0,2.41,0.0,-5.26,-0.006984082462660357,0.028474334502998522,-0.1250000000000001,-0.012275545301792423,0.0,-3.5718999999999994,0.0626865671641792,0.027247956403269713,0.3340996168582375,0.4203935599284436,0.7433333333333332,0.09329694695548363,0.05259154005561251,0.02662206021019453,0.058657291289205826,0.04724409448818889,0.04328158733422427,0.0,-0.49074194098584384,0.0,0.0,0.12674561153402614,0.0,0.0,-5.353296946955483,0.0,-0.028474334502998522,3.6727559055118113,0.0,0.0,0.0,0.0,0,0,0.0,False
1971-04-01,5.83,0.0,3.86,4.16,0.47,658.4,136992.53,129532.62,112.1496,5.9,71036,4475.918,2.8,37.6735,0.0,79.3783,3.56,37.9,1986.0,1745.0,0.0,40.1,20.443,0,2.3200000000000003,0.0,-4.05,-0.008271402779527204,0.027712958068657256,-0.09677419354838723,-0.012062077240542757,0.0,-3.3887,0.0626865671641792,0.029972752043596618,0.4480667172100077,0.5538869257950529,0.1733333333333333,0.10658947726885759,0.05812511693171185,0.032699358198872375,0.0623728807127788,0.044386422976501416,0.04414931801866473,0.0,-0.4316873829388732,0.0,0.0,0.1348502712815715,0.0,0.0,-4.156589477268858,0.0,-0.027712958068657256,3.6656135770234988,0.0,0.0,0.0,0.0,0,0,0.0,False
1971-05-01,6.39,0.0,4.14,4.63,0.45,666.7,137840.93,130198.92,113.0615,5.9,71247,4493.209,2.9,37.8646,0.0,79.5802,3.56,38.1,2049.0,1972.0,80.2,40.3,20.528,0,1.9700000000000002,0.0,-3.9399999999999995,-0.004372932668049612,0.020294568723888018,-0.06666666666666676,-0.003952621420828639,0.0,-2.7941000000000003,0.0626865671641792,0.029891304347826164,0.5712025316455696,0.42565359477124187,0.13999999999999999,0.1189666893269885,0.06713011720687678,0.04175149039509751,0.061252916918220324,0.04155844155844157,0.04295699199020464,0.0,-0.46872875594833463,-0.11359009508254103,0.0,0.13224633089754728,-3.4822915181420555e-06,0.007088363134952647,-4.058966689326988,0.0,-0.020294568723888018,4.118441558441559,0.031212006990371854,0.017357651007142483,0.0,0.0,0,0,0.0,False
1971-06-01,6.52,0.0,4.75,4.91,0.41,673.0,138768.93,131029.09,114.1265,5.9,71254,4577.424,2.9,38.0234,0.0,79.7132,3.56,38.2,2026.0,1903.0,0.0,40.5,20.619,0,2.25,0.0,-3.3200000000000003,0.0017293740509531919,0.03013290916360667,-0.033333333333333326,0.002268462025098783,0.0,-2.073999999999998,0.0626865671641792,0.03532608695652195,0.5883720930232559,0.4849397590361446,0.29,0.1271344040574811,0.07240797846235902,0.046647588904285886,0.06649920103233797,0.04404145077720201,0.04399125260641812,0.06366047745358094,-0.4220862214708373,0.25427247616501836,0.0,0.1629179515403078,0.008713456513613549,0.014544007326891206,-3.4471344040574814,0.0,0.033527568289974274,4.585958549222798,0.9132026437109864,0.019816438406746517,0.0,0.0,0,0,0.0,False
1971-07-01,6.73,0.0,5.4,5.31,-0.13,679.6,139908.02,132007.17,114.3772,6.0,71315,4520.323,2.9,37.9131,0.0,79.2827,3.56,38.3,2083.0,2069.0,0.0,40.6,20.681,0,1.7699999999999996,0.0,-2.7,0.0031677202269495552,0.04617077995926322,0.0,0.009737974915486447,0.0,-1.8898999999999972,0.0626865671641792,0.035230352303523116,0.4628158844765342,0.43948562783661127,0.44333333333333336,0.13071236559139776,0.07418406239774877,0.04902712726293368,0.06824210611049852,0.04381443298969079,0.04590646241249874,0.06366047745358094,-0.35292338709677396,0.01474916726652653,0.0,0.1313057904440153,0.011439123006476759,0.021800052156029204,-2.830712365591398,0.0,0.017489697494317724,4.86618556701031,1.2005719899868108,0.016058945466036922,0.0,0.0,0,0,0.0,False
1971-08-01,6.58,0.0,4.94,5.57,-0.05,685.5,141252.09,133207.31,115.6802,6.1,71373,4535.789,2.9,37.693,0.0,78.6255,3.56,38.5,2158.0,2004.0,82.1,40.7,20.741,0,1.33,0.0,-1.9000000000000004,0.003687388287616278,0.02736154678683822,-0.033333333333333326,0.004344474437801171,0.0,-1.925299999999993,0.07552870090634434,0.032345013477088846,0.37310481212920243,0.5626888217522659,0.24333333333333332,0.13436821899515938,0.07740142592334887,0.052403331440970646,0.062224987694679434,0.04370179948586128,0.04523400384109966,0.06366047745358094,-0.25529961609080287,-0.19809771951636712,0.0,0.10294389647805399,0.00806032095566589,0.00829709585862981,-2.0343682189951595,0.0,0.036298930666742724,5.2662982005141385,1.14785664207258,0.010271308716472083,0.0,0.0,0,0,0.0,False
1971-09-01,6.14,0.0,4.69,5.55,1.02,692.5,142766.57,134535.82,116.6745,6.0,71614,4562.531,2.8,38.3056,0.0,79.7041,3.56,38.3,2041.0,1996.0,0.0,40.8,20.772,0,1.6399999999999997,0.0,-1.0499999999999998,0.0061462988285378994,0.028260105687204717,0.0,0.00029722571639356765,0.0,-1.7763999999999953,0.07552870090634434,0.04336043360433606,0.5425303788420299,0.4375896700143471,0.07666666666666666,0.13324516448999835,0.08501381883878723,0.06021145282305995,0.06577716930146948,0.04358974358974366,0.04551870148200421,0.0579896907216495,-0.13990742271449824,-0.04584171418122596,0.0,0.13942266289561103,0.004416924777584708,-0.0019712363087052154,-1.1832451644899982,0.0,0.029729585034444783,5.526410256410257,0.9404517071874592,0.012605840376428201,0.0,0.0,0,0,0.0,False
1971-10-01,5.93,0.0,4.46,5.2,0.44,698.4,143926.76,135613.18,117.268,5.8,71642,4575.168,2.9,38.5924,0.0,80.1009,3.56,38.3,2128.0,2026.0,0.0,40.9,20.804,0,1.4499999999999993,0.0,-0.7400000000000002,0.009444068561118568,0.03505130643571808,0.03703703703703698,0.0236090438537655,0.0,-0.07120000000000459,0.07552870090634434,0.032345013477088846,0.3305084745762712,0.399719495091164,0.28,0.13301701570680624,0.09106354159159702,0.06635521004101252,0.06523940256863714,0.04081632653061207,0.042404777437647256,0.0579896907216495,-0.09843259162303665,-0.13230740990026302,0.0,0.1320421353078156,0.006276348334169013,0.013871068938279052,-0.8730170157068065,0.0,0.022938384285931424,5.509183673469388,0.6429981064590784,0.016879479193848246,0.0,0.0,0,0,0.0,False
1971-11-01,5.81,0.0,4.22,4.91,0.66,704.6,145634.84,137328.97,117.8104,6.0,71847,4598.431,2.9,38.7561,0.0,80.2412,3.56,38.3,2182.0,2079.0,82.0,41.0,20.847,0,1.4699999999999998,0.0,-1.0,0.0158959742488054,0.041523742226989624,0.07407407407407396,0.05232388509414165,0.0,0.0,0.07552870090634434,0.032345013477088846,0.34683544303797476,0.2953964194373402,0.47000000000000003,0.13303049967553537,0.09773007374474574,0.07393285325175625,0.06826753147375508,0.038071065989847774,0.03884949565564755,0.0579896907216495,-0.13303049967553537,-0.02626936909122768,0.0,0.1436632084047762,0.012208585961189122,0.04797941065634048,-1.1330304996755354,0.0,0.016465948494659877,5.161928934010152,-0.10436926650398615,0.020328647821396872,0.0,0.0,0,0,0.0,False
1971-12-01,5.93,0.0,4.01,4.14,0.86,710.3,146930.18,138684.84,117.7961,6.0,72109,4622.5,3.0,39.2035,0.0,80.9666,3.56,38.6,2295.0,2133.0,0.0,41.1,20.929,0,1.5899999999999999,0.0,-0.6899999999999995,0.0204235254015821,0.047882941618018426,0.11538461538461542,0.06322665247425352,0.0,0.0,0.07552870090634434,0.032345013477088846,0.32483302975106243,0.38415446071904125,0.7066666666666667,0.13443889872806314,0.11335296473602452,0.0908434865757648,0.0693082966641978,0.03535353535353525,0.03690624222830152,0.1325966850828728,-0.0927628401223635,-0.2176973490909675,0.0,0.18023121393027897,0.0142772265730442,0.06292942675785995,-0.8244388987280626,0.0,0.08471374346485439,4.874646464646465,-0.6517637917637922,0.028339145897237294,0.0,0.0,0,0,0.0,False
1972-01-01,5.95,0.0,3.38,3.51,1.45,717.7,147660.48,139568.47,118.1645,5.8,72441,4644.778,3.0,40.1408,36.0361,82.6938,3.56,38.8,2494.0,2238.0,0.0,41.2,21.015,0,1.92,0.0,-0.7600000000000007,0.018603797039213443,0.049771786767220716,0.19999999999999996,0.05135631629054527,0.0,0.0,0.0,0.040431266846361114,0.21236133122028522,0.20713073005093374,0.6533333333333333,0.13357804021704434,0.1169019293197231,0.0955426289688237,0.05781633617043447,0.03266331658291466,0.03639694958898687,0.1325966850828728,-0.10151931056495378,-0.11814714335598597,0.0,0.22445170429386835,0.009159728478094875,0.02774727243677977,-0.893578040217045,0.0,0.0828248983156521,4.107336683417085,-1.4018469900523032,0.025838387728126078,0.0,0.0,0,0,0.0,False
1972-02-01,6.08,0.0,3.2,3.3,0.4,725.7,148924.54,140830.72,118.8982,5.7,72648,4682.524,3.2,40.5459,36.3103,83.3296,3.56,39.2,2390.0,2169.0,92.8,41.4,21.098,0,2.5700000000000003,0.0,-0.6299999999999999,0.02223946941367383,0.04582885729461661,0.0714285714285714,0.0682762346541479,0.0,0.0,0.0,0.04021447721179627,0.3643326039387309,0.3621424223980523,0.9900000000000001,0.13380726698262246,0.1005963892267423,0.09900699294862392,0.059316221999696994,0.03258145363408538,0.03844443346345816,0.1325966850828728,-0.08429857819905213,0.017497160900756148,0.0,0.2585327203127277,0.006343495164868429,0.01595234956000624,-0.7638072669826224,0.0,0.0867678277882562,3.4774185463659144,-1.684510387644238,0.002866315481996562,0.0,0.0,0,0,0.0,False
1972-03-01,6.07,0.0,3.73,3.83,1.06,733.5,150771.06,142535.76,119.691,5.8,72944,4712.202,3.2,40.8263,36.5521,83.7028,3.56,39.2,2334.0,2105.0,0.0,41.4,21.128,0,2.88,0.0,-0.4200000000000004,0.02600025421215424,0.052232721899182266,0.14285714285714302,0.08111732975679731,0.0,0.0,0.0,0.039787798408488007,0.37277426766226296,0.3658690176322419,0.9033333333333333,0.1321372854914198,0.1036931536055099,0.10282431369447398,0.06258629734456655,0.03759398496240607,0.039515175404020386,0.1882202304737517,-0.05549765990639636,0.04794123791120053,0.0,0.2986362823838685,0.00557672881057214,0.017890677282543788,-0.5521372854914202,0.0,0.13598750857456943,3.2624060150375938,-1.612240449608871,-0.009659811130514617,0.0,0.0,0,0,0.0,False
1972-04-01,6.19,0.0,3.71,4.17,0.76,738.4,152321.95,143894.0,121.2319,5.7,73162,4718.611,3.5,41.2348,36.9727,84.3315,3.56,39.3,2249.0,2139.0,0.0,41.5,21.16,0,2.3400000000000003,0.0,0.1200000000000001,0.0294101044312729,0.055589456027354656,0.14285714285714302,0.08977367062522879,0.0,0.0,0.0,0.0370370370370372,0.22198952879581157,0.19670267197271185,0.9700000000000001,0.12863517464225271,0.11076455677402097,0.10975676030456238,0.06878701857436131,0.03499999999999992,0.03756813829003591,0.1882202304737517,0.01543622095707034,0.009628197575526354,0.0,0.25918906285120913,0.010806307392059455,0.03841735433468352,-0.008635174642252608,0.0,0.13263077444639704,3.795,-0.31233668341708487,-0.006137372545702124,0.0,0.0,0,0,0.0,False
1972-05-01,6.13,0.0,3.69,4.27,0.52,743.3,154199.49,145621.23,122.692,5.7,73469,4738.426,3.4,41.2405,37.0413,84.1324,3.56,39.5,2221.0,2067.0,88.6,41.6,21.207,0,2.4800000000000004,0.0,0.009999999999999787,0.029928486964356127,0.05422194955314197,0.25,0.09453063824704366,0.0,0.0,0.0,0.03693931398416872,0.1324269889224572,0.22578796561604575,0.7399999999999999,0.12150668286755772,0.1118996780335395,0.11087075981324235,0.08098379307639081,0.034912718204488824,0.035073130166805244,0.1882202304737517,0.0012150668286755512,-0.23190561501627371,0.0,0.27751120152317804,0.007689017550682298,0.02625440359289577,-0.11150668286755794,0.0,0.13399828092060972,4.135087281795511,0.6576687354295965,0.011303288806797207,0.0,0.0,0,0,0.0,False
1972-06-01,6.11,0.0,3.91,4.46,0.52,749.7,156153.01,147367.3,123.7672,5.7,73758,4751.74,3.4,41.3497,37.153,84.14,3.56,39.7,2254.0,2183.0,0.0,41.7,21.239,0,2.44,0.0,-0.3600000000000003,0.03118727806083066,0.05457502644546475,0.17241379310344818,0.08915715470386565,0.0,-0.1991000000000014,0.0,0.03674540682414684,0.08394338701805748,0.04817444219066935,0.7799999999999999,0.1148942552872354,0.11867708669696286,0.1184519042093437,0.08517930506848037,0.032258064516129226,0.03307677318784119,0.10473815461346625,-0.04136193190340478,-0.2888308806442055,0.0,0.2895720915405894,0.00518702384867642,0.008039824947068341,-0.4748942552872357,0.0,0.0501631281680015,4.237741935483871,0.9753359204462768,0.014983933091452961,0.0,0.0,0,0,0.0,False
1972-07-01,6.11,0.0,3.98,4.55,-0.05,759.5,157279.92,148321.93,124.6817,5.6,73709,4780.516,3.4,41.3035,37.1417,83.8269,3.56,40.0,2252.0,2195.0,0.0,41.8,21.315,0,2.2,0.0,-0.4500000000000002,0.03514188677126895,0.038081680875531765,0.17241379310344818,0.08748034105314084,0.0,-0.1915000000000049,0.0,0.03926701570680624,0.11253701875616984,0.1471361008933263,0.6,0.11396731054977716,0.1252735752880707,0.12469147118399437,0.08447380757317546,0.029629629629629672,0.03006935350889961,0.10473815461346625,-0.051285289747399744,-0.10945251003964174,0.0,0.27560186563375555,0.00573178233999605,-0.002293329572087943,-0.5639673105497773,0.0,0.06665647373793449,4.430370370370371,0.6353703703703708,0.014509018514049732,0.0,0.0,0,0,0.0,False
1972-08-01,6.21,0.0,4.02,4.81,1.53,768.7,158939.36,149806.2,126.0083,5.6,74141,4824.896,3.4,41.879,37.6426,84.7662,3.56,40.1,2382.0,2263.0,95.2,41.9,21.377,0,2.1300000000000003,0.0,-0.7599999999999998,0.03356937530673765,0.05756070971034566,0.17241379310344818,0.08942555475548031,0.0,-0.5046000000000106,0.0,0.044386422976501416,0.0811329812770043,0.060898985016916374,0.33,0.1175691583284284,0.12416657744137916,0.12358995348510216,0.09009225614895278,0.029556650246305383,0.030656157826023822,0.10473815461346625,-0.08935256032960556,-0.05129400764545289,0.0,0.26447480995013767,0.003640888342381521,-0.005105083491563356,-0.8775691583284282,0.0,0.04717744490312059,4.520443349753695,0.3853560679581838,0.012266899407839649,0.0,0.0,0,0,0.0,False
1972-09-01,6.55,0.0,4.66,4.87,0.91,778.3,160553.29,151245.55,126.9574,5.5,74264,4843.175,3.6,42.2132,37.9199,85.2041,3.56,40.2,2481.0,2393.0,0.0,42.1,21.473,0,2.1900000000000004,0.0,-0.7600000000000007,0.03878217253022842,0.06373907604608586,0.17241379310344818,0.11105510306953548,0.0,0.0,0.0,0.04155844155844157,0.10379981464318822,0.1292415169660679,0.6666666666666666,0.12137126185266234,0.12521775783990163,0.1246094527394932,0.08928148464473606,0.029484029484029284,0.03066390241550554,0.15956151035322796,-0.09224215900802346,0.019856427625130735,0.0,0.27422688966938463,0.007594894469397762,0.021897948365669828,-0.881371261852663,0.0,0.0958224343071421,4.78051597051597,0.5427740350320995,0.00654067114293877,0.0,0.0,0,0,0.0,False
1972-10-01,6.48,0.0,4.74,5.05,1.39,786.9,162225.03,152834.96,129.0908,5.6,74674,4954.863,3.6,42.7494,38.4827,86.0358,3.56,40.1,2485.0,2354.0,0.0,42.2,21.497,0,1.8899999999999997,0.0,-0.6799999999999997,0.03700393777752953,0.06151059576362328,0.2857142857142858,0.1020111941857067,0.0,0.0,0.0,0.04960835509138395,0.21558059774620286,0.19889779559118237,0.7966666666666667,0.12389891696750888,0.12458602878811198,0.1242028331190903,0.08813322534058443,0.031862745098039325,0.03374735220489122,0.15956151035322796,-0.084251263537906,0.10304357899003302,0.0,0.2354675944095316,0.0018620510062605788,0.014530853132565857,-0.8038989169675086,0.0,0.09805091458960469,4.838137254901961,0.4077668845315898,-0.0006875464999587244,0.0,0.0,0,0,0.0,False
1972-11-01,6.28,0.0,4.78,5.06,1.32,793.9,164101.59,154699.79,131.5901,5.3,74973,5005.278,3.7,43.2548,38.9812,86.7902,3.56,40.3,2421.0,2234.0,90.7,42.4,21.561,0,1.7400000000000002,0.0,-0.15000000000000036,0.04232154322883219,0.08299039510680273,0.24137931034482762,0.10771550875301883,0.0,0.0,0.0,0.04699738903394257,0.16776315789473695,0.16189536031589347,1.2766666666666666,0.12671821305841924,0.12713598221762235,0.12699193396983977,0.10081863765051002,0.03178484107579482,0.03331090174966356,0.15956151035322796,-0.01900773195876293,0.08663017661773265,0.0,0.22121660905866292,0.008752167922094545,0.01828995399753852,-0.2767182130584196,0.0,0.07657111524642524,5.018215158924205,0.49777180917051034,0.0029694047762431897,0.0,0.0,0,0,0.0,False
1972-12-01,6.36,0.0,5.07,5.33,1.23,802.3,166189.1,156809.86,133.1093,5.2,75268,5023.731,3.7,43.7367,39.5366,87.4839,3.56,41.1,2366.0,2419.0,0.0,42.5,21.63,0,1.5,0.0,0.14999999999999947,0.04350912355421932,0.08847517772909952,0.27586206896551735,0.11607721107128932,0.0,0.0,0.0,0.052219321148825104,0.10953253895508697,0.07455507455507449,1.2066666666666668,0.1267385750780583,0.12680173233273018,0.12649057223687032,0.11696505571664306,0.034146341463414664,0.03424953230680661,0.10609756097560985,0.019010786261708677,0.005732724311898751,0.0,0.19020259849909527,0.0047269510239909,0.005022108001753844,0.023261424921941165,0.0,0.01762238324651033,5.025853658536585,0.24533768802061484,0.0015839744928285437,0.0,1.0,0,0,0.0,False
1973-01-01,6.46,0.0,5.41,5.94,1.1,810.3,169294.67,159913.81,135.4135,4.9,75617,5003.812,3.8,44.0529,39.8364,87.8373,3.56,41.6,2481.0,2271.0,0.0,42.7,21.695,0,1.29,0.0,1.1900000000000004,0.04380867852833914,0.08679956733369387,0.2333333333333334,0.11563253280957064,0.0,0.0,0.0,0.06476683937823835,0.030936819172113328,0.13408345053914683,1.3133333333333332,0.12952273687174443,0.1310753175419781,0.1306921506344889,0.12999751265109794,0.03406326034063256,0.03349419465812997,0.10609756097560985,0.1541320568773759,-0.18464377857408953,0.0,0.16908715962915175,0.0068047407508096125,0.013621338623863943,1.060477263128256,0.0,0.019297993641915978,5.295936739659368,0.45779948475740717,0.006489288753866118,0.0,1.0,0,0,0.0,False
1973-02-01,6.64,0.0,5.6,6.58,1.26,814.1,171601.83,162096.12,140.7983,5.0,76014,5022.151,3.9,44.6827,40.4666,88.8026,3.56,42.4,2289.0,2226.0,81.9,43.0,21.809,0,1.0499999999999998,0.0,2.4300000000000006,0.04384257533717095,0.07729841985989427,0.2666666666666666,0.09745944276147966,0.10545813781180535,0.0,0.0,0.07216494845360844,-0.005212510024057759,0.014745308310991856,1.2166666666666668,0.12902326877525416,0.1465130683578979,0.14577318215210067,0.14597446779701184,0.03640776699029136,0.03235783963835348,0.10609756097560985,0.3135265431238677,-0.1729756679187947,0.0,0.15383872177579277,0.0015210321083387601,-0.010256065991539165,2.3009767312247464,0.0,0.028799141115715576,5.903592233009709,0.885377074085504,0.019377086140275557,0.0,1.0,0,0,0.0,False
1973-03-01,6.71,0.0,6.09,7.09,0.48,815.3,173908.94,164253.28,144.9576,4.9,76284,5028.119,3.8,44.7045,40.5415,88.5495,3.56,43.4,2365.0,2062.0,0.0,43.4,21.964,0,1.04,0.0,3.2800000000000002,0.04633300297324072,0.07253075478096838,0.21875,0.10202757862077294,0.11446614321556137,0.0,0.0,0.08163265306122436,-0.04225941422594137,0.026279391424619547,1.1966666666666665,0.12181342152404562,0.1522736951210324,0.15099972505998682,0.18419202309202332,0.03864734299516903,0.03369987676557029,-0.11745689655172409,0.3995480225988697,-0.15179195318102834,0.0,0.15836464292587368,0.0028238794190214023,-0.01404963245051638,3.158186578475955,0.0,-0.18998765133269246,6.541352657004831,1.5154989984682459,0.025471962788302216,0.0,1.0,0,0,0.0,False
1973-04-01,6.67,0.0,6.26,7.12,0.09,819.7,175762.68,165937.83,147.5343,5.0,76455,5037.899,4.0,44.6387,40.4817,88.12,3.56,43.6,2084.0,1908.0,0.0,43.7,22.127,0,0.6200000000000001,0.0,3.26,0.04578855012064054,0.06704232967941515,0.18749999999999978,0.09499268853655618,0.10914283994626839,-0.25310000000000343,0.0,0.10714285714285698,0.013281919451585189,-0.02042755344418057,0.9466666666666668,0.11152010906612131,0.1534636686907953,0.15236541342326992,0.21109857884051442,0.048309178743961345,0.03956834532374098,-0.11745689655172409,0.36355555555555547,-0.01765489972052814,0.0,0.0951474745882931,0.0019798715923013965,-0.020639844273014463,3.1484798909338787,-0.25310000000000343,-0.18449922623113924,7.041690821256038,1.7457540815966706,0.02238835114881721,0.0,1.0,0,0,0.0,False
1973-05-01,6.85,0.0,6.36,7.84,0.48,826.8,178127.95,168084.27,149.9659,4.9,76648,5059.894,3.8,44.9429,40.7559,88.4157,3.56,44.5,2266.0,1931.0,77.0,43.9,22.236,0,0.41000000000000014,0.0,2.95,0.045009704491402625,0.06766567534386714,0.1428571428571428,0.08254920601045712,0.09490786445133814,-0.6825999999999937,0.0,0.10941475826972025,-0.07336594041796352,-0.1079943899018233,0.61,0.11010292524377041,0.15388937707270678,0.15319492126148404,0.21695939765028838,0.053012048192771166,0.045699432892249536,-0.11745689655172409,0.3248036294691227,-0.06815343039390576,0.0,0.0630946445998098,0.001167129154231672,-0.014910236751022543,2.8398970747562298,-0.6825999999999937,-0.18512257189559123,7.066987951807229,1.1633957187975197,0.007376308714808877,0.0,1.0,0,0,0.0,False
1973-06-01,6.9,0.0,7.19,8.49,0.24,833.2,180429.27,170082.2,152.8292,4.9,76887,5074.122,3.8,45.0035,40.7705,88.2262,3.56,45.5,2067.0,2051.0,0.0,44.2,22.363,0,0.4899999999999993,0.0,3.5700000000000003,0.043269950591405815,0.06784278154813439,0.11764705882352944,0.0897758271601945,0.10028265746612552,-0.38689999999999714,0.0,0.12658227848101267,0.020261143628995892,-0.06579583938074507,0.3499999999999999,0.11233687609309828,0.15517859365163944,0.15425662865229173,0.2222956671991656,0.05528846153846145,0.04852171452822174,-0.13092550790067714,0.4010426476523609,0.06252055785493726,0.0,0.07603751088930322,-0.0030630523818349076,-0.012251751460578442,3.457663123906902,-0.38689999999999714,-0.19876828944881153,7.784711538461538,1.2433588814567074,0.0029048985306070474,0.0,1.0,0,0,0.0,False
1973-07-01,7.13,0.0,8.01,10.4,0.53,836.5,182318.2,171787.46,155.3291,4.8,76913,5089.133,3.8,45.1636,40.9505,88.2329,3.56,44.9,2123.0,1819.0,0.0,44.2,22.444,0,-0.29000000000000004,0.0,4.03,0.04242251687952492,0.06784504202671027,0.11764705882352944,0.08836339804158211,0.09736764191316993,-0.5763999999999925,0.0,0.1460957178841309,-0.08296362023070103,-0.06046724690792482,0.26999999999999996,0.11137788448712826,0.1554645664531218,0.1541379939783114,0.23481180797497214,0.05995203836930463,0.052921512312255725,-0.13092550790067714,0.44885287448312694,-0.09624553968228622,0.08410000000000002,-0.04508472427140532,-0.003366033241115618,-0.006629290494974072,3.918622115512872,-0.5763999999999925,-0.1987705499273874,8.430047961630695,1.3883571403746569,0.002000897762326481,1.0,1.0,1,1,1.0,True
1973-08-01,7.4,0.0,8.67,10.5,-0.38,838.8,184326.51,173525.75,158.0681,4.8,77168,5074.021,3.7,45.1019,40.843,87.8096,4.31,47.5,2051.0,1809.0,72.0,45.0,22.703,0,-0.8799999999999999,0.0,5.8500000000000005,0.04346823318726334,0.06455725699903536,0.11764705882352944,0.09345697095887773,0.10254781014331593,-0.5696999999999974,0.0,0.12250000000000005,-0.05728241563055059,-0.1712984054669704,0.4166666666666667,0.10138248847926268,0.15919565574550143,0.15820674663551104,0.24580511815286443,0.05741626794258381,0.052967393854093325,-0.13092550790067714,0.5930875576036867,0.01608352478741293,0.7743999999999999,-0.14009217705604124,-0.0015414713041392858,0.010907764948420606,5.748617511520738,-0.5696999999999974,-0.1954827648997125,10.342583732057417,3.275595780250188,0.005306278672794651,1.0,1.0,1,1,1.0,True
1973-09-01,7.09,0.0,8.29,10.78,0.66,839.3,185345.51,174411.96,158.5066,4.8,77276,5104.199,3.8,45.4624,41.1864,88.2111,4.31,46.7,1874.0,1704.0,0.0,45.2,22.793,0,-1.2699999999999996,0.0,5.69,0.040827612252330114,0.051633237275995114,0.08823529411764719,0.07695742496239166,0.08502069463852124,-0.992999999999995,0.21067415730337058,0.1845386533665836,-0.1389588581024349,-0.20061864781263805,0.13,0.0911929231169506,0.1597285279115257,0.1583349020267517,0.25442609732850907,0.07398568019093088,0.062029283809702074,-0.24369747899159666,0.518887732535449,-0.1592200017314308,1.612899999999999,-0.20285523044763756,-0.0024423383390757003,-0.012818402197802836,5.59880707688305,-0.992999999999995,-0.2953307162675918,10.426014319809068,2.6413027813475303,0.004549934259886257,1.0,1.0,1,1,1.0,True
1973-10-01,6.79,0.0,7.22,10.01,1.1,842.6,187476.09,176288.39,159.1694,4.6,77607,5148.7,3.7,45.847,41.6101,88.6604,4.31,46.3,1677.0,1411.0,0.0,45.6,22.922,0,-1.1999999999999993,0.0,5.909999999999999,0.040558009264246575,0.05389522369107036,0.05555555555555558,0.07697118436887052,0.08614210480512874,-0.5914999999999964,0.21067415730337058,0.1616915422885572,-0.24465941152760984,-0.28792310906811536,0.27,0.07837594757805477,0.15441739001424382,0.15317085362180904,0.24850225351180777,0.07363420427553447,0.06147254691938708,-0.24369747899159666,0.46320185018630367,-0.1616957912969088,1.4399999999999984,-0.18530086801709247,-0.0018645076152783435,-0.011392213672711593,5.831624052421945,-0.5914999999999964,-0.297592702682667,10.706365795724466,2.2763178340937706,-0.0010471764388779725,1.0,1.0,1,1,1.0,True
1973-11-01,6.73,0.0,7.83,10.03,0.82,848.9,189308.8,177946.52,159.9353,4.8,77920,5160.48,3.8,46.0553,41.897,88.7722,4.31,46.5,1724.0,1402.0,76.5,45.9,23.11,0,-0.4299999999999997,0.0,4.96,0.039277392398960886,0.03912055691549887,0.0277777777777779,0.07245949650755334,0.08126768651887728,-0.14220000000000255,0.21067415730337058,0.1546134663341645,-0.3251509054325956,-0.4005947323704333,0.46,0.07078408946498915,0.1556545250754462,0.1534559239587594,0.23300343634093212,0.08056872037914697,0.0662883193003676,-0.24369747899159666,0.3510890837463462,-0.26786848980204503,0.18489999999999976,-0.06693144578244181,-0.004190840788302452,-0.020997474451324383,4.889215910535011,-0.14220000000000255,-0.28281803590709553,9.929431279620854,-0.41315245243656307,-0.003541130670055237,1.0,1.0,1,1,1.0,True
1973-12-01,6.74,0.0,7.45,9.95,-0.4,855.5,190086.31,178744.09,161.2113,4.9,78031,5146.807,3.6,45.923,41.9012,88.2372,4.31,47.4,1526.0,1288.0,0.0,46.3,23.3,1,-1.0999999999999996,0.0,4.97,0.03930748402758333,0.031007668305336855,0.027027027027026973,0.06474425959662278,0.07480016007716528,-0.030400000000000205,0.21067415730337058,0.15384615384615397,-0.28789756299049984,-0.3724261414503134,0.86,0.06927824663055793,0.15360734774111573,0.1502699518855195,0.2154052622499718,0.08254716981132071,0.07184267891099672,-0.1565600882028666,0.34431288575387287,-0.14893870488806493,1.2099999999999993,-0.16896808251522724,-0.0015201282247467862,-0.012213165365768885,4.900721753369442,-0.030400000000000205,-0.18756775650820345,9.947452830188679,-0.4785614896203896,-0.006121180170409968,1.0,1.0,1,1,1.0,True
1974-01-01,6.99,0.0,7.77,9.65,-0.22,859.7,191312.47,179985.68,163.0226,5.1,78100,5102.933,3.5,45.6204,41.5515,87.3838,10.11,49.0,1451.0,1331.0,0.0,46.8,23.523,1,-0.71,0.0,4.619999999999999,0.036708827124408705,0.024498923210657608,-0.027027027027027084,0.04998776770995539,0.05980787422287204,-0.5653999999999968,0.21067415730337058,0.15328467153284664,-0.3550295857988166,-0.4675485737908227,0.5066666666666667,0.06630936058830872,0.14379529102690847,0.1398778750264813,0.21111973393294092,0.0894117647058823,0.07720758206195111,-0.1565600882028666,0.30634924591798623,-0.11037017427120677,0.5041,-0.10209465662910501,-0.00384918213983787,-0.026983416658915127,4.55369063941169,-0.5653999999999968,-0.1810590114135242,9.860588235294117,-0.8457775604303492,-0.010622098987335349,1.0,1.0,1,1,1.0,True
1974-02-01,6.96,0.0,7.12,8.97,-0.26,864.2,192515.36,181188.92,164.772,5.2,78254,5072.291,3.4,45.4759,41.373,86.8467,10.11,50.0,1752.0,1360.0,61.8,47.3,23.797,1,-0.7799999999999994,0.0,3.71,0.03283653146779164,0.019809097544032372,-0.07894736842105254,0.03558222046675685,0.04305358917974522,-1.4188000000000045,1.839887640449438,0.17788461538461542,-0.41515517936316004,-0.41391457507705853,0.06666666666666664,0.06096507466370493,0.1300560732360918,0.12551680183218705,0.2038873524427034,0.09601873536299754,0.08425904586310207,-0.1565600882028666,0.2261804270023453,-0.09000427393056443,0.608399999999999,-0.10144373712415153,-0.0064408609311692455,-0.03687727604079649,3.649034925336295,-1.4188000000000045,-0.17636918574689897,9.553981264637002,-0.37545001498385133,-0.025598451839354386,1.0,1.0,1,1,1.0,True
1974-03-01,7.21,0.0,7.96,9.35,0.08,870.1,193357.99,181980.99,168.8168,5.1,78296,5039.098,3.5,45.4777,41.3508,86.6003,10.11,50.6,1555.0,1440.0,0.0,47.8,24.073,1,-0.16000000000000014,0.0,2.3900000000000006,0.029468255847606928,0.009983769902577766,-0.1282051282051282,0.01775183684065662,0.022398718943523743,-1.9254999999999995,1.839887640449438,0.179245283018868,-0.23460026212319796,-0.3890386343216532,-0.29333333333333333,0.06154035130819313,0.12187241826034145,0.11778690322754182,0.1702698114963035,0.09999999999999987,0.09115502774084083,-0.24542124542124555,0.14708143962658163,0.05329730086730189,0.025600000000000046,-0.01949958692165465,-0.0098392281799764,-0.04699242275596616,2.3284596486918074,-1.9558999999999997,-0.2554050153238233,8.870000000000001,-1.0774528301886779,-0.03173492948077428,1.0,1.0,1,1,1.0,True
1974-04-01,7.51,0.0,8.33,10.51,-0.36,872.9,194603.55,183021.12,174.9909,5.1,78382,5036.13,2.9,45.3451,41.1748,86.1121,10.11,51.0,1607.0,1254.0,0.0,48.1,24.243,1,-0.75,0.0,2.26,0.026375124534633754,0.002183520318433274,-0.07894736842105254,0.01729579796217373,0.01996226089315889,-2.1718999999999937,1.839887640449438,0.1658986175115209,-0.34249471458773784,-0.3016488845780795,-0.13333333333333333,0.06721452226174418,0.11183467623918575,0.10792910802146527,0.16459433655082578,0.10138248847926268,0.09602076124567493,-0.24542124542124555,0.15190482031154184,0.012534871211078769,0.5625,-0.08387600717938931,-0.010333702589774951,-0.03269196974778166,2.192785477738256,-2.202299999999994,-0.24760476573967882,9.248617511520736,-0.6119707237733802,-0.03196061478772272,1.0,1.0,1,1,1.0,True
1974-05-01,7.58,0.0,8.23,11.31,0.49,874.6,195869.9,183917.37,177.6309,5.1,78549,5040.703,3.4,45.7044,41.4617,86.5677,10.11,51.8,1426.0,1138.0,72.1,48.6,24.482,1,-0.8200000000000003,0.0,3.3899999999999997,0.025204368582826486,-0.00035113844084611046,-0.275,0.015824833608505617,0.017121316545500864,-2.6601,1.839887640449438,0.16972477064220182,-0.2288867562380038,-0.3427672955974843,-0.17999999999999997,0.06490179333902635,0.10719494035935262,0.10294994215604736,0.18610316380665393,0.10068649885583514,0.0956297735797893,-0.24542124542124555,0.2200170794192993,0.18626842312515624,0.6724000000000004,-0.08789985109466918,-0.007632162884965155,-0.019757386858251236,3.3250982066609733,-2.6905,-0.24507010698039944,10.409313501144165,0.855332236507163,-0.022861132876739187,1.0,1.0,1,1,1.0,True
1974-06-01,7.54,0.0,7.9,11.93,-0.29,877.8,196887.8,184598.24,180.1082,5.4,78604,5037.213,3.3,45.6238,41.4908,86.199,10.11,52.0,1513.0,1086.0,0.0,49.0,24.69,1,-0.6500000000000004,0.0,3.4700000000000006,0.024801690846466995,-0.0037927672002614488,-0.10526315789473684,0.016943721922706434,0.017317738045289133,-2.204499999999996,1.839887640449438,0.16404494382022472,-0.37069726390114743,-0.4106680476437079,0.07000000000000002,0.05781325592646347,0.09960228027100726,0.09419739277208983,0.1844752707115418,0.1070615034168565,0.10100737542723515,-0.06363636363636371,0.20061199806482827,-0.13609700177794948,0.4225000000000005,-0.06474148217615476,-0.004666565001139933,-0.0008081149179501868,3.412186744073537,-2.234899999999996,-0.059843596436102264,11.202938496583144,2.332938496583143,-0.022270137989334193,1.0,1.0,1,1,1.0,True
1974-07-01,7.81,0.0,7.55,12.92,-0.27,881.4,198293.54,185641.86,183.9873,5.5,78636,5057.141,3.3,45.7221,41.4859,86.1814,10.11,54.0,1316.0,1002.0,0.0,49.3,24.872,1,-0.3600000000000003,0.0,3.4399999999999995,0.02233147346105313,-0.007273967791866398,-0.13157894736842102,0.013783372404368555,0.01766718583289384,-2.5732,1.839887640449438,0.1428571428571428,-0.26802128688921145,-0.47050219405168214,-0.05333333333333331,0.05352856457033117,0.09121873629483734,0.0853472027055151,0.17849337692011757,0.10859728506787314,0.10405580646603774,-0.06363636363636371,0.1841382621219392,0.07447342769852638,0.12960000000000024,-0.03283874506614147,-0.004043651073580623,-0.0035124255578051766,3.3864714354296686,-2.6036,-0.056362395844497315,11.821402714932127,2.5727852034113905,-0.020615939944348405,1.0,1.0,1,1,1.0,True
1974-08-01,8.04,0.0,8.96,12.01,-0.73,884.1,199316.8,186290.11,186.3819,5.5,78619,5048.655,3.4,45.2366,41.0948,85.0763,10.11,55.9,1142.0,917.0,64.4,49.9,25.132,1,0.2599999999999998,0.0,2.5199999999999996,0.022401934653439648,-0.0062863360026158555,-0.13157894736842102,0.012366153273875247,0.013074321436856717,-2.5908000000000015,1.839887640449438,0.20267260579064583,-0.38012246820536977,-0.4491478834524464,-0.023333333333333317,0.0536760310818889,0.0876233968961957,0.080648494366236,0.184499878000967,0.1153846153846152,0.10818036000712894,-0.06363636363636371,0.13526359832636,-0.15123571196736596,0.0,0.022782083193010862,-0.0028024339293868383,-0.0034586803346303707,2.4663239689181107,-2.6212000000000018,-0.05735002763374786,12.804615384615385,2.3953018834712196,-0.019571543463156926,0.0,1.0,0,0,0.0,False
1974-09-01,8.04,0.0,8.06,11.34,-0.86,887.9,199617.12,186366.2,187.9941,5.9,78610,5043.366,3.2,45.2365,41.1427,84.8954,10.11,55.9,1150.0,840.0,0.0,50.6,25.393,1,-0.9200000000000017,0.0,1.5099999999999998,0.0188031308314327,-0.004999190976939238,-0.08108108108108114,0.002986570410559164,0.0061650711260190505,-3.6958999999999946,1.3457076566125292,0.1768421052631579,-0.44319843978547047,-0.4930901050304035,-0.43,0.05400572246065827,0.08132465590543636,0.07355888103062513,0.17912406108506418,0.10888888888888881,0.10699026560366476,-0.10555555555555551,0.08154864091559397,-0.07250117588432303,0.8464000000000031,-0.07481868343300159,-0.005998560015034293,-0.01395715151214727,1.4559942775393415,-3.726299999999995,-0.10055636457861628,11.901111111111112,0.6981726145279676,-0.0182776243655709,1.0,1.0,1,1,1.0,True
1974-10-01,7.9,0.0,7.46,10.06,-1.1,893.3,199534.77,186004.12,189.2302,6.0,78630,5059.64,3.1,45.1133,40.8692,84.4923,11.16,56.9,1070.0,824.0,0.0,51.0,25.575,1,-0.02000000000000135,0.0,0.5600000000000005,0.01726279828148458,-0.011918226542499522,-0.1578947368421052,-0.004968941366931823,-0.001061029854515061,-3.876800000000003,1.3457076566125292,0.19700214132762306,-0.38633938100320175,-0.5070422535211268,-0.62,0.057905397354938604,0.077000030915235,0.06854025377617456,0.18603326296822975,0.11946902654867242,0.11407010924406613,-0.10555555555555551,0.03242702251876565,-0.1183180941139903,0.000400000000000054,-0.001540000618304804,-0.005068675179568549,-0.018752313771300377,0.5020946026450619,-3.907200000000003,-0.09363732901305599,11.220530973451327,-0.6008717414808,-0.014218705379602348,1.0,1.0,1,1,1.0,True
1974-11-01,7.68,0.0,7.47,9.45,-2.49,898.6,199254.68,185679.08,190.4047,6.6,78265,5029.511,2.8,43.6278,39.6142,81.5562,11.16,57.4,1026.0,783.0,59.5,51.5,25.767,1,0.4400000000000004,0.0,0.05000000000000071,0.013181800610769567,-0.017297570260453976,-0.16216216216216217,-0.016003228128339875,-0.017805773117584467,-4.279899999999998,1.5893271461716938,0.2289416846652268,-0.36195587358378056,-0.41601700921332385,-0.8966666666666666,0.060170899596486915,0.06432116223460804,0.055112704812835256,0.1888604216639631,0.11842105263157898,0.11574033679434592,-0.10555555555555551,0.0030085449798243884,0.018166594621589205,0.0,0.028301311383227563,-0.00922013404267008,-0.02836938140221512,-0.010170899596486205,-4.310299999999998,-0.08825798529510154,9.941578947368422,-2.863036437246963,-0.02330223466158765,0.0,1.0,0,0,0.0,False
1974-12-01,7.43,0.0,7.15,8.53,-3.37,902.1,198917.84,185676.58,191.2761,7.2,77652,5026.41,2.6,42.0533,37.7762,78.472,11.16,57.3,975.0,869.0,0.0,51.9,25.971,1,0.20999999999999996,0.0,-0.5800000000000001,0.004427618069815287,-0.025379228288841205,-0.26315789473684215,-0.052708374497614896,-0.05448600138434734,-6.680999999999997,1.5893271461716938,0.2344086021505376,-0.40487238979118334,-0.4415121255349501,-1.4833333333333334,0.05854635410531284,0.0525378640612586,0.04345440416592572,0.19051078779981645,0.12200435729847503,0.11497187364777162,-0.2222222222222222,-0.03395688538108145,0.038326049994287126,0.0,0.011032951452864304,-0.014375512761617415,-0.05569494490817406,-0.6385463541053129,-7.246399999999994,-0.196842993933381,9.327995642701524,-2.573115468409588,-0.02878679184417776,0.0,1.0,1,0,1.0,True
1975-01-01,7.5,0.0,6.26,7.13,-1.82,906.3,199063.6,185788.75,191.5869,8.1,77293,5021.74,2.5,41.4676,36.9716,77.2469,11.16,57.4,1032.0,726.0,0.0,52.3,26.132,1,0.27999999999999936,0.0,-1.42,-0.004857043995335153,-0.023392561640644405,-0.2777777777777778,-0.08426496526794858,-0.09844586789877141,-8.9118,1.5893271461716938,0.2088607594936709,-0.3610747051114024,-0.3253105590062112,-2.3200000000000003,0.05447106954997083,0.04646063148892732,0.038784443166764326,0.18649313044433002,0.12095032397408212,0.11463519313304715,-0.2222222222222222,-0.07734891876095858,0.02526467589179937,0.0,0.01300897681689962,-0.022119842276819734,-0.07929602390101675,-1.4744710695499708,-10.330600000000004,-0.1988296605815778,8.409049676025917,-2.8114812974254093,-0.03053939942630768,0.0,1.0,0,0,0.0,False
1975-02-01,7.39,0.0,5.5,6.24,-2.12,914.1,199507.75,186286.19,190.3805,8.1,76918,5019.3,2.4,40.5165,35.9323,75.3499,11.16,57.2,904.0,729.0,57.6,52.6,26.274,1,1.2400000000000002,0.0,-2.5200000000000005,-0.01033290653008967,-0.01591104566726631,-0.2857142857142857,-0.09102945173650379,-0.11022225431091526,-9.599800000000002,0.10385756676557878,0.17142857142857149,-0.2887663680220538,-0.4545454545454546,-2.56,0.054204955216936135,0.04051555029319309,0.03224184279549358,0.17521681042996495,0.11752136752136755,0.11091272371721295,-0.2222222222222222,-0.13659648714667907,0.07318950556172676,0.0,0.05023928236355944,-0.023514707140859237,-0.07502622360816391,-2.5742049552169366,-11.555700000000002,-0.2063111765549559,7.012478632478633,-2.929100314889789,-0.02380561194141495,0.0,1.0,0,0,0.0,False
1975-03-01,7.73,0.0,5.49,5.54,-2.05,925.0,199109.94,185932.07,188.1191,8.6,76648,5022.998,2.3,40.0638,35.4268,74.3882,11.16,56.9,993.0,709.0,0.0,52.8,26.363,1,1.8899999999999997,0.0,-2.7300000000000004,-0.017072609706852093,-0.010447152972887341,-0.2941176470588235,-0.10905556569523644,-0.13150363763807316,-11.250399999999999,0.10385756676557878,0.14400000000000013,-0.4840182648401826,-0.46397058823529413,-2.4366666666666665,0.05774126359638965,0.03632120574690778,0.028132349373239718,0.1554177894302431,0.11205073995771686,0.10408875068285917,-0.06796116504854366,-0.15763364961814377,-0.07914587504899928,0.0,0.06864707886165569,-0.02150022777666738,-0.05634719119762155,-2.78774126359639,-13.452699999999993,-0.05751401207565632,6.127949260042284,-3.20004638265924,-0.016216658314350818,0.0,0.0,0,0,0.0,False
1975-04-01,8.23,0.0,5.61,5.49,-0.24,935.1,198742.86,185400.23,187.4109,8.8,76460,5029.124,2.4,40.1573,35.4464,74.4459,11.16,57.5,1005.0,866.0,0.0,53.0,26.452,0,2.24,0.0,-3.8099999999999996,-0.021048329416572975,-0.003195016250924332,-0.34285714285714286,-0.11904515839631291,-0.14326204087949934,-12.179500000000004,0.10385756676557878,0.12450592885375489,-0.36141479099678453,-0.5076388888888889,-1.9966666666666668,0.06309619583955861,0.029747671663322484,0.021711498547183572,0.1143387387985082,0.10460251046025104,0.09512732106509358,-0.06796116504854366,-0.24039650614871827,-0.00034008588538214646,0.0,0.06663478452584237,-0.016191285421237822,-0.034780193128364334,-3.873096195839558,-14.4144,-0.06476614879761933,5.435397489539749,-2.9736521864861682,-0.016712959825604834,0.0,0.0,0,0,0.0,False
1975-05-01,8.06,0.0,5.23,5.22,-0.22,947.9,198737.21,185283.3,186.074,9.0,76624,5059.831,2.4,40.0253,35.3608,74.0862,11.16,57.9,1121.0,914.0,72.8,53.1,26.558,0,2.62,0.0,-5.02,-0.024520935929167376,-0.0013911475676759988,-0.1724137931034483,-0.11440706934156064,-0.1391239301708812,-12.121800000000007,0.10385756676557878,0.12745098039215685,-0.3746110765401369,-0.3094098883572568,-1.4699999999999998,0.07125673043876746,0.02127047528166881,0.012999100868795965,0.0709751192776309,0.10187110187110182,0.09111908592170948,-0.06796116504854366,-0.3577087868026126,-0.08584470851808312,0.0,0.05572864523797229,-0.014188029399077706,-0.023377617605056855,-5.091256730438767,-14.356700000000004,-0.06657001748086766,5.388128898128898,-1.6243497343497344,-0.019245075011524282,0.0,0.0,0,0,0.0,False
1975-06-01,7.86,0.0,5.34,5.55,0.13,963.0,196043.36,182452.41,184.638,8.8,76521,5148.088,2.4,40.2772,35.6617,74.4361,11.16,58.0,1087.0,946.0,0.0,53.5,26.724,0,2.83,0.0,-6.090000000000001,-0.024506995633298945,0.003794708793594781,-0.2941176470588235,-0.12425718311584877,-0.14714543783781187,-12.112799999999993,0.10385756676557878,0.11776061776061786,-0.2138849929873773,-0.19683655536028122,-0.8366666666666664,0.08380974159615828,0.014638849562898626,0.007426867837442286,0.04753170760267511,0.09259259259259256,0.0847969937096642,0.009708737864077666,-0.510401326320604,0.27013327185280533,0.0,0.041427944263003114,-0.0074343859264468515,-0.015201617420612323,-6.173809741596159,-14.716399999999993,0.005914029070482885,5.127407407407407,-1.0005418526348766,-0.021682356184009155,0.0,0.0,0,0,0.0,False
1975-07-01,8.06,0.0,6.13,6.1,0.65,975.1,197579.36,183693.69,183.651,8.6,76770,5091.326,2.6,40.6994,36.1844,75.0977,11.16,58.7,1226.0,1020.0,0.0,54.0,26.953,0,2.5200000000000005,0.0,-6.38,-0.026499923668006686,0.022011179594748187,-0.2727272727272727,-0.1171888356515679,-0.1404913860422069,-11.7453,0.10385756676557878,0.11538461538461542,-0.28155981493721083,-0.1289134438305709,-0.10999999999999983,0.09706083390293929,-0.0042889401984277375,-0.011624325345680364,0.025150437348216315,0.09183673469387754,0.08238153098420398,0.009708737864077666,-0.6192481203007527,0.0798549760595737,0.0,-0.0108081293000379,-0.005451594251433711,0.0018563227447450092,-6.477060833902939,-14.366500000000002,-0.012302441730670521,5.458163265306123,0.02276577576637351,-0.03403661186175022,0.0,0.0,0,0,0.0,False
1975-08-01,8.4,0.0,6.44,6.14,0.71,983.1,198211.59,184044.04,182.9282,8.4,77153,5129.306,2.8,41.0998,36.5639,75.713,11.16,59.0,1260.0,994.0,75.7,54.2,27.07,0,1.9300000000000006,0.0,-6.82,-0.02372958950099191,0.00675974824510539,-0.21212121212121204,-0.10985278453964276,-0.12779040589694335,-9.9786,0.10385756676557878,0.08703703703703702,-0.06838905775075987,0.017964071856287456,0.18666666666666684,0.10630814613115502,-0.00360163018926396,-0.010494238745507034,-0.0018278435522451897,0.09533468559837743,0.08366838211643612,0.009708737864077666,-0.7250215566144773,0.30622201878937705,0.0,-0.006951146265279445,0.0007913464281754656,0.004554284801917885,-6.926308146131156,-13.704899999999995,0.0029489896189722753,6.004665314401622,0.6165364162727238,-0.02487210547093277,0.0,0.0,0,0,0.0,False
1975-09-01,8.43,0.0,6.42,6.24,0.63,991.5,199428.96,184938.4,182.822,8.4,77228,5141.395,2.8,41.6304,37.1993,76.5611,11.16,59.4,1264.0,1064.0,0.0,54.6,27.204,0,1.96,0.0,-5.87,-0.018646891972678326,0.01597474971056645,-0.17647058823529416,-0.0914480752311182,-0.11025482542803478,-9.182400000000001,0.10385756676557878,0.05545617173524153,0.10332749562171628,0.08396946564885499,0.4966666666666668,0.11197828299966073,-0.005544991691618484,-0.012056839732393576,-0.018530232817671632,0.08617234468937895,0.07711284418271513,0.17546583850931663,-0.6573125212080085,0.31721248860909357,0.0,-0.010868183715572228,0.005860103660620619,0.03280910788473057,-5.981978282999661,-13.089600000000004,0.15949108879875018,6.053827655310621,0.9264202479032138,-0.02018384125451711,0.0,0.0,0,0,0.0,False
1975-10-01,8.14,0.0,5.96,5.82,0.3,997.8,200434.28,185623.24,182.7142,8.4,77540,5165.514,2.7,41.8135,37.4066,76.763,11.16,59.8,1344.0,1096.0,0.0,54.9,27.362,0,2.01,0.0,-5.1,-0.01758046050120854,0.019437217128402073,-0.1250000000000001,-0.07971660053275553,-0.09584689385966394,-7.931200000000004,0.10385756676557878,0.06261180679785339,0.09913043478260875,0.2666666666666666,0.6633333333333336,0.1166798062844916,-0.0009426045220971568,-0.007661260464612241,-0.02751203362233179,0.07905138339920947,0.07131886740440274,0.17546583850931663,-0.5950670120509071,0.3806902497198196,0.0,-0.001894635089415285,0.008919463166798147,0.03747223511881237,-5.216679806284491,-12.241500000000002,0.15602862138091456,6.160948616600791,0.7027853512946685,0.0033463356763305807,0.0,0.0,0,0,0.0,False
1975-11-01,8.05,0.0,5.48,5.22,0.14,1007.0,201492.88,186789.65,182.6189,8.3,77685,5165.194,2.8,41.8697,37.4881,76.726,11.16,59.5,1360.0,1110.0,75.6,55.3,27.538,0,2.1800000000000006,0.0,-4.24,-0.013862393488490388,0.02092520416472321,-0.12903225806451613,-0.07314472672138828,-0.08472394859698751,-4.793199999999999,0.0,0.05096660808435849,0.25607476635514015,0.33009708737864085,0.5466666666666667,0.11698197693943801,0.004508036368799262,-0.0020476965779038236,-0.03443424992416644,0.07647058823529407,0.06987292277614854,0.17546583850931663,-0.4960035822232172,0.3244638241059,0.0,0.009827519283982393,0.009867196012501522,0.03670805781825448,-4.356981976939438,-12.039599999999993,0.15454063434459342,5.743529411764706,-0.2611359026369158,0.008109666558063222,0.0,0.0,0,0,0.0,False
1975-12-01,8.0,0.0,5.44,5.2,0.89,1016.3,204002.0,189506.73,183.3586,8.2,78017,5172.774,2.9,42.4414,38.0151,77.6271,11.16,59.7,1321.0,1091.0,0.0,55.6,27.69,0,2.5700000000000003,0.0,-4.2299999999999995,-0.007410719989778269,0.02697737414233714,0.0,-0.04029770009030942,-0.05367014858308372,-1.7459999999999951,0.0,0.03658536585365857,0.32553606237816757,0.4176245210727969,0.35666666666666685,0.12063209436901845,0.011232860377482723,0.005981126145174764,-0.04089079733851109,0.0737864077669903,0.06873132301005169,0.2705882352941176,-0.510273759180948,0.2222085667564513,0.0,0.0288684511701306,0.011236171982900056,0.05115037514080878,-4.350632094369018,-12.0766,0.24361086115178043,5.14621359223301,-0.9076140630776113,0.016777852069101207,0.0,0.0,0,0,0.0,False
1976-01-01,7.74,0.0,4.87,4.87,1.41,1026.7,205520.79,191088.21,182.6481,7.9,78503,5206.807,3.0,43.0012,38.4775,78.498,11.16,59.9,1367.0,1195.0,0.0,55.8,27.795,0,2.5599999999999996,0.0,-3.329999999999999,0.004700458455674017,0.029118993476457522,0.11538461538461542,0.009228764448925508,0.006324087653072352,0.0,0.0,0.041884816753926746,0.35487179487179477,0.2554660529344073,0.4433333333333335,0.12659350404611458,0.025559095152048794,0.020628072748862802,-0.04139304387741083,0.07129094412331405,0.06618921104308662,0.2705882352941176,-0.4215563684735614,0.255741360089186,0.0,0.06543128358924491,0.022280918956882556,0.08894536498168104,-3.456593504046114,-11.1755,0.24146924181766005,5.128709055876686,-1.032239560724105,0.02650169967414595,0.0,0.0,0,0,0.0,False
1976-02-01,7.79,0.0,4.88,4.77,0.82,1040.3,206709.29,192358.93,182.0444,7.7,78816,5237.103,3.1,43.4229,39.0789,79.1054,12.03,59.9,1538.0,1190.0,84.6,55.9,27.831,0,2.87,0.0,-2.26,0.015654716468503027,0.03685316244966885,0.19999999999999996,0.03698309041275594,0.04073126399723015,0.0,0.0,0.04355400696864109,0.3246124031007751,0.6460055096418733,0.8133333333333335,0.13284784287763451,0.03243782389145977,0.028524116772409513,-0.04665663466552261,0.06692160611854692,0.06363845094137455,0.2705882352941176,-0.30023612490345397,0.06853763674563496,0.0,0.09309655456848955,0.029517109956993415,0.11012781713414421,-2.392847842877634,-10.304599999999994,0.23373507284444872,4.803078393881453,-0.9404510178832535,0.02792978752266051,0.0,0.0,0,0,0.0,False
1976-03-01,7.73,0.0,5.0,4.84,0.42,1049.9,208338.57,194024.47,179.4877,7.6,79048,5250.841,3.1,43.5168,39.2002,79.1091,12.1,60.0,1421.0,1164.0,0.0,56.0,27.873,0,2.91,0.0,-1.4700000000000006,0.024675628591487087,0.04339310262387186,0.29166666666666674,0.07173373810669714,0.08757023624983651,0.0,0.07795698924731176,0.047202797202797075,0.7013274336283186,0.6323731138545954,1.04,0.13805929329395017,0.03609654261551243,0.03259898116977955,-0.0437865222541175,0.06273764258555126,0.059260105046814227,0.4687499999999998,-0.20294716114210684,0.37579137125015105,0.0,0.10504093901114117,0.032086348581265356,0.11203143819700656,-1.6080592932939508,-9.666799999999995,0.4253568973761279,4.707262357414448,-0.43895123481856135,0.024863682238029705,0.0,0.0,0,0,0.0,False
1976-04-01,7.56,0.0,4.86,4.82,0.34,1060.8,210500.06,195904.02,177.4755,7.7,79292,5271.098,2.6,43.7327,39.4075,79.3299,12.17,60.6,1395.0,1132.0,0.0,56.1,27.936,0,2.7300000000000004,0.0,-0.7000000000000002,0.03131197161047905,0.04535996231732531,0.34782608695652195,0.08618753088823339,0.10651258369370087,0.0,0.08422939068100344,0.054481546572934914,0.43101711983887214,0.6417489421720732,0.8833333333333334,0.13502702702702707,0.046349418818568244,0.04352342229073236,-0.04588263499028011,0.06060606060606055,0.057277244623146206,0.4687499999999998,-0.09451891891891898,0.07614532496707738,0.0,0.12653391337469133,0.026611513154805033,0.07695876643930788,-0.8350270270270272,-9.6631,0.42339003768267447,4.779393939393939,-0.3493151164827468,0.02079032366651945,0.0,0.0,0,0,0.0,False
1976-05-01,7.9,0.0,5.2,5.29,0.21,1072.1,211407.42,196605.92,178.4326,7.4,79312,5277.153,3.2,43.9186,39.6087,79.4908,12.17,60.8,1459.0,1194.0,83.3,56.4,28.069,0,2.6999999999999993,0.0,-0.6699999999999999,0.03703897462725614,0.04811454241335067,0.08333333333333348,0.08903487037226121,0.11174900695134071,0.0,0.09050179211469533,0.05391304347826087,0.3880597014925373,0.3071593533487298,0.5266666666666667,0.1344241257619505,0.05915784848824268,0.05665467621048781,-0.05301399224911674,0.05849056603773595,0.05610161802510194,0.4687499999999998,-0.09006416426050683,0.06344729839176222,0.0,0.15972619091825518,0.02138425815875311,0.05205177995950527,-0.8044241257619504,-9.442300000000003,0.4206354575866491,4.761509433962265,-0.04156895991918841,0.02672002459678291,0.0,0.0,0,0,0.0,False
1976-06-01,7.86,7.06,5.41,5.48,0.22,1077.6,213240.1,198154.3,179.102,7.6,79376,5284.953,3.1,43.9637,39.6494,79.3919,12.17,61.2,1495.0,1188.0,0.0,56.7,28.192,0,2.7,0.0,0.07000000000000028,0.03508039256629769,0.04295044636866341,0.3333333333333335,0.09727097610761182,0.12013020067419289,0.0,0.09050179211469533,0.05008635578583753,0.30151650312221223,0.30634573304157553,0.3233333333333334,0.1310264795864542,0.06375358696038869,0.0611097708212236,-0.04106645743091464,0.062146892655367214,0.05689434445364849,0.14423076923076916,0.009171853571051831,-0.3998109305061064,0.0,0.17213468479304947,0.010404763974810605,0.025537238000914675,-0.06102647958645391,-9.281400000000005,0.10128032286210575,5.227853107344632,0.5205907499301841,0.027657044344876258,0.0,0.0,0,0,0.0,False
1976-07-01,7.83,6.85,5.23,5.31,0.31,1086.3,215272.7,199687.3,179.1423,7.8,79547,5317.491,3.2,44.2141,39.9339,79.6612,12.17,61.6,1401.0,1245.0,0.0,57.0,28.335,0,2.45,0.8000000000000007,-0.0699999999999994,0.03731001947177903,0.02658559838137986,0.29166666666666674,0.09152820950810892,0.11182024412745317,-0.09889999999998622,0.09050179211469533,0.05517241379310356,0.375344986200552,0.2558139534883721,0.25666666666666677,0.11900311526479745,0.08771906378262462,0.08606019509416174,-0.029982993749932296,0.059813084112149584,0.05493189642269125,0.14423076923076916,-0.00833021806853575,-0.05567213363832013,0.0,0.21491170626743034,0.005998047861299982,0.005340678619875527,-0.18900311526479685,-9.380299999999991,0.1176451708493893,5.420186915887851,0.6407929764939118,0.041369644964056373,0.0,0.0,0,0,0.0,False
1976-08-01,7.77,6.63,5.14,5.29,0.28,1098.7,216509.86,200609.32,179.7949,7.8,79704,5332.551,3.1,44.5182,40.1839,80.0235,12.17,61.4,1550.0,1309.0,89.7,57.3,28.491,0,2.5999999999999996,0.9800000000000004,-0.79,0.03617298423863491,0.04442163004293964,0.23076923076923084,0.08635753844037031,0.10362200285205803,0.0,0.09050179211469533,0.049403747870528036,0.1427406199021206,0.22058823529411775,0.24666666666666673,0.11403958568351946,0.08955054819491282,0.08706673593415215,-0.024550369995262833,0.05555555555555558,0.05127444069305831,0.14423076923076916,-0.09009127268998038,-0.2453190815904167,0.0,0.23283142530677328,-0.0008659903886212295,-0.002677331931890903,-0.9040395856835195,-9.111000000000004,0.09980913918782952,5.254444444444444,0.4929350104821797,0.030392699706670134,0.0,0.0,0,0,0.0,False
1976-09-01,7.59,6.42,5.08,5.25,0.36,1110.8,218708.78,202355.86,181.1732,7.6,79892,5337.168,3.1,44.6721,40.294,80.1127,13.9,61.8,1720.0,1481.0,0.0,57.6,28.651,0,2.63,1.1399999999999997,-0.8499999999999996,0.03306417119230609,0.03962426885820447,0.1071428571428572,0.08317315412727067,0.09900475605720405,0.0,0.09050179211469533,0.04067796610169494,0.23015873015873023,0.31690140845070425,0.2700000000000001,0.11758722408707145,0.09231685190558236,0.09000715263585812,-0.017128578316519816,0.05719557195571956,0.052493535278906434,0.1849405548216645,-0.0999491404740107,-0.071357772963482,0.0,0.24279332051168162,-0.0020162213739916,-0.014097821980341152,-0.9675872240870711,-8.7487,0.14531628596346002,5.232804428044281,0.0049513206996483206,0.028563264945193678,0.0,0.0,0,0,0.0,False
1976-10-01,7.41,5.98,4.92,5.02,-0.33,1125.0,220867.1,204119.91,182.4383,7.7,79911,5335.461,3.2,44.6585,40.232,79.8993,13.9,61.9,1629.0,1425.0,0.0,57.9,28.801,0,2.51,1.17,-0.9900000000000002,0.03449526078624343,0.03807779795172306,0.1071428571428572,0.07306439524962527,0.0831924256639236,0.0,0.24551971326164868,0.04040404040404044,0.360759493670886,0.3919172932330828,0.31666666666666676,0.12032274331820458,0.09667512682210244,0.09417979175768787,-0.009018608263775652,0.05494505494505497,0.05319070724893393,0.1849405548216645,-0.11911951588502256,-0.014585492529666011,0.0,0.24265456832347712,-0.002814758685535601,-0.018463814258483646,-1.1103227433182048,-8.659499999999994,0.14686275686994144,5.195054945054945,-0.22513197083290581,0.008956063039477824,0.0,0.0,0,0,0.0,False
1976-11-01,7.29,5.81,4.75,4.95,1.0,1138.3,222804.91,206099.35,183.9005,7.8,80240,5382.241,3.1,45.3392,40.7719,80.9231,13.9,62.0,1641.0,1531.0,87.0,58.1,28.932,0,2.49,1.4299999999999997,-0.8000000000000007,0.030577766314160426,0.03290030769445207,0.18518518518518512,0.06804022624272066,0.07553212534686393,-0.21340000000000714,0.24551971326164868,0.03511705685618738,0.2120535714285714,0.3001824817518248,0.1033333333333334,0.127480457005412,0.10194274153103944,0.09964630506395644,-0.001510008526978246,0.05464480874316946,0.052591184854908324,0.1849405548216645,-0.10198436560432969,0.06931295152645078,0.0,0.25383742641228824,-0.005595217924474483,-0.01831731219764965,-0.9274804570054127,-8.872900000000001,0.15204024712721242,4.96535519125683,-0.2890892531876146,0.012392193336126622,0.0,0.0,0,0,0.0,False
1976-12-01,6.87,5.38,4.35,4.65,1.12,1152.1,225721.59,209232.54,185.2478,7.8,80448,5398.735,3.2,45.8294,41.2237,81.6007,13.9,62.5,1804.0,1511.0,0.0,58.4,29.094,0,2.54,1.4800000000000004,-0.2699999999999996,0.03288923215549988,0.042021074135840664,0.1071428571428572,0.08286421923252374,0.08759579706626908,0.0,0.24551971326164868,0.04201680672268915,0.20661764705882346,0.3792792792792792,0.34333333333333343,0.1303872889771598,0.10577063566712619,0.10337671278895821,0.007017893547710541,0.05063291139240511,0.050620960127823356,0.15079365079365092,-0.03520456802383309,-0.023541083099906768,0.0,0.26865741459450054,-0.0001749390368062098,-0.00030893489474692615,-0.40038728897715936,-7.314099999999996,0.10877257665781026,4.899367088607595,-0.33343733943668585,0.013453783761543825,0.0,0.0,0,0,0.0,False
1977-01-01,7.21,5.9,4.62,4.61,-0.19,1165.2,225733.15,195049.52,185.7874,7.5,80690,5372.549,3.3,45.5087,41.0686,80.8351,13.9,62.8,1527.0,1466.0,0.0,58.7,29.263,0,2.5200000000000005,1.4900000000000002,-0.5499999999999998,0.031159875411769233,0.04368275126653498,0.10344827586206895,0.079827715391104,0.08440330289805908,0.0,0.24551971326164868,0.04690117252931314,0.3656320968962907,0.38496791934005503,0.5966666666666668,0.13362196201908882,0.10646753463201342,0.10409028745311577,0.010303307289649899,0.050359712230215736,0.05070422535211261,0.15079365079365092,-0.07349207911049883,0.004872603225404726,0.0,0.26829818727267385,-0.003335385374474198,0.006763320141478735,-0.6836219620190886,-5.78309999999999,0.10711089952711594,4.599640287769785,-0.5954146572851604,0.009792407809910975,0.0,0.0,0,0,0.0,False
1977-02-01,7.39,6.09,4.67,4.68,1.15,1177.5,228528.21,197994.31,187.4113,7.6,80988,5389.96,3.3,46.2277,41.8282,81.9059,13.9,63.5,1943.0,1560.0,87.1,59.3,29.492,0,2.59,1.3099999999999996,-0.2599999999999998,0.02785880794364548,0.03183179249778223,0.09999999999999987,0.058312326167641926,0.0673406536287442,-0.7656000000000063,0.24551971326164868,0.048414023372287174,0.11704462326261877,0.2267782426778242,0.6433333333333335,0.13489821759033793,0.09834703340717987,0.020730269020783565,0.017187695902667333,0.051971326164874654,0.05281525454218383,0.15079365079365092,-0.035073536573487836,-0.09500894816595262,0.0,0.2547188165245959,-0.0027189583705149456,-0.009727900075078733,-0.3948982175903377,-6.011600000000001,0.1189618582958687,4.558028673835126,-0.407326517421704,-0.0035957081238595645,0.0,0.0,0,0,0.0,False
1977-03-01,7.46,6.09,4.6,4.69,1.1,1188.4,232348.27,201350.33,189.1547,7.4,81391,5413.846,3.3,46.8185,42.4457,82.7413,13.9,64.1,2063.0,1660.0,0.0,59.6,29.64,0,2.7199999999999998,1.2999999999999998,-0.08999999999999986,0.02755785627283802,0.029187319783475774,0.06451612903225801,0.0645926458159174,0.07035254318826789,0.0,0.1554447215295096,0.06010016694490816,0.2633289986996099,0.31092436974789917,0.6933333333333335,0.13188503316351063,0.1055536497658136,0.029296170445531233,0.029481269404606936,0.06082289803220031,0.059681649958679195,0.029550827423167947,-0.011869652984715939,0.056711351640786445,0.0,0.287105927363013,-0.00533137588266186,-0.018271573416606346,-0.2218850331635105,-4.694400000000002,0.00036350763969217326,4.619177101967799,-0.28018998663979566,-0.000216985901312583,0.0,0.0,0,0,0.0,False
1977-04-01,7.37,5.96,4.54,4.73,0.66,1199.6,235594.05,203776.39,190.2948,7.2,81728,5437.2,3.3,47.2684,42.8751,83.3222,13.9,64.9,1892.0,1660.0,0.0,60.0,29.812,0,2.8600000000000003,1.37,-0.14999999999999947,0.02964021860135624,0.031043598539738593,0.06451612903225801,0.07587184719464668,0.0827929449339544,0.0,0.14876033057851257,0.06833333333333313,0.4517945109078114,0.42611683848797255,0.6866666666666669,0.13191732545956758,0.1152436632352809,0.037757402455473654,0.05385884380935302,0.06428571428571428,0.0633946830265848,0.029550827423167947,-0.019787598818935066,0.0861624140115207,0.0,0.3295968768529034,-0.0015196568104129948,-0.003955868196457324,-0.28191732545956705,-3.8264000000000067,-0.0014927711165706459,4.625714285714286,0.026073997944501492,0.008776128603267486,0.0,0.0,0,0,0.0,False
1977-05-01,7.46,6.25,4.96,5.35,0.68,1209.0,239018.09,206332.78,191.7797,7.0,82088,5450.793,3.5,47.6411,43.2315,83.7597,13.9,65.2,1971.0,1668.0,90.2,60.2,29.963,0,2.83,1.4100000000000001,-0.08999999999999986,0.03072188871512882,0.03151184060702339,0.26923076923076916,0.0808479695971207,0.0879934022711415,0.0,0.14215283483977004,0.0709570957095711,0.35627240143369177,0.4664310954063604,0.9700000000000002,0.13084464555052788,0.11921131993976619,0.04018483132709583,0.07223137841561234,0.06951871657754016,0.06715349369988544,0.029550827423167947,-0.011776018099547491,0.239227778171073,0.0,0.3373680354295383,0.0028630807714833395,0.02253564342947878,-0.22084464555052774,-3.245500000000007,-0.0019610131838554423,4.6604812834224605,0.10245260958733482,0.020864286532586318,0.0,0.0,0,0,0.0,False
1977-06-01,7.28,6.13,5.02,5.39,0.73,1217.8,242408.58,208978.57,193.5548,7.2,82488,5459.172,3.5,48.0116,43.6251,84.1859,13.9,65.0,1893.0,1752.0,0.0,60.5,30.131,0,2.5,1.21,0.05999999999999961,0.03500100867460154,0.03290410567971014,0.09375,0.08475907701975927,0.09146475395557041,0.0,0.14215283483977004,0.07236842105263164,0.3509252912954077,0.39698492462311563,0.8133333333333335,0.1276933121910271,0.13060407245876227,0.04947389173225303,0.07480191400002001,0.06737588652482285,0.06747657558160247,0.08283313325330144,0.007661598731461576,0.08759629259579782,0.0,0.32651018114690566,0.00744315240176352,0.020166431203841872,-0.06769331219102748,-2.439300000000003,0.0499290275735913,5.282624113475177,0.6634470115073778,0.02505042269294866,0.0,0.0,0,0,0.0,False
1977-07-01,7.33,6.27,5.19,5.42,0.37,1226.8,245481.06,211514.21,195.1835,6.9,82834,5489.51,3.4,48.073,43.6276,84.0665,13.9,65.1,2058.0,1687.0,0.0,60.8,30.287,0,2.2600000000000007,1.1500000000000004,-0.09000000000000075,0.03920580528119322,0.03296509921658708,0.12903225806451601,0.09207368806538119,0.1002713786337246,0.0,0.14215283483977004,0.06209150326797386,0.2662207357859532,0.4747474747474747,0.6900000000000001,0.1301039346696362,0.13678703020679506,0.054625461067461245,0.08069591629350881,0.06701940035273357,0.06877837684449495,0.08283313325330144,-0.011709354120267357,-0.18557377512185824,0.0,0.3091386882673569,0.00956558667983698,0.016201840870734507,-0.22010393466963696,-1.9954999999999927,0.04986803403671436,5.322980599647266,0.69726631393298,0.021543366971514155,0.0,0.0,0,0,0.0,False
1977-08-01,7.4,6.61,5.49,5.9,0.29,1237.1,248474.53,213868.73,197.4881,7.0,83075,5511.046,3.5,48.1205,43.861,83.9208,14.85,65.0,2020.0,1780.0,89.0,61.1,30.428,0,2.1399999999999997,1.0600000000000005,0.11000000000000032,0.04132148289690374,0.032349655128706356,0.0625,0.08727758791878615,0.09249534856350117,-0.11939999999999884,0.14215283483977004,0.05681818181818166,0.4689507494646681,0.35502008032128507,0.5933333333333334,0.12933812022461577,0.1403260143994105,0.05922715165160741,0.08954445711593517,0.06666666666666665,0.06889006529027708,0.08283313325330144,0.014227193224707776,0.11267834803097632,0.0,0.30029767081473846,0.010599594181774918,0.006429618321665442,-0.01933812022461545,-1.0097999999999985,0.05048347812459508,5.3533333333333335,0.692852049910873,0.021114694459644312,0.0,0.0,0,0,0.0,False
1977-09-01,7.34,6.71,5.81,6.14,0.43,1246.3,251261.8,215887.98,198.9991,6.8,83532,5545.405,3.4,48.3189,43.8618,84.0352,14.85,65.3,1949.0,1674.0,0.0,61.3,30.543,0,1.9100000000000001,0.79,0.6100000000000003,0.0422939877546924,0.03347272252998601,0.12903225806451601,0.08091746746274553,0.09150679749850044,-0.2651000000000039,0.220213640098603,0.05863192182410426,0.3032258064516129,0.35981665393430107,0.46333333333333343,0.1259670519705105,0.14763609380191745,0.06609568289249967,0.09840768564625568,0.06631762652705064,0.06798638166438531,-0.0078037904124861335,0.07683990170201145,-0.047699484843794826,0.0,0.28198493916166234,0.007292979080090856,-0.0038416095570137365,0.4840329480294898,-0.9745999999999952,-0.04127651294247214,5.83368237347295,0.5510582599977729,0.01703202134315518,0.0,0.0,0,0,0.0,False
1977-10-01,7.52,7.11,6.16,6.47,0.44,1254.0,255415.64,218941.91,201.2545,6.8,83800,5593.319,3.5,48.3871,43.9582,83.9207,14.85,65.6,2042.0,1758.0,0.0,61.6,30.685,0,1.5300000000000002,0.6299999999999999,0.8899999999999997,0.045561508035848464,0.03901638471938673,0.09677419354838701,0.08163484591053471,0.08854420012905151,-0.1507000000000005,0.06834532374100721,0.05663430420711979,0.133139534883721,0.13031735313977033,0.36333333333333345,0.1219841555635579,0.14884185262246907,0.06687288423473392,0.09839148395016473,0.06423611111111094,0.06603608949076811,-0.0078037904124861335,0.1085658984515665,-0.1330812009022322,0.0,0.22772803451237772,0.006355702754655246,-0.010438842154846473,0.7680158444364418,-0.45709999999999695,-0.046820175131872865,6.075763888888889,0.7527832892416226,0.012054822415674016,0.0,0.0,0,0,0.0,False
1977-11-01,7.58,7.14,6.1,6.51,0.54,1262.4,258772.91,221793.74,202.9397,6.8,84173,5637.491,3.5,48.4761,44.0755,83.8404,14.85,65.8,2042.0,1771.0,84.4,62.0,30.861,0,1.3599999999999994,0.40999999999999925,1.4500000000000002,0.04866664163882328,0.048329094711778486,0.09375,0.08349138461882966,0.09261781666335245,-0.2652000000000072,0.06834532374100721,0.05977382875605808,0.25352977286678935,0.23368421052631572,0.38666666666666677,0.1146666666666667,0.1564223010126904,0.07261418055690894,0.10313733464957742,0.06390328151986191,0.06541439533349536,-0.0078037904124861335,0.16626666666666673,-0.21542097659787873,0.0,0.21273432937725884,0.007345158741919544,-0.003786203299956492,1.3353333333333335,-0.2652000000000072,-0.05613288512426462,6.406096718480137,1.052763385146804,0.016096286613279887,0.0,0.0,0,0,0.0,False
1977-12-01,7.69,7.18,6.07,6.56,0.8,1270.4,260562.7,223147.88,204.6774,6.4,84410,5662.417,3.4,48.5629,44.5754,83.7565,14.85,66.2,2142.0,1754.0,0.0,62.3,31.011,0,1.4800000000000004,0.4400000000000004,1.5599999999999996,0.04901545363908277,0.04742448359335816,0.12903225806451601,0.06918736986978158,0.08102639317765403,-0.34550000000000125,0.06834532374100721,0.06129032258064515,0.2443631931748933,0.15676028739386028,0.47000000000000014,0.10902222612668022,0.16143270810324606,0.07614963365968874,0.10352989796112566,0.06712564543889843,0.06667357942762342,-0.029885057471264354,0.17007467275762111,-0.0588626132767196,0.0,0.23892040799280423,0.006721465884390376,-0.01173009759296395,1.4509777738733194,-0.34550000000000125,-0.07730954106462251,6.442874354561101,0.6091919810881512,0.013796614301328614,0.0,0.0,0,0,0.0,False
1978-01-01,7.96,7.49,6.44,6.7,-1.24,1279.7,262765.32,225840.72,207.2931,6.4,84594,5642.502,3.4,47.8481,43.878,82.2955,14.85,66.8,1718.0,1740.0,83.7,62.7,31.194,0,1.62,0.5100000000000007,1.9099999999999993,0.049249204455051654,0.048841441559921206,0.0625,0.05964511863563571,0.08130517153967265,-0.4294000000000011,0.06834532374100721,0.05920000000000014,0.18736141906873605,0.16082064857710132,0.5933333333333335,0.10268205884905846,0.15435435307716916,0.06650657684507388,0.10488437649461968,0.0667808219178081,0.065889874200866,-0.029885057471264354,0.19612273240170158,0.05422188418501506,0.0,0.25005405198501407,0.0036876964192031902,-0.021989727274899007,1.8073179411509408,-0.4294000000000011,-0.07872649903118556,6.4932191780821915,0.41745528919330255,0.005512500454700087,0.0,0.0,0,0,0.0,False
1978-02-01,8.03,7.57,6.45,6.78,1.04,1285.4,265738.02,228843.81,210.259,6.3,84948,5667.791,3.6,48.1044,44.0373,82.5071,14.85,67.5,1738.0,1736.0,84.3,63.0,31.339,0,1.5199999999999996,0.46999999999999975,2.09,0.048382699219234215,0.050246726460754454,0.030303030303030276,0.05140555542127112,0.06840749380305144,-1.8903999999999996,0.06834532374100721,0.06369426751592355,0.12508185985592668,0.18690313778990442,0.03333333333333351,0.09826639203570209,0.16405286507542205,0.1578635005100244,0.11575435147916391,0.0681431005110733,0.06598776612104018,-0.037931034482758585,0.20537675935461736,-0.12844791301086267,0.0,0.24936035491464145,-0.0002839424195890672,-0.032085829197558535,1.9917336079642978,-1.8903999999999996,-0.08817776094351304,6.631856899488927,0.22576018100878947,0.0076305640627316595,0.0,0.0,0,0,0.0,False
1978-03-01,8.04,7.58,6.29,6.79,1.33,1292.1,270262.81,232783.64,213.6058,6.3,85460,5700.022,3.6,49.0265,44.8104,83.8568,14.85,68.1,2032.0,1799.0,78.8,63.4,31.542,0,1.5799999999999992,0.4599999999999991,2.1000000000000005,0.04889613276040894,0.051546022604991526,0.09090909090909105,0.04059687157267189,0.0528136520337954,-1.6788000000000096,0.06834532374100721,0.06299212598425208,-0.105506948018528,0.11282051282051286,0.20000000000000018,0.09163481953290886,0.16282370565979587,0.1558100331267096,0.1219120725377818,0.062394603709949426,0.06262715312627143,-0.03214695752009178,0.19243312101910867,-0.3498701411934213,0.0,0.2572614549424773,-0.00011932087867383423,-0.02859049829710969,2.0083651804670914,-1.6788000000000096,-0.0836929801250833,6.71760539629005,0.27473104172894924,0.0013909975565498112,0.0,0.0,0,0,0.0,False
1978-04-01,8.15,7.74,6.29,6.89,1.81,1300.3,274136.98,235793.94,216.9979,6.1,86162,5732.667,3.5,50.0206,45.5378,85.3237,14.85,69.0,2197.0,1948.0,81.6,63.9,31.781,0,1.7499999999999991,0.4599999999999991,2.0999999999999996,0.049993242496099155,0.052860018552430166,0.09090909090909105,0.047160844537949664,0.05571117922427948,-0.32909999999999684,0.06834532374100721,0.06240249609984394,-0.015026660203587006,0.08373493975903612,0.37666666666666687,0.08726018175698402,0.16317978179910697,0.1561125328178008,0.12926509359799154,0.06375838926174482,0.06417004048583008,-0.0952927669345579,0.18324638168966642,-0.20238807927232305,0.0,0.28556461814843703,0.0007440380410475012,-0.012484274097686043,2.0127398182430154,-0.32909999999999684,-0.14815278548698807,6.726241610738255,0.23302243265606393,0.008825428721937811,0.0,0.0,0,0,0.0,False
1978-05-01,8.35,8.01,6.41,7.36,0.37,1310.5,279256.57,239905.41,220.4005,6.0,86509,5739.268,3.5,50.254,45.7604,85.4885,14.85,69.5,2075.0,1766.0,82.9,64.5,32.008,0,1.8600000000000003,0.41000000000000014,2.1599999999999993,0.05425313234142526,0.054341756786581374,0.06060606060606055,0.05822494520652288,0.062103645239311334,0.0,0.06834532374100721,0.06317411402157158,0.16120507399577177,0.17349397590361448,1.3933333333333335,0.08394464821607217,0.16359891092325962,0.1571209991500977,0.14032490640837247,0.06499999999999995,0.06604722930363605,-0.06314580941446613,0.18132044014671583,0.036123214139845095,0.0,0.30429397431726296,0.005870433122191043,0.0068193897852517615,2.076055351783927,0.0,-0.1174875662010475,6.824999999999999,0.19314310051107242,-0.00045395415216242796,0.0,0.0,0,0,0.0,False
1978-06-01,8.46,8.24,6.73,7.6,0.82,1318.5,285100.77,244553.78,223.4759,5.9,86950,5760.201,3.6,50.5801,46.1042,85.8087,14.85,70.0,2070.0,1983.0,80.0,65.0,32.217,0,1.9399999999999995,0.33999999999999986,2.0100000000000007,0.05385683656563689,0.05292349204968905,0.0,0.05484550104846431,0.05849669800955315,0.0,0.06834532374100721,0.06595092024539873,0.05276509386098427,0.058752997601918544,1.1700000000000002,0.08395368072787424,0.16834909859751623,0.16271108255314548,0.1492379016131531,0.0714285714285714,0.06825084270600423,-0.08093126385809313,0.16874689826302727,0.15827204187951227,0.0,0.32659725127918143,0.004960703805227951,0.014248629475792418,1.9260463192721264,0.0,-0.13385475590778217,7.288571428571429,0.5709660322813788,0.005525392937720364,0.0,0.0,0,0,0.0,False
1978-07-01,8.64,8.49,7.01,7.81,-0.1,1324.2,288805.54,247270.46,226.2258,6.2,87204,5791.884,3.5,50.5384,46.0669,85.506,14.85,70.4,2092.0,1786.0,82.4,65.5,32.393,0,1.7300000000000004,0.22000000000000064,2.21,0.05409271651634184,0.055141878658521826,0.028571428571428692,0.05349748810704069,0.05682737689999562,0.0,0.06834532374100721,0.07692307692307687,0.09350237717908083,0.13184931506849318,1.0000000000000002,0.08269009689604201,0.17611666220725364,0.17023377085985425,0.15458722800984526,0.07438016528925617,0.06923102452623531,-0.11308203991130827,0.18274511414025282,0.10852903738266784,0.0,0.3046818256185489,0.004099474020242688,0.006336643569091027,2.127309903103958,0.0,-0.1682239185698301,7.525619834710744,0.7993782239724885,0.012936880408146667,0.0,0.0,0,0,0.0,False
1978-08-01,8.41,8.37,7.08,8.04,0.72,1333.5,292813.11,250331.25,228.3623,5.9,87483,5818.097,3.5,50.7458,46.3234,85.6255,14.85,70.4,1996.0,1691.0,78.4,65.9,32.557,0,1.6300000000000008,0.15000000000000036,2.3899999999999997,0.052756114638916385,0.055082147586942964,0.02941176470588247,0.05128450481559299,0.05591185396400444,-0.3027000000000015,0.06834532374100721,0.08141321044546879,0.01652089407191437,0.058684054534676955,0.36333333333333345,0.07939354417998046,0.17648807610656392,0.16904892583812692,0.1590416198090514,0.07730263157894735,0.06953478390068346,-0.0864745011086474,0.18975057059015327,-0.1446841799238574,0.0,0.2876755640536993,-0.0014970177025088738,-0.006940440390929892,2.310606455820019,-0.3027000000000015,-0.14155664869559037,7.732697368421052,0.9076973684210525,0.012889165183304296,0.0,0.0,0,0,0.0,False
1978-09-01,8.42,8.57,7.85,8.45,0.29,1345.1,296179.42,252669.05,230.5011,6.0,87621,5825.741,3.7,50.8744,46.5658,85.6112,14.85,71.0,1970.0,1751.0,80.4,66.5,32.742,0,1.33,0.040000000000000924,2.139999999999999,0.053060487511285004,0.05571555744590029,0.0,0.05455678972579259,0.0561409908574817,-0.18319999999999936,0.0,0.08307692307692327,-0.011881188118811892,-0.050000000000000044,0.48000000000000015,0.07792417751192304,0.17844315874146122,0.17049018807003713,0.15633448293846564,0.07855973813420625,0.06996845011173924,-0.11910112359550551,0.1667577398755152,-0.06464628197979616,0.0,0.23732940112614342,-0.0007963490543518859,-0.00028871132267171973,2.062075822488076,-0.18319999999999936,-0.1748166810414058,7.961440261865793,0.6728688332943635,0.010094060143944983,0.0,0.0,0,0,0.0,False
1978-10-01,8.64,8.85,7.99,8.96,0.75,1352.4,298812.49,254367.42,232.9249,5.8,87956,5847.005,3.7,51.2559,46.8862,86.0203,14.85,71.8,1981.0,1781.0,79.3,67.1,33.003,0,0.5700000000000003,-0.15000000000000036,2.3099999999999996,0.04895130010056037,0.05055284510328817,0.08823529411764719,0.05288820730604393,0.061648176773410945,-0.19750000000000512,0.0,0.08728943338437989,0.010774756285274467,0.04599761051373963,0.30333333333333345,0.07927465297279945,0.1787682011352303,0.17037108782063726,0.15830222347739276,0.08482871125611746,0.07199685689028579,-0.09662921348314601,0.1831244483671667,-0.08272762089380636,0.0,0.10189787464708132,-0.005141416415781475,-0.0006092808009967587,2.2307253470272004,-0.19750000000000512,-0.14718205858643418,8.365171288743882,0.8395514540331384,0.002651538927976649,0.0,0.0,0,0,0.0,False
1978-11-01,8.81,9.42,8.64,9.76,0.74,1359.2,302730.2,257689.52,235.8062,5.9,88391,5857.195,3.7,51.6514,47.3315,86.4507,14.85,72.1,2094.0,1795.0,75.0,67.5,33.19,0,0.6500000000000004,-0.20999999999999908,2.490000000000001,0.04959427207637224,0.0453551817802631,0.05714285714285716,0.05928852938076479,0.06660873284165425,0.0,0.0,0.09451219512195119,-0.029872673849167475,0.013083048919226403,0.5866666666666668,0.07846889952153124,0.16990678409513205,0.16180323812832365,0.1573649284860712,0.08928571428571419,0.07554179566563479,-0.10898876404494384,0.1953875598086129,-0.046393567921081846,0.0,0.1104394096618359,-0.003161842562544148,0.008004024565171797,2.41153110047847,0.0,-0.15434394582520694,8.870714285714287,1.1380169172932355,-0.006581292011431872,0.0,0.0,0,0,0.0,False
1978-12-01,9.01,9.72,9.08,10.03,0.53,1366.1,306100.39,260409.43,237.2394,6.0,88671,5890.505,3.6,51.909,47.6629,86.6488,14.85,72.7,2044.0,1818.0,66.1,67.9,33.345,0,0.16999999999999993,-0.6099999999999994,3.25,0.050111080750359305,0.038971946917520484,0.05714285714285716,0.06550238158597743,0.0738732402355049,0.0,0.0,0.0957446808510638,0.025465230166503483,0.013551665725578754,0.5933333333333335,0.07667934093789608,0.16986820606531028,0.16184307095412165,0.16195204782504358,0.08870967741935476,0.07546741842454874,-0.11137440758293848,0.24920785804816226,0.037346418285315375,0.0,0.028877595031102734,-0.002949406760925699,0.010945591860184845,3.173320659062104,0.0,-0.15034635450045897,9.671290322580646,1.709850060714853,-0.008574952676150938,0.0,0.0,1,0,0.0,True
1979-01-01,9.1,9.86,9.35,10.07,-0.38,1371.6,309903.09,264315.1,239.757,5.9,88808,5910.093,3.6,51.6278,47.3218,85.95,14.85,73.8,1630.0,1461.0,72.1,68.5,33.597,0,-0.07000000000000028,-0.7100000000000009,3.4699999999999998,0.050479800971448885,0.040281031933889766,0.05882352941176472,0.06890239256716546,0.0692646616743764,0.0,0.0,0.09818731117824764,-0.04575163398692805,0.036488027366020415,0.6733333333333335,0.07533060453400497,0.17476672601258736,0.1669814205718647,0.15908937674604018,0.08988764044943842,0.07526361613620969,-0.21682464454976313,0.26139719773299724,-0.05652639027220252,0.00490000000000004,-0.012233670820881165,0.0015285008708885162,0.016014185261121527,3.3946693954659946,0.0,-0.2571056764836529,9.940112359550561,1.5749410708066787,-0.004001475122642928,1.0,0.0,1,1,0.0,True
1979-02-01,9.1,9.72,9.32,10.06,0.14,1377.7,313523.78,267716.65,243.8766,5.9,89055,5933.423,3.6,51.8752,47.4565,86.1333,15.85,74.9,1520.0,1492.0,73.9,69.2,33.776,0,-0.25,-0.7599999999999998,3.37,0.04981440764120393,0.047424174594887125,0.05882352941176472,0.07899373224851147,0.07848580154063556,-0.6987999999999914,0.0,0.10479041916167664,-0.051222351571594826,-0.16034482758620694,0.2966666666666668,0.07181370633742268,0.1793911388306495,0.17036068606228305,0.1566086859620508,0.09250398724082931,0.07703404500865552,-0.1385902031063322,0.24201219035711444,-0.02134967772242735,0.0625,-0.044847784707662375,0.0002201355648316916,0.019705202867746685,3.298186293662577,-0.6987999999999914,-0.1860143777012193,9.977496012759172,1.1067817270448845,0.009484354735517453,1.0,1.0,1,1,1.0,True
1979-03-01,9.12,9.79,9.48,10.09,1.03,1387.7,317200.74,270831.04,247.8933,5.8,89479,5951.404,3.5,52.0446,47.6915,86.1874,15.85,75.8,1847.0,1720.0,68.4,69.9,34.04,0,-0.22000000000000064,-0.620000000000001,3.2800000000000002,0.048347224184206894,0.04686693634257155,0.0,0.07838783978180786,0.07764327059106702,-0.5154999999999887,0.06734006734006726,0.10962962962962974,-0.12543153049482159,-0.14055299539170507,0.09666666666666683,0.07180644157460714,0.1798228194821352,0.1698662506973645,0.1598866160307051,0.09841269841269851,0.07776253230798691,-0.12336892052194537,0.23552512836471143,-0.15089676066132507,0.04840000000000028,-0.03956102028606986,-0.0017638565661524108,0.012885458195830424,3.208193558425393,-0.5154999999999887,-0.17023585686451692,9.961587301587302,0.29029697900665674,0.009954613416824909,1.0,1.0,1,1,1.0,True
1979-04-01,9.18,9.78,9.46,10.01,-1.42,1402.1,320944.87,273554.91,253.7609,5.8,89417,5903.905,2.6,51.4193,46.8799,84.9317,15.85,76.9,1748.0,1597.0,66.0,70.6,34.395,0,-0.3600000000000012,-0.6699999999999999,3.3,0.04702784928621573,0.04410193504516302,-0.02777777777777779,0.06156058458180791,0.06429534215271437,-0.4613999999999976,0.06734006734006726,0.11306901615271658,-0.09104330708661412,-0.0439132851584213,0.2633333333333335,0.07398808141784707,0.17367513495475007,0.1634453349041194,0.16051764512012334,0.10252365930599372,0.07919599264472765,-0.13197969543147203,0.24416066867889533,-0.04529167309968607,0.12960000000000088,-0.06252304858371023,-0.0034519516852331567,-0.007341807985357551,3.2260119185821527,-0.4613999999999976,-0.17608163047663505,9.987476340694005,0.047363981143444533,-0.0010915910578372934,1.0,1.0,1,1,1.0,True
1979-05-01,9.25,9.78,9.61,10.24,1.18,1410.2,325177.39,276657.03,258.7349,5.6,89789,5883.494,3.4,51.8856,47.5493,85.4833,18.1,77.5,1876.0,1684.0,68.1,71.4,34.751,0,-0.28000000000000114,-0.5999999999999996,3.12,0.03777767461293835,0.029870564608061034,-0.2571428571428571,0.027962479458462974,0.029472218684257978,-1.7170999999999879,0.06734006734006726,0.11449275362318856,-0.20436959490213924,-0.18018480492813138,-0.08333333333333319,0.07828962547104501,0.1707463546143977,0.16014393754139733,0.16941638605719223,0.10485133020344284,0.0822504011830969,-0.19117647058823528,0.24426363146966043,-0.1531472433305444,0.07840000000000064,-0.047808979292031546,-0.012036733028265578,-0.0510312527900485,3.041710374528955,-1.7170999999999879,-0.22104703519629632,9.905148669796557,-0.07234734296261536,-0.00864478421625181,1.0,1.0,1,1,1.0,True
1979-06-01,8.91,9.22,9.06,10.29,-0.04,1423.0,328172.74,278767.47,263.4815,5.7,90108,5880.39,3.4,51.8965,47.6094,85.2867,19.1,78.0,1913.0,1640.0,65.8,72.2,35.038,0,-0.35999999999999943,-0.5299999999999994,2.88,0.03791513021766524,0.025129685527840673,-0.02857142857142858,0.03246706729812554,0.039092752685728316,-1.1654999999999944,0.21885521885521908,0.1151079136690647,-0.09590361445783135,-0.04643261608154026,0.2633333333333335,0.07607783288821057,0.16443953315046445,0.15319212684699357,0.17393063990326696,0.10697674418604652,0.08569732566858268,-0.17852834740651402,0.21910415871804645,0.02952791603699023,0.1295999999999996,-0.05919823193416711,-0.010432093966541656,-0.045920772483682315,2.8039221671117893,-1.1654999999999944,-0.2036580329343547,10.133023255813953,0.17143595422665037,-0.015383286331670742,1.0,1.0,1,1,1.0,True
1979-07-01,8.95,9.14,9.24,10.47,-0.15,1434.8,331989.99,281859.38,267.8631,5.7,90217,5924.962,3.3,51.8097,47.6382,84.9377,21.75,79.2,1760.0,1534.0,60.4,73.0,35.305,0,-0.15000000000000036,-0.3100000000000005,2.6899999999999995,0.0363197239792985,0.0208654177171943,-0.05555555555555558,0.026026045816437637,0.03264778480051711,-1.362099999999998,0.28619528619528634,0.11428571428571432,-0.0758454106280193,-0.17297024710035303,-0.09333333333333317,0.07925673113386433,0.151076301898448,0.1399025196012098,0.17901527636760828,0.11076923076923073,0.08756246702051707,-0.1775,0.21320060675009503,0.015197896458594817,0.022500000000000107,-0.022661445284767254,-0.010708125306917227,-0.03553453876537027,2.610743268866135,-1.362099999999998,-0.1983654177171943,10.179230769230768,0.19175442853676294,-0.02259883305630206,1.0,1.0,1,1,1.0,True
1979-08-01,9.03,9.46,9.52,10.94,-0.45,1446.6,335785.46,284513.99,270.6452,6.0,90300,5934.384,3.2,51.4684,47.0091,84.182,26.5,79.6,1778.0,1591.0,64.5,73.7,35.575,0,-0.2900000000000009,-0.19000000000000128,2.660000000000001,0.0345511673776433,0.022976634200546853,-0.05714285714285716,0.02515512956484578,0.03410908917248623,-1.7110999999999876,0.46464646464646475,0.125,-0.15869980879541112,-0.14109742441209405,0.3300000000000001,0.08352212656698388,0.14952777567909536,0.13988294436787974,0.18405195163416366,0.11450381679389321,0.08989596517766185,-0.266990291262136,0.2221688566681772,0.045669786106728116,0.08410000000000054,-0.0433630549469378,-0.003226507235295051,-0.0028073498936171948,2.576477873433017,-1.7110999999999876,-0.2899669254626829,10.355496183206107,0.45034751340955026,-0.021218578935302324,1.0,1.0,1,1,1.0,True
1979-09-01,9.33,10.06,10.26,11.43,-0.06,1454.2,339449.75,287373.54,274.3761,5.9,90327,5934.022,3.3,51.4597,47.0605,83.9792,28.5,80.9,1832.0,1638.0,66.7,74.4,35.889,0,-0.4900000000000002,-0.4300000000000015,2.9000000000000004,0.03220054181955345,0.019987119499726536,-0.08571428571428563,0.01423960209514874,0.014802454051300096,-2.466799999999992,0.7845117845117846,0.1306818181818179,-0.10921843687374755,-0.05913660555884093,-0.21333333333333324,0.08481439820022496,0.14675691945623615,0.1365500312086485,0.18515709466930397,0.11836115326251884,0.09269895874927059,-0.17729591836734704,0.2459617547806524,-0.013314822415916194,0.2401000000000002,-0.07191089053355575,-0.005714588398111786,-0.0182274652029768,2.8151856017997754,-2.466799999999992,-0.19728303786707357,10.82163884673748,0.6886155909235274,-0.0176826136942283,1.0,1.0,1,1,1.0,True
1979-10-01,10.3,11.49,11.7,13.77,0.01,1460.4,343251.3,290070.61,276.1506,6.0,90481,5934.119,3.2,51.8334,47.3272,84.4068,29.0,82.1,1681.0,1481.0,62.1,75.2,36.182,0,-0.9299999999999997,-0.7300000000000004,2.9800000000000004,0.030883007498202497,0.018586648462401545,-0.10810810810810823,0.011504803987860246,0.010623676603859433,-2.6695999999999884,0.9191919191919193,0.1394366197183099,-0.07005076142131983,-0.06453455168475153,-0.21999999999999986,0.08110921121106252,0.14609499201531295,0.13735156719827768,0.19034616320703024,0.11879699248120312,0.09611508154663762,-0.17039800995024879,0.24170544940896632,0.005794649206699476,0.8648999999999994,-0.135868342574241,-0.0054367164810960045,-0.014521241828577391,2.898890788788938,-2.6695999999999884,-0.18898465841265033,11.311203007518797,1.1319722382880286,-0.004981309883135054,1.0,1.0,1,1,1.0,True
1979-11-01,10.65,11.81,11.79,13.18,-0.32,1465.9,346389.41,292474.39,277.2382,5.9,90573,5953.221,3.1,51.7531,47.1535,84.1017,31.0,82.6,1524.0,1276.0,63.3,76.0,36.433,0,-1.3999999999999986,-1.1899999999999995,4.809999999999999,0.02870753558597472,0.014898909783726877,-0.1351351351351351,0.01126699560440847,0.009405752652166255,-2.2419999999999902,0.9528619528619529,0.14345403899721454,-0.15143866733972744,-0.16844469399213924,-0.16666666666666652,0.07985803016858917,0.148718047227544,0.14036070342656304,0.18557784075468087,0.12071535022354718,0.09632457655364668,-0.21689785624211844,0.3841171251109138,0.007261141455683684,1.959999999999996,-0.20820526611856138,-0.00584363179166858,-0.01388813396043731,4.7301419698314096,-2.2419999999999902,-0.2317967660258453,13.649284649776453,3.293788466570346,-0.0008097284515513614,1.0,1.0,1,1,1.0,True
1979-12-01,10.39,11.39,12.04,13.78,-0.17,1473.9,348589.11,294992.67,279.7257,6.0,90672,5968.38,3.1,51.7878,47.305,83.991,32.5,83.4,1498.0,1254.0,61.0,76.9,36.739,0,-1.1399999999999988,-1.1600000000000001,3.42,0.0246857711757984,0.016394536975463447,-0.16216216216216217,0.0019689688953252737,-0.00376070904154735,-2.5471000000000004,1.0875420875420878,0.14563106796116498,-0.2722063037249284,-0.28913649025069643,-0.1233333333333332,0.07850206003531501,0.1442182180700835,0.13498752296950234,0.17570360745391778,0.125925925925926,0.0977101536607412,-0.15600000000000003,0.2684770453207773,-0.16298786685118083,1.2995999999999972,-0.16440876859989503,-0.007514770643755053,-0.012270633199823466,3.341497939964685,-2.5471000000000004,-0.17239453697546347,13.054074074074073,2.232435227336593,-0.002538701386152642,1.0,1.0,1,1,1.0,True
1980-01-01,10.8,11.5,12.0,13.82,0.13,1482.7,350475.7,296725.93,281.8501,6.3,90800,5976.816,3.0,52.0679,47.5493,84.2841,32.5,85.2,1341.0,1280.0,67.0,78.0,37.124,0,-1.6499999999999986,-1.0,3.75,0.02256656629563225,0.013220428469205903,-0.13888888888888884,-0.0023348552274172762,-0.007508984975735822,-2.196399999999997,1.1885521885521886,0.1471801925722147,-0.26712328767123283,-0.3102310231023102,-0.1599999999999999,0.0789107678793648,0.13880648763629466,0.13280333204523354,0.1790861888876807,0.13254786450662737,0.10178437546858587,-0.07715582450832059,0.295915379547618,-0.197072526249913,2.7224999999999953,-0.229030704599886,-0.008316441202570246,-0.013839659215277522,3.671089232120635,-2.6577999999999946,-0.0903762529775265,13.647452135493372,2.3362491279745754,-0.00728850437901829,1.0,1.0,1,1,1.0,True
1980-02-01,12.41,13.42,12.86,14.13,-0.54,1494.4,353056.23,298927.1,285.6731,6.3,90883,5949.587,3.0,52.082,47.4753,84.1494,37.0,86.9,1350.0,1199.0,66.9,79.0,37.526,1,-1.1999999999999993,-0.6999999999999993,3.75,0.022430411674623896,0.011289670061029433,-0.16666666666666674,0.008524477122790364,0.00480750943539765,-1.9033000000000015,1.1885521885521886,0.15447154471544722,-0.1773006134969325,-0.12388774811772763,-0.11999999999999988,0.08100029163021305,0.13092031447637376,0.12262193873902794,0.1755656769145426,0.13868613138686126,0.10497961127481625,-0.07073509015256585,0.30375109361329894,-0.02586194615720505,1.4399999999999984,-0.15710437737164842,-0.006277123911350824,-0.002742518481618106,3.668999708369787,-2.364699999999999,-0.08202476021359528,13.681313868613138,0.0320292188366853,-0.017797732751170248,1.0,1.0,1,1,1.0,True
1980-03-01,12.75,14.88,15.2,17.19,-1.17,1499.7,353042.11,298903.04,289.3844,6.3,90994,5918.133,3.0,51.87,47.0886,83.6537,38.0,87.5,1047.0,988.0,56.5,80.1,37.987,1,-0.4499999999999993,-1.0099999999999998,4.07,0.020526640839930277,0.0027242284934010375,-0.16666666666666674,0.003986490654493968,0.0003961522657591754,-2.0379999999999967,1.3343848580441642,0.1602136181575433,-0.11184210526315785,-0.1963806970509383,-0.19333333333333322,0.08470639471583086,0.12609075458327257,0.11658016040466657,0.17138380640045003,0.14161849710982644,0.11102558029369969,-0.09472259810554806,0.3447550264934316,0.16036419846177052,0.20249999999999935,-0.05674083956247256,-0.004159130335868122,0.0020175217591686945,3.9852936052841694,-2.4993999999999943,-0.0974468265989491,13.988381502890174,0.9343074288161013,-0.018127463486810935,1.0,1.0,1,1,1.0,True
1980-04-01,11.47,12.5,13.2,17.61,-2.26,1502.2,351287.21,297327.17,290.6018,6.9,90849,5911.122,2.8,50.8397,46.1007,81.8445,39.5,87.8,1051.0,808.0,52.7,80.9,38.185,1,-2.4499999999999993,-2.130000000000001,7.100000000000001,0.016931347019971232,-0.005590445548647072,-0.1428571428571429,-0.0033548149087514467,-0.012641665705628857,-1.8295999999999992,1.3974763406940065,0.15435356200527717,-0.43313481321061176,-0.4255813953488372,-0.5266666666666665,0.08070908697845347,0.11299270613303114,0.10365133922610936,0.1673748342532857,0.14592274678111572,0.11595182138660398,-0.17397660818713456,0.5730345175470197,-0.16601152553937892,6.002499999999997,-0.2768321300259262,-0.005635219275661019,-0.0010199596813341705,7.019290913021548,-2.9950999999999937,-0.1683861626384875,17.044077253218887,3.396625117725515,-0.025813781503263522,1.0,1.0,1,1,1.0,True
1980-05-01,10.18,9.45,8.58,10.98,-2.39,1512.4,348644.54,294661.72,287.8784,7.5,90420,5892.81,2.5,49.589,44.6651,79.6867,39.5,88.3,927.0,861.0,51.7,81.7,38.482,1,-1.7299999999999986,-1.0299999999999994,7.6,0.01601485176196915,0.0012224112684739996,0.07692307692307687,-0.011272032096897422,-0.016621195864325533,-3.6388000000000034,1.4921135646687698,0.14174252275682697,-0.398741418764302,-0.4940513462742643,-1.3233333333333333,0.07139291063404896,0.09454066051904819,0.08690123675718353,0.14517957652262448,0.1458923512747876,0.11019043465619993,-0.20151515151515142,0.542586120818772,-0.22144080526736953,2.9928999999999952,-0.16355534269795324,-0.006415559912654745,-0.019796509219687786,7.52860708936595,-4.804299999999998,-0.20273756278362542,17.46410764872521,3.7827937801120726,-0.036379653957325564,1.0,1.0,1,1,1.0,True
1980-06-01,9.78,8.73,7.07,9.47,-1.25,1529.2,346696.96,292912.84,287.0378,7.6,90101,5906.964,2.4,48.9482,43.9365,78.5118,39.5,88.7,1196.0,1118.0,58.7,82.5,38.725,1,1.5999999999999996,0.7300000000000004,0.7400000000000002,0.0070275868981724,0.0015834128495755273,-0.2647058823529411,-0.044262762693309865,-0.06065704437289299,-5.599999999999994,1.1823204419889501,0.13935483870967746,-0.505863539445629,-0.48871733966745845,-1.9400000000000002,0.07247198978868252,0.07216722540272547,0.0650794595749109,0.1126384573553858,0.14425770308123242,0.10736381686857932,-0.24082232011747418,0.05362927244362508,-0.39402143418247115,0.0,0.11546756064436071,-0.013499053941757877,-0.04824925334780383,0.6675280102113177,-6.962099999999992,-0.2424057329670497,10.835742296918768,-3.152639205971406,-0.0539235291805471,0.0,1.0,0,0,0.0,False
1980-07-01,10.25,9.03,8.06,9.03,-0.63,1545.5,347071.37,293019.76,288.0583,7.8,89840,5950.966,2.6,48.6039,43.4461,77.8129,39.5,90.3,1269.0,1259.0,62.3,82.6,39.026,1,2.709999999999999,1.049999999999999,-0.8199999999999985,-7.768455631018689e-05,0.004519088019672157,-0.2941176470588235,-0.056811152967926604,-0.07714652988695503,-6.425900000000013,1.068062827225131,0.13717948717948714,-0.37480397281756406,-0.3182926829268292,-1.9666666666666668,0.07463106113843998,0.05644655311711766,0.05074254180374793,0.08940399990132142,0.1426592797783932,0.10522860893886654,-0.10790273556231,-0.06119747013352067,0.0583308403930477,0.0,0.1529701589473888,-0.01700903157628142,-0.05345633805917516,-0.8946310611384385,-8.137,-0.11242182358198216,9.327340720221608,-7.716736532997279,-0.05654615301591348,0.0,0.0,0,0,0.0,False
1980-08-01,11.1,10.53,9.13,9.61,0.31,1561.5,347546.01,293131.9,291.4491,7.7,90099,5963.437,2.7,48.7563,43.7616,77.9059,38.0,91.5,1436.0,1367.0,67.3,83.2,39.351,0,2.1899999999999995,1.2200000000000006,-1.4400000000000013,-0.0041788133056962495,0.004388888907641997,-0.21212121212121204,-0.06187644398635772,-0.08799870692007672,-6.593900000000005,0.8160919540229885,0.14015151515151514,-0.2789772727272727,-0.17926988265971322,-1.4233333333333336,0.07715361025926959,0.04542721303133268,0.03959556002713138,0.07539373657663195,0.1315068493150684,0.10539583628381255,0.0314569536423841,-0.11110119877334831,0.11976414603702934,0.0,0.09948559653861855,-0.0201936650676654,-0.0506044118894603,-1.5171536102592709,-8.835899999999995,0.027068064734742103,8.898493150684931,-8.56561449804028,-0.04911344748771551,0.0,1.0,0,0,0.0,False
1980-09-01,11.51,11.57,10.27,10.87,1.0,1574.0,348163.14,293771.86,294.7925,7.5,90213,5989.16,2.7,49.5608,44.5154,79.0322,36.0,91.7,1471.0,1484.0,73.7,83.9,39.715,0,1.9699999999999989,0.5700000000000003,-1.33,-0.002225913621262454,0.004895706108671183,-0.15625,-0.052694468839132313,-0.06908236915831178,-6.5009000000000015,0.4339622641509433,0.14949748743718594,-0.1923509561304837,-0.14079195474544315,-0.5233333333333333,0.07942762339278309,0.03502400014580731,0.03028993407318925,0.07686779591878956,0.12890094979647215,0.10614195361911438,0.04341085271317824,-0.10563873911240151,0.3135125833151453,0.0,0.06899728028724036,-0.009253500519434854,-0.008431706145822448,-1.4094276233927832,-8.742899999999992,0.038515146604507056,9.481099050203527,-1.3546432467152414,-0.037143225256918155,0.0,1.0,0,0,0.0,False
1980-10-01,11.75,12.09,11.62,12.81,1.14,1584.7,349597.72,295240.42,299.9573,7.5,90490,6040.861,2.8,50.1908,45.3594,79.8693,36.0,92.8,1523.0,1366.0,75.0,84.7,40.033,0,1.2400000000000002,-0.0600000000000005,-0.5600000000000005,-0.0012620811053173364,0.009291842868125455,-0.18181818181818177,-0.03690072036953185,-0.05408144834840256,-5.374600000000001,0.26315789473684204,0.13349814585908515,-0.1970524017467249,-0.09401709401709402,0.22666666666666666,0.08238206574061335,0.025669160162881344,0.02226481950982695,0.07441027115699939,0.12768817204301075,0.10660648109448578,0.10494752623688153,-0.04613395681474352,0.17775157107083916,0.0,0.031829758601972874,-0.0011843965490071495,0.019910432598394756,-0.6423820657406139,-7.616599999999991,0.09565568336875607,10.74231182795699,1.414971107735381,-0.030777392954236316,0.0,1.0,0,0,0.0,False
1980-11-01,12.68,13.51,13.73,15.85,0.64,1595.7,350004.49,295558.63,307.3743,7.5,90747,6055.398,2.9,51.0311,46.1823,81.0289,36.0,93.2,1510.0,1383.0,76.7,85.6,40.359,0,0.13000000000000078,-0.33999999999999986,-0.9599999999999991,9.94683966799581e-05,0.01798784284575361,-0.1250000000000001,-0.03168999139550932,-0.04157862708970739,-4.4148,0.24137931034482762,0.1303288672350793,-0.09399167162403332,-0.07765023632680623,0.8166666666666668,0.08511366748835925,0.018489136093585046,0.017822591540728627,0.0862091192269725,0.12632978723404253,0.10643413852191697,0.20772946859903385,-0.0817091207888248,0.18498560110323936,0.0,0.0024035876921660706,0.004278281702376208,0.0301864525908484,-1.0451136674883583,-6.779499999999999,0.18974162575328024,12.683670212765957,3.7851770620810257,-0.026938076937747635,0.0,1.0,1,0,1.0,True
1980-12-01,12.84,14.08,15.49,18.9,0.35,1599.9,351920.05,296950.0,312.0383,7.2,90943,6084.759,3.1,51.3708,46.3588,81.3842,37.0,93.8,1482.0,1249.0,64.5,86.4,40.621,0,-1.0500000000000007,-0.8300000000000001,2.67,0.0019211023152594375,0.01716331377585356,-0.06451612903225812,-0.013950855117857652,-0.020596562291240406,-3.255200000000002,0.16129032258064524,0.12832929782082325,-0.009186351706036766,0.08385579937304066,0.9266666666666666,0.08854628555836008,0.010436462246348643,0.010545333558948489,0.1087011097316315,0.12631578947368416,0.10775944885131628,0.21169036334913116,0.23641858244082142,0.18316460442444693,1.1025000000000016,-0.010958285358666083,0.004147015936521892,0.03874361372127466,2.58145371444164,-5.619900000000001,0.1945270495732776,15.723684210526315,6.242585160322788,-0.024587537899458667,1.0,1.0,1,1,1.0,True
1981-01-01,12.57,13.26,15.02,19.08,-0.27,1607.0,353029.32,297538.14,312.4522,7.5,91033,6065.141,3.0,51.0415,46.1616,80.6748,38.0,95.2,1547.0,1221.0,71.4,87.2,41.011,0,-2.6500000000000004,-1.2400000000000002,5.119999999999999,0.0029887947767779366,0.01949926110602873,0.0,-0.008052089488257752,-0.0200021139414438,-2.899899999999988,0.1384615384615384,0.12470023980815337,-0.010680907877169576,-0.003987240829346095,0.71,0.08548748219010793,0.009555490703653913,0.006635181816551539,0.11551530660214615,0.12353706111833551,0.10566428046490128,0.05737704918032782,0.4376959088133526,0.18637149386955532,7.022500000000002,-0.025322050364682873,0.004250875882095273,0.028848630881274095,5.034512517809891,-5.264599999999987,0.03787778807429909,18.776462938881664,8.034151110924675,-0.01611366945922743,1.0,1.0,1,1,1.0,True
1981-02-01,13.19,13.92,14.79,15.93,-0.44,1618.6,354744.99,298933.64,313.117,7.4,91105,6048.204,2.9,50.824,45.9281,80.1373,38.0,96.1,1246.0,1199.0,66.9,88.0,41.426,0,-2.4499999999999993,-0.6899999999999995,5.259999999999998,0.002566079295154289,0.014777935275236853,0.0,-0.019712721273567824,-0.029184446458728197,-3.4745999999999952,0.1692307692307693,0.11737089201877926,0.15361670395227445,-0.046093750000000044,0.24,0.08383354690766831,0.007286154218395069,0.0027372397147766847,0.10857579968926756,0.11794871794871797,0.10470315698739352,0.06567164179104479,0.44096445673433515,0.24760837557630777,6.002499999999997,-0.017851077835067914,0.0024666108984743307,0.011977270121941497,5.17616645309233,-5.9739999999999895,0.050893706515807935,18.96205128205128,6.278381069285324,-0.011202981875189977,1.0,1.0,1,1,1.0,True
1981-03-01,13.12,13.57,13.36,14.7,-0.09,1636.5,357127.13,300844.92,314.3933,7.4,91210,6067.35,2.9,51.0826,46.0765,80.3463,38.0,97.0,1306.0,1183.0,66.5,88.6,41.715,0,-1.5999999999999996,-0.7300000000000004,1.799999999999999,0.002442701055202834,0.016575436244566033,-0.033333333333333326,-0.02415421834798981,-0.03258957815959029,-3.5164000000000044,0.027027027027026973,0.1058688147295741,-0.07703703703703701,0.0,-0.12000000000000001,0.08311027837259077,0.0047832607287514595,2.187824389299209e-05,0.09606749812985549,0.11392405063291133,0.10392794329265032,0.0,0.1495985010706633,-0.06785068533100025,2.5599999999999987,-0.007653217166002334,0.0005215987399433963,-0.010203363230132156,1.7168897216274082,-6.511499999999998,-0.016575436244566033,15.816075949367088,0.09239173884077267,-0.005653201517597184,1.0,1.0,1,1,1.0,True
1981-04-01,13.68,14.15,13.69,15.72,-0.04,1659.2,359132.87,302007.54,318.5024,7.2,91283,6056.169,2.7,50.858,46.3206,79.7937,38.0,98.0,1360.0,1190.0,72.4,89.1,41.897,0,-0.2400000000000002,-0.45000000000000107,-2.490000000000002,0.002373782886783804,0.02521352595489157,-0.033333333333333326,-0.015180258338153063,-0.021493524972073796,-1.498199999999997,0.0,0.10857142857142854,0.24737344794651395,0.19736842105263164,-0.26666666666666666,0.09121824364872966,0.011570914302545976,0.006496688692092301,0.08642103720864003,0.10611735330836458,0.09813883697054249,0.17699115044247793,-0.22713342668533704,0.2580543558236835,0.0576000000000001,-0.0027770194326110368,-0.0006150118899941326,-0.007128168849895311,-2.5812182436487316,-6.302499999999995,0.15177762448758636,14.593882646691634,-4.18258029219003,0.0020154235988920632,1.0,1.0,1,1,1.0,True
1981-05-01,14.1,15.46,16.3,18.52,-0.05,1664.3,361232.8,303465.64,324.08,7.5,91296,6074.295,3.0,51.1495,46.5291,80.0484,38.0,98.3,1140.0,1173.0,76.3,89.7,42.085,0,-0.009999999999999787,-0.47000000000000064,-1.8899999999999988,0.004777157701240542,0.02453798111424521,-0.03571428571428559,0.0003599549171218186,0.004769992646532328,-1.5905000000000058,-0.03797468354430378,0.11617312072892938,0.2940057088487156,0.47277227722772275,-0.19000000000000003,0.10451338037544944,0.022334032599706566,0.015741481008950453,0.09600972877662839,0.10135970333745359,0.09721094670682184,0.3738140417457305,-0.1975302889095993,0.14038900489644113,9.999999999999574e-05,-0.0002233403259970609,0.002211078406086253,0.020072676190689642,-1.9945133803754482,-6.855099999999993,0.3492760606314853,15.618640296662548,-3.343410985388733,0.015047878381311497,1.0,1.0,1,1,1.0,True
1981-06-01,13.47,14.51,14.73,19.1,-0.28,1670.4,362743.46,304001.45,328.1726,7.5,91490,6107.73,2.9,51.4101,46.2994,80.2511,36.0,98.5,1045.0,976.0,73.1,90.5,42.253,0,-2.200000000000001,-1.3600000000000012,7.539999999999999,0.009688122096881191,0.03079770092706191,0.19999999999999996,0.031468672487850124,0.04173280704621729,-1.335800000000006,-0.03797468354430378,0.11325028312570784,0.22977346278317157,0.362369337979094,-0.06,0.10043639248875946,0.036106287509909185,0.029878058133917307,0.1257530957515396,0.0979192166462668,0.0936281898030249,0.47582205029013536,0.7572903993652462,0.3068104998202086,4.840000000000004,-0.07943383252180025,0.007245421041678357,0.05562289083583993,7.439563607511239,-6.600399999999993,0.44502434936307345,18.42208078335373,2.6060048339866437,0.031323026781157726,1.0,1.0,1,1,1.0,True
1981-07-01,14.28,15.35,14.95,19.04,0.06,1681.9,364677.73,305633.03,331.8571,7.2,91601,6199.452,3.0,51.7471,46.4033,80.5724,36.0,99.0,1041.0,935.0,74.1,91.5,42.508,0,-1.2599999999999998,-1.0399999999999991,9.63,0.01541603311838946,0.03398801821037001,0.20833333333333326,0.05029602722878468,0.05377988688220481,-1.133100000000013,-0.08860759493670889,0.11048478015783547,-0.12625418060200666,-0.12701252236135963,-0.12333333333333334,0.09233586188856924,0.04628393626526184,0.037856346618331926,0.14330795456208212,0.09696969696969693,0.09110393802453198,0.24531516183986346,0.8891943499869218,-0.3736276285485206,1.5875999999999995,-0.058317759694229906,0.013042250231605657,0.06547628556693774,9.537664138111431,-6.3977,0.21132714362949345,19.003030303030304,4.40914765633867,0.03471302196271586,1.0,1.0,1,1,1.0,True
1981-08-01,14.94,16.28,15.51,17.82,-0.46,1694.3,365154.46,305855.27,336.523,7.4,91565,6222.937,2.9,51.6826,46.3841,80.271,36.0,99.0,940.0,889.0,77.2,92.2,42.774,1,-0.6699999999999999,-1.0700000000000003,10.01,0.019601513802315118,0.0417555738009594,0.15384615384615374,0.06466970757490653,0.0680659483820183,-0.8118000000000052,-0.08860759493670889,0.09634551495016619,-0.17966903073286056,-0.25734710087370927,-0.09000000000000001,0.08825622775800723,0.05072835595745051,0.04304580005116376,0.15204838742712856,0.10774818401937059,0.0892225695690052,0.189406099518459,0.8834448398576524,-0.47367473958157613,0.4488999999999999,-0.03398799849149184,0.014824356101074576,0.06430975265778471,9.921743772241992,-6.0763999999999925,0.1476505257174996,18.932251815980628,3.31361151931808,0.028394323357743945,1.0,1.0,1,1,1.0,True
1981-09-01,15.32,16.46,14.7,15.87,-0.97,1706.0,369595.74,309400.99,338.1155,7.6,91477,6213.748,2.6,51.4337,46.193,79.688,36.0,98.8,911.0,847.0,73.1,93.1,43.033,1,-0.5700000000000003,-1.3400000000000016,8.21,0.016270990799009954,0.04351517421916262,0.07407407407407396,0.060018910376710144,0.05992696793535868,-1.1132000000000062,-0.052631578947368474,0.08196721311475419,-0.34540389972144847,-0.34967081199707384,-0.22666666666666668,0.08504642971501752,0.050665090357388864,0.043404931363662635,0.1546544490959143,0.10817307692307687,0.08698635358694817,0.1471025260029719,0.6982311879602939,-0.57517736250462,0.3249000000000003,-0.028879101503711667,0.0065828687021287635,0.02855023788886002,8.124953570284983,-6.3777999999999935,0.10358735178380929,17.711826923076924,-0.7102538602768078,0.01455880284747968,1.0,1.0,1,1,1.0,True
1981-10-01,15.15,15.54,13.54,15.08,-1.3,1721.7,370456.71,309829.36,341.1989,7.9,91380,6190.074,2.6,51.0281,45.7088,78.8694,35.0,98.9,873.0,731.0,70.3,93.4,43.228,1,0.620000000000001,-1.1400000000000006,5.0,0.014011284404686686,0.037499081674224666,-0.03703703703703709,0.03778994689351256,0.03768583456511676,-1.6962000000000046,0.0,0.07742639040348953,-0.380693405846363,-0.4292452830188679,-0.4566666666666667,0.08386277001270659,0.06155907256580906,0.0532015898323277,0.14696099799011164,0.1096543504171632,0.08354525997733853,-0.008141112618724633,0.41931385006353294,-0.25443922524435636,0.0,0.03816662499080168,-0.0014047487137027748,-0.012506080335272118,4.916137229987293,-6.960799999999992,-0.0456401942929493,15.760345649582836,-3.2426846534474674,0.01527513630054722,0.0,1.0,0,0,0.0,False
1981-11-01,13.39,12.88,10.86,13.31,-1.36,1736.0,371759.91,311002.55,345.5088,8.3,91171,6197.172,2.4,50.435,45.1031,77.7706,36.0,98.8,837.0,748.0,62.5,93.8,43.46,1,1.6100000000000012,-0.3899999999999988,2.2699999999999996,0.009835340921648728,0.024700618007929664,-0.07142857142857129,0.0166823401898355,0.007702923760014357,-2.514800000000008,-0.02777777777777779,0.06573275862068972,-0.42678923177938277,-0.46486090775988287,-0.91,0.08645169432700195,0.05966569232774188,0.04941376251937313,0.13749156963341114,0.10271546635182993,0.07980915744510786,-0.06266666666666676,0.19624534612229438,-0.24712020104652221,0.0,0.0960617646476645,-0.00976617288066639,-0.047987367385071034,2.1835483056729976,-7.779399999999995,-0.08736728467459642,14.97728453364817,-3.9549672823324578,0.008937336370291371,0.0,1.0,0,0,0.0,False
1981-12-01,13.72,13.29,10.85,12.37,-1.57,1755.5,371301.44,310373.44,350.3077,8.5,90895,6193.277,2.4,49.8987,44.321,76.7706,35.0,98.8,910.0,796.0,64.3,94.1,43.594,1,2.530000000000001,0.5099999999999998,-2.539999999999999,0.004672330765755239,0.02341282934664246,-0.1724137931034483,-0.011681112106147085,-0.023368260134293828,-3.6136000000000053,0.0,0.060085836909871126,-0.4456953642384106,-0.4591467823571945,-1.21,0.08792379519959881,0.06215754546463104,0.05225332110924996,0.1240653496404871,0.09579439252336464,0.07683540226467445,-0.18513689700130376,-0.2233264398069809,-0.10029146451696214,0.0,0.1572585900255166,-0.011598660033254715,-0.07170002248285723,-2.6279237951995977,-8.878199999999993,-0.20854972634794622,13.214205607476636,-4.497621315600288,0.011492455107242172,0.0,1.0,0,0,0.0,False
1982-01-01,14.59,14.57,12.28,13.22,-1.83,1770.4,375167.36,313971.26,354.8455,8.6,90565,6179.452,2.3,48.8685,43.2086,75.0243,33.85,99.7,843.0,794.0,71.0,94.4,43.853,1,2.870000000000001,0.4300000000000015,-6.529999999999999,-0.0005278031294326802,0.01783439574188561,-0.22580645161290325,-0.028656357308042835,-0.04395713435205406,-3.904200000000003,-0.05405405405405406,0.05330490405117261,-0.38596491228070173,-0.3626901521216973,-1.4100000000000001,0.09725607850490658,0.05507327587615429,0.04520437784138753,0.12264327808477371,0.08912037037037024,0.07318874473794335,-0.0031007751937984773,-0.6350821926370399,-0.005271506434338713,0.0,0.15806030176456287,-0.014539087534119366,-0.0664463042015554,-6.627256078504906,-9.416799999999995,-0.02093517093568409,12.280879629629629,-3.4794660199532075,-0.006485796689654766,0.0,1.0,0,0,0.0,False
1982-02-01,14.43,14.82,13.48,14.78,0.91,1774.4,376377.07,314908.25,360.7137,8.9,90563,6205.602,2.4,49.8636,44.4528,76.3932,31.56,99.8,866.0,808.0,66.5,94.7,43.985,1,2.3100000000000005,0.019999999999999574,-5.859999999999998,-0.005140992826777158,0.018847212290695303,-0.2333333333333334,-0.042573200239021225,-0.06397091955218193,-5.548100000000005,-0.10921052631578942,0.047268907563025264,-0.45507433742727865,-0.34971334971334966,-1.5866666666666667,0.10168014934660863,0.06270878577450723,0.05523029753429265,0.13567931350779427,0.08256880733944949,0.06929848089536961,-0.0056022408963586345,-0.5958456751711263,-0.02828510564789588,0.0,0.14485729513911172,-0.014976333748425885,-0.05925554042885672,-5.9616801493466065,-11.1631,-0.024449453187053938,13.137431192660552,-1.8398533409876183,0.0030430934467653437,0.0,1.0,0,0,0.0,False
1982-03-01,13.86,14.19,12.68,14.68,-0.96,1786.4,376885.41,315260.16,363.9746,9.0,90434,6201.39,2.3,49.5323,44.1227,75.7372,28.48,99.6,931.0,891.0,62.0,94.7,44.098,1,0.9499999999999993,-0.39000000000000057,-1.1500000000000004,-0.005949179518138448,0.026023923796221204,-0.1724137931034483,-0.018896584290886143,-0.03212194713040595,-4.179200000000009,-0.16947368421052633,0.03850156087408951,-0.304975922953451,-0.3261050875729775,-0.83,0.09625602372420627,0.060979240326973994,0.05343864946079657,0.1520093128127824,0.07613636363636367,0.061772799691015345,-0.005979073243647326,-0.11069442728283725,0.1407194412849596,0.0,0.05793027831062525,-0.010621510283893687,-0.007215472184739058,-1.2462560237242066,-9.794200000000004,-0.03200299703986853,14.703863636363636,1.4896580288869998,-0.001178305137657043,0.0,1.0,0,0,0.0,False
1982-04-01,13.87,14.2,12.7,14.94,-1.08,1804.0,378634.28,316379.45,371.0565,9.3,90150,6244.64,2.2,49.075,43.7924,74.9018,33.45,99.6,917.0,888.0,65.5,95.0,44.12,1,1.1799999999999997,-0.33000000000000007,-0.019999999999999574,-0.008507839052735444,0.022092017107963047,-0.206896551724138,-0.030348885922016455,-0.042403394355040036,-4.8352,-0.2505263157894737,0.02680412371134011,-0.28713629402756513,-0.2468300929839391,-0.6266666666666666,0.09159792239535602,0.05532562031901622,0.04791584980062158,0.1577046966331661,0.06884875846501148,0.05712573414838773,-0.06766917293233088,-0.0018319584479070815,0.0988286182531366,0.0,0.06528423197643912,-0.007980035923302764,-0.0016925286139736206,-0.1115979223953556,-9.746099999999998,-0.08976119004029393,14.611151241534989,2.33027161190536,0.00025234444286192925,0.0,1.0,0,0,0.0,False
1982-05-01,13.62,13.78,12.09,14.45,-0.63,1815.7,380438.8,317589.6,375.9823,9.4,90107,6244.365,2.3,48.7483,43.7082,74.2775,35.93,99.8,1025.0,953.0,67.5,95.9,44.382,1,1.17,-0.33000000000000007,-0.7800000000000011,-0.012411949651085052,0.031120498783967276,-0.18518518518518512,-0.035058397892170245,-0.05458046743781386,-5.670600000000007,-0.11973684210526303,0.01632653061224487,-0.325735294117647,-0.253781512605042,-0.37666666666666665,0.0872709739633557,0.054301378762684704,0.04758791783807803,0.16500378019129536,0.06621773288439958,0.053058691553094395,-0.09530386740331498,-0.06807135969141755,0.12933904330963164,0.0,0.0635326131523411,-0.007270956824307895,0.0075148023468509795,-0.8672709739633568,-10.581500000000005,-0.12642436618728226,14.8737822671156,1.7363510744550474,-0.00840740701182252,0.0,1.0,0,0,0.0,False
1982-06-01,14.3,14.47,12.47,14.15,-1.17,1826.2,381985.62,318500.2,380.5642,9.6,89865,6223.394,2.3,48.6214,43.6682,73.9684,35.07,100.0,902.0,913.0,65.7,97.0,44.704,1,1.5299999999999994,-0.16000000000000014,-4.07,-0.01302357167893442,0.02799831091509386,-0.2333333333333334,-0.04694474041779495,-0.0606265756268658,-6.294899999999998,-0.05447368421052634,0.015259409969481164,-0.10087719298245612,-0.18755328218243816,-0.89,0.09096917623024692,0.053167929379613454,0.04654220490991978,0.1601527400641818,0.06911928651059096,0.0545800166330046,-0.11533420707732633,-0.370244547257105,0.20409872997099487,0.0,0.08134693195080855,-0.0070743921607959726,-0.028048156126908808,-4.160969176230247,-11.009199999999993,-0.1433325179924202,14.380880713489407,-0.32298292287422825,-0.007811310947360539,0.0,1.0,0,0,0.0,False
1982-07-01,13.95,13.8,11.35,12.59,-0.78,1831.6,382447.1,318106.43,384.0437,9.8,89521,6223.874,2.4,48.4616,43.6209,73.6215,34.16,100.4,1166.0,1044.0,65.4,97.5,44.969,1,1.83,-0.16999999999999993,-4.950000000000001,-0.017761503989507044,0.018937313862924743,-0.206896551724138,-0.05424420493249382,-0.0568301101094183,-6.603999999999999,-0.025833333333333375,0.015228426395939021,-0.13684210526315788,-0.06454918032786883,-0.96,0.0932710727969348,0.05304619413400302,0.04769302909574935,0.1596464787127263,0.07182320441988943,0.05800771542849037,-0.10123119015047866,-0.46169181034482737,0.15029418876440725,0.0,0.09707453526522554,-0.0092536649367716,-0.023895319010477367,-5.043271072796935,-10.969300000000004,-0.1201685040134034,14.078176795580111,-0.5329744459548778,-0.0022794261850132003,0.0,1.0,0,0,0.0,False
1982-08-01,13.06,12.32,8.68,10.12,-1.09,1845.1,382862.64,318058.26,385.8593,9.8,89363,6236.193,2.3,48.0192,43.1911,72.8586,33.95,100.3,1046.0,926.0,65.4,97.7,45.108,1,2.5999999999999996,0.14999999999999858,-6.449999999999999,-0.022707175685855008,0.003939380448465313,-0.20000000000000007,-0.06349148068200938,-0.05996125275573083,-6.649500000000003,-0.05111111111111122,0.014141414141414232,0.12007684918347739,0.11657754010695198,-0.86,0.08900648076580042,0.04872622740083421,0.040811688448725514,0.15725624071324673,0.06557377049180335,0.057894984473510824,-0.11740890688259098,-0.5740918009394127,0.4458121433011244,0.0,0.12668819124216893,-0.010295226034769955,-0.028433082789839137,-6.539006480765799,-10.785300000000007,-0.12134828733105629,12.524426229508197,-2.349356037607402,-0.005575151361850494,0.0,1.0,0,0,0.0,False
1982-09-01,12.34,11.78,7.92,10.31,-0.58,1858.3,384355.25,319214.09,391.0385,10.1,89183,6233.608,2.2,47.9008,43.1135,72.5997,35.63,100.0,1144.0,1042.0,69.3,97.7,45.233,1,4.380000000000001,0.7400000000000002,-7.700000000000001,-0.024048490143613876,0.002130183866557056,-0.206896551724138,-0.07088265683228012,-0.06883824413969442,-6.829400000000007,-0.05694444444444435,0.013131313131313105,0.1127659574468085,0.04161979752530942,-1.0133333333333334,0.08900430856400865,0.04849503960597934,0.03989792296205974,0.14660602692832292,0.05965292841648595,0.0545658577640622,-0.15284974093264247,-0.6853331759428667,0.21364315042926463,0.0,0.21240827347418956,-0.011024918464679456,-0.023937916414485172,-7.78900430856401,-11.548200000000008,-0.15497992479919953,10.060347071583513,-4.320533641905895,-0.004672889773634115,0.0,1.0,0,0,0.0,False
1982-10-01,10.91,10.19,7.71,9.71,-1.28,1869.4,384967.19,319521.05,392.3917,10.4,88907,6229.736,2.2,47.4371,42.5515,71.8294,35.68,100.2,1173.0,1149.0,73.4,98.1,45.487,1,4.42,0.5600000000000005,-5.559999999999999,-0.025077341845491263,0.0031961386267997938,-0.15384615384615385,-0.06868842801509523,-0.06666594505661028,-6.2697,-0.010277777777777719,0.012145748987854255,0.2557628979143798,0.23022432113341207,-0.8166666666666668,0.0892731535756155,0.03993419945803489,0.031716446673296206,0.1565234365179946,0.04940923737916236,0.05112355634048282,-0.051983584131326865,-0.496358733880422,0.39260500317753766,0.0,0.17650916160451421,-0.00731583785598422,-0.014444223082601404,-5.649273153575614,-11.807100000000005,-0.05517972275812666,10.260590762620838,-3.817586032959273,-0.01311199467596813,0.0,1.0,0,0,0.0,False
1982-11-01,10.55,9.8,8.07,9.2,-0.54,1883.4,386766.65,321126.34,391.9751,10.8,88786,6253.827,2.3,47.283,42.2892,71.5396,34.15,100.3,1372.0,1229.0,72.1,98.0,45.624,1,3.2,0.7200000000000006,-5.369999999999999,-0.02706281462026705,0.006407354742447469,-0.15384615384615385,-0.070372990567942,-0.06907422640716887,-5.941199999999995,0.01942857142857135,0.013144590495449915,0.3436426116838487,0.5718194254445965,-0.9833333333333334,0.08578730324679107,0.03916916500176226,0.031280734659878684,0.1500379983640041,0.05032119914346889,0.05225779587304524,0.04409672830725464,-0.46067781843526795,0.2235657625003713,0.0,0.12534132800563924,-0.004355638934412043,-0.006881509885932613,-5.45578730324679,-12.454699999999988,0.03768937356480717,9.659678800856533,-2.8647474286516648,-0.009557062399071947,0.0,0.0,0,0,0.0,False
1982-12-01,10.54,9.66,7.94,8.95,-0.53,1905.9,389848.74,323500.44,392.0419,10.8,88771,6286.221,2.3,46.9485,42.1574,70.9871,31.72,100.5,1303.0,1351.0,71.9,97.7,45.693,0,2.4800000000000004,0.75,-4.110000000000001,-0.026159634094174655,0.009142073190803846,-0.04166666666666674,-0.0624962823436106,-0.062388172875035175,-5.231000000000009,-0.05138888888888893,0.015182186234817818,0.6391875746714457,0.643048128342246,-0.7999999999999999,0.08490783410138247,0.04036675175653026,0.03255211251483314,0.1344865890535929,0.044776119402985204,0.04979291302347,0.15359999999999996,-0.3489711981566821,0.5264216172246372,0.0,0.10010954435619507,-0.0021111439505607787,0.008386374488669524,-4.194907834101384,-12.744500000000002,0.1444579268091961,9.155223880597013,-0.9051231909864992,-0.008128287849449078,0.0,0.0,0,0,0.0,False
1983-01-01,10.46,9.33,7.86,8.68,1.13,1959.4,391827.73,325101.49,393.1864,10.4,88990,6279.297,2.3,47.8234,43.1531,72.2714,31.19,100.2,1586.0,1426.0,70.4,97.9,45.906,0,2.5999999999999988,0.879999999999999,-3.42,-0.023367621981407072,0.015007240916238507,-0.04166666666666674,-0.059123784787980305,-0.048816588073373746,-5.406099999999995,-0.09371428571428575,0.0172064777327936,0.4318681318681319,0.6972361809045227,-0.7833333333333332,0.08567359726573631,0.04995213592492398,0.04229421177275983,0.11913583401107086,0.03825717321997879,0.04814882782034213,0.11819595645412151,-0.2930037026488182,0.1761052339537521,0.0,0.12987555340480228,0.0017097198640841915,0.009564643227114922,-3.5056735972657362,-13.296999999999997,0.103188715537883,8.91174282678002,-1.3488479358408174,0.010017936466889088,0.0,0.0,0,0,0.0,False
1983-02-01,10.72,9.64,8.11,8.51,-0.46,1996.7,392360.96,325604.76,393.3556,10.4,88917,6283.89,2.3,47.5233,43.1294,71.7863,28.95,100.5,1699.0,1471.0,74.6,98.0,45.984,0,2.6000000000000005,1.1300000000000008,-4.540000000000001,-0.017390824269861382,0.01615758161079639,0.0,-0.0213859643737786,-0.0012844665182393245,-4.121799999999993,-0.07858197932053179,0.005015045135406293,0.8813760379596678,0.7959697732997482,0.019999999999999945,0.10675553547220962,0.04440783441288709,0.035449837032854425,0.10804955959706408,0.037076271186440746,0.04681549722937994,-0.00845070422535199,-0.4846701310438318,0.5377334262758191,0.0,0.11546036947350646,0.009671990350405668,0.0489870261941634,-4.64675553547221,-11.878,-0.02460828583614838,8.642923728813559,-1.016755072042974,0.00523866941112483,0.0,0.0,0,0,0.0,False
1983-03-01,10.51,9.66,8.35,8.77,0.72,2015.2,395583.05,328041.51,393.8048,10.3,89090,6314.258,2.6,47.9244,43.5567,72.366,28.82,100.4,1606.0,1475.0,80.8,98.1,46.043,0,2.610000000000001,1.08,-6.27,-0.01817519295959724,0.012615697880721477,-0.04166666666666674,-0.046934036050345296,-0.0297709030702229,-3.9509000000000043,-0.08269961977186313,0.007014028056112176,0.9618937644341801,0.8205445544554455,0.04666666666666661,0.12528178539224522,0.04246775713515172,0.033967068185733584,0.09049254297799036,0.03484688489968324,0.045447311583494354,0.12180451127819536,-0.7855167944093775,0.32270618976273435,0.0,0.11084084612274603,0.007984441134577414,0.015562246293265303,-6.395281785392244,-11.867400000000004,0.10918881339747388,8.475153115100316,-0.6800707654966978,0.0021010053786214566,0.0,0.0,0,0,0.0,False
1983-04-01,10.4,9.57,8.21,8.8,0.68,2028.9,398426.71,330023.37,392.4259,10.2,89364,6319.274,2.7,48.5311,44.0875,73.2597,30.61,100.4,1472.0,1566.0,89.1,98.8,46.253,0,2.16,0.8499999999999996,-5.91,-0.01486166707211889,0.018200435708768392,0.1304347826086958,-0.032461646238918895,-0.012827864115296683,-2.5357999999999947,0.011938202247190999,0.008032128514056325,0.7250268528464017,0.6554433221099887,0.4633333333333333,0.1280788177339902,0.04961094142646694,0.04054223026468051,0.08195681786586206,0.035902851108764455,0.04410630867613041,0.3032258064516129,-0.7569458128078822,0.2931587209782698,0.0,0.1071596334811686,0.008505954909288183,0.02666213854906141,-6.03807881773399,-9.478499999999997,0.2850253707428445,8.734097148891236,-0.17764567788878516,-0.00034119449845704253,0.0,0.0,0,0,0.0,False
1983-05-01,10.38,9.49,8.19,8.63,0.93,2043.6,399953.72,331068.19,391.4906,10.1,89644,6351.636,2.8,48.8239,44.6288,73.6804,30.0,100.8,1776.0,1669.0,93.3,99.2,46.384,0,2.1899999999999995,0.8300000000000001,-6.139999999999999,-0.008718801996672187,0.011951689769146068,0.2272727272727273,-0.011083036169128868,0.006738612179282288,-1.0178000000000083,-0.08490284005979087,0.008032128514056325,0.6052344601962922,0.7635135135135136,0.31333333333333335,0.12466740576496682,0.052273212029296356,0.0431251776940631,0.05759069036656128,0.040000000000000036,0.04834542157751587,0.36030534351145027,-0.7654578713968961,-0.27614157776337556,0.0,0.114478334344159,0.008672022273189195,0.01030292820464973,-6.264667405764966,-8.124500000000012,0.3483536537423042,8.760000000000002,0.11707627118644304,0.007865377616409264,0.0,0.0,0,0,0.0,False
1983-06-01,10.85,10.18,8.79,8.98,1.15,2053.8,404832.6,334551.8,393.8395,10.1,90021,6360.3,2.9,49.123,45.0032,74.1097,31.0,101.0,1733.0,1769.0,92.2,99.4,46.557,0,2.1900000000000013,0.8900000000000006,-5.8199999999999985,-0.005138335534420224,0.017178848449762363,0.21739130434782616,0.0015508233107617286,0.021062409341954247,-0.2879999999999967,-0.1650431394377957,0.01002004008016022,0.7326829268292683,0.751311647429171,0.7766666666666667,0.12551632979016358,0.05129581945900363,0.04244027512235915,0.04124742042378049,0.0344108446298228,0.04510837727006445,0.38222222222222224,-0.7305050393787519,-0.2292108376049118,0.0,0.11233784461521802,0.013036857425177018,0.048484859361107024,-5.945516329790162,-7.703800000000001,0.3650433737724599,8.595589155370178,0.12043604026986188,0.008828062323851915,0.0,0.0,0,0,0.0,False
1983-07-01,11.38,10.69,9.08,9.37,1.07,2064.9,409475.21,337934.87,397.7945,9.4,90437,6378.268,3.0,49.8546,45.6826,75.188,31.66,101.3,1785.0,1795.0,92.8,99.8,46.82,0,2.0600000000000005,0.6699999999999999,-5.17,0.0017359372391920758,0.021998607190867325,0.26086956521739135,0.010316445022150678,0.030571445582826984,0.0,-0.1160536070715712,0.010000000000000009,0.9212860310421287,0.9375684556407449,0.9199999999999999,0.12463038002409377,0.05981109969532361,0.050397456579305056,0.034883207616480894,0.024742268041237248,0.04145042949176814,0.4033485540334856,-0.6443390647245648,0.19625917819572702,0.0,0.12321086537236667,0.016597604311310965,0.04277809126106957,-5.294630380024094,-7.274500000000003,0.38134994684261825,8.955257731958763,0.22116058306752784,0.010200158268856674,0.0,0.0,0,0,0.0,False
1983-08-01,11.85,11.07,9.34,9.56,0.45,2073.9,413993.57,341427.64,401.5866,9.5,90129,6369.041,3.1,50.4443,46.0638,76.0452,31.91,101.8,1910.0,1713.0,90.9,100.1,47.02,0,2.3000000000000007,0.6900000000000013,-3.2200000000000006,0.01023223601166201,0.02480673612608486,0.25,0.028744407943608996,0.04726404086114688,0.0,-0.07318501170960179,0.008964143426294813,0.5308747855917668,0.7193486590038314,1.05,0.12737497270146325,0.07067149940475437,0.06233272304492554,0.03580530028223361,0.02358974358974364,0.041161689163646153,0.4189602446483178,-0.41014741209871175,-0.07435967460452542,0.0,0.1625444486309351,0.018951038008334198,0.039827444112737864,-3.3473749727014637,-6.196200000000005,0.39415350852223296,9.346410256410255,0.5864102564102538,0.01839828737545801,0.0,0.0,0,0,0.0,False
1983-09-01,11.65,10.79,9.0,9.45,1.59,2083.0,417820.94,344257.06,402.529,9.2,91247,6412.175,3.3,51.178,46.9454,77.1102,31.11,102.0,1710.0,1585.0,89.9,100.4,47.185,0,2.51,0.7799999999999994,-0.5599999999999987,0.008571780267000895,0.02130274030967283,0.34782608695652195,0.05050271558043451,0.06651138776275678,0.0,-0.06008836524300454,0.014955134596211339,0.8260038240917782,0.8498920086393089,0.89,0.12400411901793951,0.0813109631172162,0.07347515514924852,0.04075915754784187,0.02456499488229258,0.04238715970559559,0.38990825688073394,-0.06944230665004597,0.09332089726250992,0.0,0.20409051742421264,0.013710115801421119,0.04895189226967278,-0.6840041190179382,-5.339000000000013,0.3686055165710611,9.535435005117709,0.939845849747531,0.030015143658212562,0.0,0.0,0,0,0.0,False
1983-10-01,11.54,10.57,8.64,9.48,0.98,2098.8,423773.0,348650.84,405.7486,8.8,91520,6473.198,3.3,51.5693,47.4335,77.6485,30.41,102.2,1715.0,1716.0,89.3,100.8,47.265,0,2.6500000000000004,0.8600000000000012,-0.8600000000000012,0.023143424195194218,0.028645850043826915,0.4999999999999998,0.06841639388068677,0.08887935333480224,0.0,-0.12685938815604836,0.020000000000000018,0.4947552447552448,0.5211132437619961,1.0366666666666668,0.12091696712048638,0.08706968358048961,0.07845195680428763,0.02938457466464306,0.02763561924257929,0.043154334225012914,0.29725829725829733,-0.10398859172361843,-0.4265307862868839,0.0,0.2307346614882975,0.021407486956002142,0.05809994885853609,-0.9809169671204876,-4.274000000000001,0.2686124472144704,9.42236438075742,0.4671066487986568,0.027258583885166,0.0,0.0,0,0,0.0,False
1983-11-01,11.69,10.66,8.76,9.34,0.77,2111.9,429977.38,353190.44,409.6174,8.5,91875,6524.235,3.3,51.7993,47.6717,77.9317,29.84,102.1,1785.0,1668.0,91.1,101.1,47.332,0,2.8999999999999986,0.9699999999999989,-0.23000000000000043,0.029390261734171697,0.03908062877784868,0.4999999999999998,0.08710903491149335,0.11473156057953315,0.0,-0.14770179372197312,0.019960079840319445,0.4620630861040069,0.4934725848563968,1.0066666666666666,0.12271317000106996,0.10080290219018395,0.09116704517589702,0.0340397108297652,0.02752293577981657,0.03908809110295253,0.21662125340599436,-0.028224029100246142,-0.06881169948775989,0.0,0.29232841635153334,0.019158025722509686,0.05836462696788436,-0.3527131700010704,-3.7357000000000085,0.17754062462814568,9.452477064220183,0.10606680780992761,0.030131402785429584,0.0,0.0,0,0,0.0,False
1983-12-01,11.83,10.84,9.0,9.47,0.98,2123.4,437068.86,358041.61,413.9404,8.3,92230,6581.287,3.4,52.0594,47.8363,78.248,29.24,102.3,1688.0,1627.0,94.2,101.4,47.358,0,2.9299999999999997,1.0299999999999994,0.14000000000000057,0.034791521185772556,0.043238804015525156,0.4347826086956521,0.09551635894507537,0.12727835948658295,0.0,-0.12620790629575396,0.017946161515453696,0.30102040816326525,0.3572009764035802,1.1133333333333333,0.1213231390039291,0.11172299886766335,0.09984886322311648,0.04500872631960551,0.031632653061224536,0.03743643696300181,0.2635228848821083,0.016985239460550142,-0.5249834159285129,0.0,0.3273483866822536,0.02621974091877166,0.045013643364640865,0.018676860996071465,-3.4525000000000006,0.22028408086658313,9.308367346938775,-0.22706765817893348,0.030412035750447153,0.0,0.0,0,0,0.0,False
1984-01-01,11.67,10.64,8.9,9.56,1.28,2138.0,441991.13,362877.19,415.6054,8.0,92673,6603.03,3.4,53.0985,48.7093,79.7207,29.69,102.9,1897.0,1816.0,100.1,102.1,47.564,0,2.83,0.9900000000000002,0.5200000000000014,0.03896542789875079,0.04693853429588324,0.4782608695652175,0.10886183797139415,0.13470707396566195,0.0,-0.0781841109709962,0.017910447761193993,0.29547198772064465,0.20429311621021462,0.91,0.11411931371005823,0.12112420832756832,0.10677317780464213,0.05585754992004688,0.03787103377686796,0.03643884183572976,0.3101529902642559,0.059342043129230436,-0.19928325703460015,0.0,0.34278150956701836,0.015822003703556575,0.04044544409070738,0.4058806862899431,-2.4268,0.2632144559683727,9.432128966223132,0.009764585465712017,0.03405452474707871,0.0,0.0,0,0,0.0,False
1984-02-01,11.84,10.79,9.09,9.59,0.68,2158.2,451907.03,371202.54,423.5808,7.8,93157,6639.713,3.4,53.3318,49.2371,79.9686,30.145,103.2,2260.0,1987.0,97.4,102.6,47.884,0,2.7699999999999996,1.0299999999999994,0.8800000000000008,0.04138667265984952,0.051555612037462284,0.4782608695652175,0.11030374251935249,0.1287555239368665,0.0,-0.04809233728759221,0.026946107784431073,0.19609079445145028,0.2734922861150071,1.01,0.09115035214861678,0.1280241191709428,0.11619663754847753,0.057018757515519214,0.04290091930541351,0.03611728314381568,0.4218749999999998,0.08021230989078283,-0.26597229165255665,0.0,0.35462681010351155,0.011996410925677825,0.023194707607859133,0.788849647851384,-0.8517000000000081,0.3703193879625375,9.517099080694587,0.06462201647440402,0.027221216980758856,0.0,0.0,0,0,0.0,False
1984-03-01,12.32,11.31,9.52,9.91,0.44,2175.3,456550.16,373493.07,430.9463,7.8,93429,6679.057,3.5,53.5929,49.4618,80.2444,30.761,103.9,1663.0,1725.0,101.0,102.9,48.041,0,2.75,1.0500000000000007,1.08,0.04768491964416244,0.056624638559872764,0.4782608695652175,0.12222425631216693,0.1416133774177244,0.0,0.041278065630397265,0.02686567164179099,0.3301942319011184,0.35078178110129166,0.98,0.08088345770521355,0.1517634934933383,0.14004027459549406,0.07683937892329484,0.04693877551020398,0.041318719554627625,0.3056300268096517,0.08735413432163064,0.029173823737853155,0.0,0.4173496071066803,0.012893398458389882,0.02670789736709156,0.9991165422947865,-0.6038000000000068,0.24900538824977891,9.543061224489795,0.23469387755102034,0.04004049462567494,0.0,0.0,0,0,0.0,False
1984-04-01,12.63,11.69,9.69,10.29,0.59,2192.1,462141.22,377814.15,437.8374,7.7,93792,6721.247,3.5,53.91,49.7014,80.5902,30.618,104.0,1851.0,1776.0,96.1,103.3,48.224,0,2.8000000000000007,1.0099999999999998,1.1400000000000006,0.048703558199573393,0.05777385086260334,0.34615384615384603,0.11828004106467693,0.13557271326799314,0.0,0.06734906315058975,0.03486055776892427,0.03549190535491897,0.1694915254237288,0.7999999999999999,0.079446208813021,0.15411962165719695,0.1385542945464433,0.09431449286550087,0.04892966360856277,0.04339421844797253,0.25,0.09056867804684399,-0.2599800823657257,0.0,0.4315349406401516,0.0097381303008226,0.009418203093282784,1.0605537911869796,-0.32800000000000296,0.19222614913739666,9.861070336391437,0.4289413701683049,0.03299541332962863,0.0,0.0,0,0,0.0,False
1984-05-01,13.41,12.47,9.83,10.32,0.6,2204.8,472444.28,385354.23,446.3183,7.4,94098,6735.713,3.4,54.2026,49.8612,80.8857,30.52,104.1,1774.0,1741.0,98.1,103.5,48.285,0,2.9400000000000013,0.9400000000000013,1.4899999999999984,0.04955015442460042,0.06361062995527655,0.2962962962962963,0.11083408371126957,0.12733541253189684,0.0,0.00026135249918324277,0.03585657370517925,0.25747282608695654,0.13409961685823757,0.57,0.08043767558775672,0.15991525768942538,0.14481029025308123,0.11571993591656415,0.045546558704453455,0.04261345210040424,0.07856341189674532,0.11985213662575739,0.06138203163550626,0.0,0.47015085760691083,0.008163481764750902,0.0005303411919170831,1.4095623244122417,0.0,0.014952781941468762,10.244453441295546,0.7273543606009589,0.031891138518482576,0.0,0.0,0,0,0.0,False
1984-06-01,13.56,12.91,9.87,11.06,0.62,2215.6,480994.54,391575.58,450.9723,7.2,94479,6785.832,3.4,54.4014,50.0943,81.0276,29.967,104.0,1843.0,1814.0,95.5,103.7,48.371,0,3.58,0.9399999999999995,1.6899999999999995,0.049685422337245155,0.06046898783242605,0.2142857142857144,0.11016530838380367,0.11724267737425165,0.0,0.017333333333333423,0.03273809523809512,-0.0011261261261261701,0.04313960455362498,0.5433333333333333,0.07888040712468203,0.18124737032074623,0.1639723828495876,0.1400485733246215,0.043346774193548265,0.04098395998620208,0.05144694533762051,0.13330788804071259,-0.3313203580272446,0.0,0.6488655857482715,0.0020005026930827174,-0.012058947928363262,1.6111195928753175,0.0,-0.009022042494805538,10.276653225806452,0.7335920013166568,0.02948387682740794,0.0,0.0,0,0,0.0,False
1984-07-01,13.36,12.88,10.12,11.23,0.1,2223.6,487148.8,396763.13,455.8009,7.5,94789,6800.935,3.4,54.5521,50.3073,81.0869,28.752,104.2,1732.0,1605.0,96.6,104.1,48.544,0,3.6900000000000013,0.6500000000000004,2.08,0.0495217782517412,0.06690439130229708,0.17241379310344818,0.1074527207214544,0.1131275109325558,0.0,-0.03332258064516136,0.02970297029702973,0.06347374495095215,0.02543810062182028,0.6033333333333333,0.07878079657220738,0.18813193403890893,0.17044828334506046,0.1450662008254633,0.04325955734406439,0.038962991601692476,0.03579175704989157,0.16386405687019134,0.027981839596033176,0.0,0.6942068366035742,0.0008182200521678062,-0.010827320343222535,2.0012192034277927,0.0,-0.031112634252405513,11.016740442655935,1.1556701062644983,0.034012312381711984,0.0,0.0,0,0,0.0,False
1984-08-01,12.72,12.43,10.47,11.64,-0.01,2230.2,494117.63,401685.95,458.7925,7.5,95032,6845.315,3.4,54.6083,50.3863,80.9969,29.25,103.8,1586.0,1530.0,99.1,104.4,48.693,0,3.24,0.47999999999999865,1.8600000000000012,0.04812189701117897,0.06626673573452857,0.1333333333333333,0.09422400340189285,0.10123548134300586,0.0,-0.0918509159823121,0.028627838104639647,-0.029691876750700286,-0.1058495821727019,0.44,0.07685602208339382,0.18969057980335347,0.1740816507038767,0.14582001510830334,0.043086172344689366,0.03682187099530099,0.04094827586206895,0.14295220107511258,-0.2871647028376568,0.0,0.6145974785628653,-0.001428257413421452,-0.016610080309376718,1.7831439779166074,0.0,-0.02531845987245962,11.18691382765531,0.9424603863597643,0.029775322113928082,0.0,0.0,0,0,0.0,False
1984-09-01,12.52,12.2,10.37,11.3,-0.06,2244.2,498496.4,404024.49,461.9148,7.3,95344,6897.723,3.3,54.4466,50.1904,80.5761,29.311,103.4,1698.0,1523.0,100.9,104.7,48.759,0,2.25,0.2900000000000009,2.08,0.05439980472433947,0.07477954687369714,0.09677419354838701,0.08254649187321461,0.09383724312800945,-0.09000000000000341,-0.0833594484487622,0.01964636542239684,-0.16963350785340314,-0.10683012259194391,0.23666666666666666,0.07536525386952109,0.19353938274935034,0.17648925552717398,0.14244972317303417,0.04295704295704317,0.03558060399829843,0.09020902090209004,0.15675972804860386,-0.16850738172727697,0.0,0.43546361118603827,0.004714382387094318,-0.02761881651058906,2.004634746130479,-0.09000000000000341,0.015429474028392898,11.597042957042957,1.3203897312365047,0.012292012428604115,0.0,0.0,0,0,0.0,False
1984-10-01,12.16,11.6,9.74,9.99,0.17,2258.4,504658.66,408425.54,466.3545,7.4,95629,6877.638,3.2,54.4406,50.4685,80.3793,28.765,103.4,1590.0,1490.0,96.3,105.1,48.874,0,2.1500000000000004,0.3200000000000003,1.8500000000000014,0.04490010630486485,0.07572282415872933,0.0,0.0638672867247645,0.06912285335730428,-0.5108000000000033,-0.05782706525233039,0.013725490196078383,-0.007017543859649145,-0.039116719242902165,0.010000000000000002,0.07738838214114252,0.19308620577992097,0.17361279388140938,0.14753173063307234,0.042828685258964105,0.033358058705097005,0.1223581757508343,0.14316850696111377,-0.0704912888106013,0.0,0.41513534242683015,-0.004621671946876349,-0.043585433996689904,1.772611617858859,-0.5108000000000033,0.04663535159210497,11.257171314741036,0.24043087208510094,0.00495427174101204,0.0,0.0,0,0,0.0,False
1984-11-01,11.57,10.65,8.61,9.43,0.42,2280.9,510154.08,412018.18,470.9618,7.2,95982,6913.808,3.3,54.624,50.6061,80.4551,28.098,103.7,1689.0,1643.0,95.7,105.3,48.943,0,2.42,0.5600000000000005,0.5099999999999998,0.044897290209790164,0.062479164085510686,-0.030303030303030165,0.05567847537197523,0.06398431488294132,-0.7075999999999993,-0.054094048010522866,0.011741682974559797,-0.07288629737609331,-0.13170163170163174,0.03333333333333333,0.07604345340194385,0.19087025364994936,0.17144573637051885,0.14936810626087182,0.04265873015873023,0.034042103036073135,0.07838745800671898,0.03878216123499135,-0.043194420625393026,0.0,0.46190601383287744,-0.0032246068013888074,-0.03854552802991762,0.43395654659805594,-0.7075999999999993,0.015908293921208294,9.94734126984127,-1.2395725578140393,0.0011796738465958967,0.0,0.0,0,0,0.0,False
1984-12-01,11.5,10.18,8.06,8.38,0.06,2306.3,517278.98,416893.35,473.3524,7.3,96107,6960.651,3.3,54.6416,50.7415,80.2819,25.429,103.5,1612.0,1626.0,92.9,105.5,49.081,0,2.960000000000001,0.9199999999999999,0.08999999999999986,0.04470204081632656,0.05971167500864083,0.0,0.05453162494473873,0.061554339366961974,-0.6317999999999984,-0.05837801608579096,0.015670910871694588,-0.05378151260504205,-0.014988009592326157,0.17666666666666667,0.08002272834888013,0.18646725090515237,0.16656096354136873,0.14976023967731833,0.041543026706231556,0.03403617003295856,0.05049396267837558,0.0072020455513992,0.1158519952483611,0.0,0.5519430626792512,-0.009697763908012913,-0.02801486692847588,0.009977271651119723,-0.6317999999999984,-0.009217712330265249,9.388456973293769,-2.208585983749188,-0.007072131844197971,0.0,0.0,0,0,0.0,False
1985-01-01,11.38,9.93,7.76,8.35,-0.09,2332.1,523979.36,421137.53,472.9869,7.3,96372,6953.088,3.3,54.6322,50.622,80.0654,25.641,103.4,1711.0,1660.0,96.0,105.7,49.326,0,3.4399999999999995,1.3200000000000003,-1.0899999999999999,0.04203621381329281,0.05764282882664129,-0.02941176470588236,0.04960103266653104,0.06073212184052701,-0.8050000000000068,-0.13033515731874146,0.011730205278592365,-0.04502369668246442,-0.0006146281499692652,0.21666666666666667,0.08613544315720079,0.18351826757916356,0.16437123048351832,0.14352790884871336,0.04043392504930954,0.036382448583132776,-0.013800424628450103,-0.09388763304134884,-0.038006152822815276,0.0,0.6313028404723225,-0.00286389249157204,-0.014266254058233452,-1.1761354431572006,-0.8050000000000068,-0.0714432534550914,8.33956607495069,-2.917605239790346,-0.009567938200757409,0.0,0.0,0,0,0.0,False
1985-02-01,11.51,10.17,8.27,8.5,-0.05,2353.9,532448.43,427107.96,476.2366,7.2,96503,6958.565,3.3,54.7825,50.391,80.0794,27.271,103.3,1632.0,1662.0,93.7,106.3,49.555,0,3.620000000000001,1.450000000000001,-1.2100000000000009,0.03991453821501412,0.05301475231825381,-0.02941176470588236,0.02888405510513481,0.039267655252692935,-1.0215000000000032,-0.13637588413607282,0.004859086491739495,-0.0980495519240907,-0.08590308370044053,0.13,0.09078578110383528,0.18549745557111064,0.16055112199253974,0.138067262841147,0.0352595494613126,0.03704482381633167,-0.040959040959040904,-0.10985079513564076,-0.025163254547997393,0.0,0.6715007891674207,-0.004982751994776047,-0.026794420266840424,-1.3007857811038361,-1.0215000000000032,-0.09397379327729471,8.314740450538688,-1.6326008193025832,-0.005372798078838725,0.0,0.0,0,0,0.0,False
1985-03-01,11.86,10.71,8.52,8.58,0.36,2366.3,541757.18,433806.83,480.0172,7.2,96842,6988.108,3.3,54.8653,50.7781,79.9936,28.238,103.1,1800.0,1727.0,93.7,106.8,49.749,0,3.24,1.3399999999999999,-1.0899999999999999,0.03591785909808176,0.048021955165833186,-0.02941176470588236,0.027201407040452263,0.023435580080873875,-1.0074999999999932,-0.09533919389616852,0.0009689922480620172,-0.2778761061946903,-0.16356316054353293,-0.026666666666666686,0.09067741636548998,0.17822559653475634,0.15060624315771132,0.12431111136293249,0.03606237816764146,0.03489683401553756,-0.037987679671457886,-0.09883838383838407,-0.22409459358964823,0.0,0.5774509327726106,-0.008784181718244799,-0.02733021790428647,-1.1806774163654898,-1.0074999999999932,-0.08600963483729107,8.463937621832358,-0.9245193514614112,-0.008241654370396034,0.0,0.0,0,0,0.0,False
1985-04-01,11.43,10.09,7.95,8.27,-0.28,2375.8,549348.71,439280.32,478.7742,7.3,97038,6975.177,3.1,54.7459,50.5827,79.6154,28.805,103.3,1821.0,1664.0,94.6,107.0,49.821,0,3.34,1.1499999999999986,-1.33,0.03653041346905139,0.046271651821507165,-0.05714285714285716,0.023741950892748775,0.026612456481567737,-1.0932999999999993,-0.08201944020025353,-0.007699711260827802,0.08238123872519543,0.001159420289855051,0.0733333333333333,0.08780398106008369,0.18663232973130506,0.1614856200678636,0.11386778352662508,0.03790087463556846,0.035552965175579265,-0.07227722772277223,-0.11677929480991131,0.12740493540765985,0.0,0.6233519813025589,-0.005505800344241418,-0.025859081773782266,-1.4178039810600838,-1.0932999999999993,-0.1185488795442794,8.542099125364432,0.20253305041374148,0.0031140621521414946,0.0,0.0,0,0,0.0,False
1985-05-01,10.85,9.39,7.48,7.97,0.38,2390.4,555842.05,444685.77,480.8199,7.2,97312,6990.38,3.2,54.8255,50.6957,79.53,27.623,103.5,1680.0,1709.0,91.8,107.2,49.939,0,3.4799999999999995,1.3399999999999999,-2.0199999999999996,0.03460849539406352,0.03778019168169222,-0.11428571428571421,0.015505472083101601,0.017731894876200638,-1.471500000000006,-0.05921353452217648,-0.006730769230769207,-0.01620745542949753,-0.06306306306306309,0.009999999999999972,0.08380092149080798,0.18870311979528687,0.16268890405507563,0.09349772312735283,0.03581800580832528,0.03311629064366284,-0.015608740894901163,-0.16927786141143208,0.08184209649459318,0.0,0.6566868568875982,-0.005306042820950596,-0.013378583022033208,-2.1038009214908078,-1.471500000000006,-0.053388932576593384,8.234181994191674,-0.08055845634701342,0.00320566422417623,0.0,0.0,0,0,0.0,False
1985-06-01,10.16,8.69,6.95,7.53,-0.53,2413.3,561206.6,448811.12,482.3444,7.4,97459,7015.149,3.2,54.7989,50.7177,79.295,27.143,103.3,1676.0,1716.0,96.5,107.5,50.075,0,3.369999999999999,1.459999999999999,-2.3500000000000005,0.0341558800399584,0.037808469571075864,-0.05882352941176461,0.011492068646153486,0.01673646041410959,-1.5568999999999988,-0.09492136304062904,-0.0057636887608069065,-0.0529875986471251,-0.018380241240666284,0.1533333333333333,0.0841799709724238,0.1765240336913383,0.15396623517017072,0.07730267837998128,0.035748792270531515,0.034254944599772186,-0.06422018348623848,-0.19782293178519597,0.22488850754756518,0.0,0.5948859935398099,-0.001761979058123364,-0.015709338394298777,-2.4341799709724246,-1.5568999999999988,-0.10202865305731434,7.934251207729468,-0.5296864141028896,-0.0017015628434180474,0.0,0.0,0,0,0.0,False
1985-07-01,10.31,8.77,7.08,7.88,-0.2,2429.6,567653.0,453518.69,486.9674,7.4,97648,7025.338,3.3,54.5396,50.5235,78.7325,27.329,103.2,1684.0,1697.0,94.0,107.7,50.198,0,3.21,1.4700000000000006,-3.5300000000000002,0.03154140073455469,0.033793497982266496,-0.05882352941176461,0.007306797251541264,0.012444529617142042,-1.7918999999999983,-0.09423699402676267,-0.006730769230769207,-0.09061313076505695,-0.05402425578831316,-0.14333333333333337,0.08923090810615641,0.16676293248567853,0.1461672865299719,0.06956546998562874,0.03664416586306651,0.03522771908788336,0.010471204188481575,-0.31498510561473214,-0.17299436949025238,0.0,0.535309013279028,-0.004989012734496701,-0.01643515364120751,-3.6192309081061564,-1.7918999999999983,-0.02332229379378492,7.493355834136934,-1.048743291227498,-0.01986939724562653,0.0,0.0,0,0,0.0,False
1985-08-01,10.33,8.94,7.14,7.9,0.54,2443.9,573299.31,457305.61,489.7682,7.1,97840,7025.068,3.3,54.7055,50.7665,78.7932,27.755,102.7,1743.0,1808.0,92.4,107.9,50.364,0,3.2300000000000004,1.540000000000001,-3.3500000000000005,0.03016172762662328,0.0329959042396375,-0.02941176470588236,-0.0002291387499290254,0.004297587030112959,-2.264399999999995,-0.04949220923761821,-0.009596928982725572,-0.02771362586605086,0.0573208722741434,-0.1166666666666667,0.09264256161180073,0.16525587253832907,0.14304645696287355,0.06837744287034098,0.03458213256484166,0.03407218193803563,-0.026915113871635588,-0.3103525813995325,-0.011506170436553331,0.0,0.533776468298803,-0.004446767767440241,-0.015734610833030627,-3.4426425616118013,-2.3543999999999983,-0.059911018111273084,7.845417867435158,-0.3887641267565165,-0.023447247256957793,0.0,0.0,0,0,0.0,False
1985-09-01,10.37,8.98,7.1,7.92,0.24,2456.2,582148.37,463812.23,494.253,7.1,98045,7057.327,3.3,54.8906,50.798,78.8917,28.289,102.1,1676.0,1916.0,92.1,108.1,50.449,0,3.1900000000000004,1.3900000000000006,-3.74,0.02954794174593811,0.02625927367842107,-0.02941176470588236,0.0017799492018613083,0.00754570190706616,-1.782899999999998,-0.05111111111111111,-0.010597302504816941,0.09899117276166458,0.18169934640522878,-0.06333333333333335,0.09582100260066384,0.1602486436276318,0.13846553507783876,0.06751570699172271,0.03352490421455934,0.034317047624915276,-0.06760847628657907,-0.3583705497264828,0.15197877140878968,0.0,0.5111931731721455,-0.004607938294020286,-0.009712119444292178,-3.835821002600664,-2.293700000000001,-0.09386774996500014,7.866475095785441,-0.06777611194402677,-0.016275390063706485,0.0,0.0,0,0,0.0,False
1985-10-01,10.24,8.86,7.16,7.99,-0.39,2467.6,588307.45,468071.4,493.189,7.1,98233,7091.229,3.3,54.7199,50.7203,78.4909,29.538,102.9,1834.0,1743.0,88.4,108.5,50.533,0,3.2699999999999996,1.3899999999999988,-3.380000000000001,0.028328998154052654,0.02313865024733519,0.0,0.008154779178130456,0.012105900730020158,-1.5634000000000015,-0.034867455903926814,-0.012572533849129708,-0.012956419316843326,0.258043335521996,0.19333333333333333,0.09446573389181001,0.16780857394356308,0.14798048504435957,0.07000901464945475,0.032473734479465,0.034660267847987036,-0.08721506442021809,-0.3192941805543179,0.07765671144821362,0.0,0.5487340367954512,-0.0032124025805020384,0.0008479819265891919,-3.474465733891811,-2.1952,-0.11035371466755328,7.887526265520535,0.39417043138360075,0.0010456414578845497,0.0,0.0,0,0,0.0,False
1985-11-01,9.78,8.58,7.24,8.05,0.33,2477.3,594477.75,471931.33,497.1473,7.0,98443,7102.139,3.3,54.9124,51.0769,78.624,30.813,103.4,1698.0,1692.0,90.9,109.0,50.68,0,3.08,1.3800000000000008,-2.0,0.027230233506572166,0.031055865400301697,0.031249999999999778,0.005130362266396737,0.004989250720746741,-1.9642000000000053,0.026872935859551417,-0.004835589941972973,0.1534591194968553,0.16979865771812075,0.13,0.0926319518243004,0.1657532043540082,0.14603851659227796,0.05754099081278308,0.032350142721217834,0.033944428530507054,-0.08203530633437162,-0.1852639036486008,0.18117274536290617,0.0,0.5105198694103452,-0.0029314941200511146,0.005359501016325763,-2.0926319518243,-2.5960000000000036,-0.11309117173467331,7.957649857278782,0.11223198984362437,0.0004973318156791251,0.0,0.0,0,0,0.0,False
1985-12-01,9.26,8.15,7.1,8.27,0.28,2492.0,599711.23,475245.43,498.94,7.0,98609,7145.546,3.6,55.4412,51.2379,79.2506,27.228,103.6,1942.0,1794.0,93.9,109.5,50.85,0,2.539999999999999,1.1999999999999993,-1.379999999999999,0.02564022420870571,0.027239836570526643,0.0,0.005279730521382531,0.009303226290901856,-1.657899999999998,0.09662609438394187,-0.002892960462873684,0.005328596802841812,0.029823493609251406,0.06,0.0861063615239599,0.16529059220696607,0.14541385042766808,0.05560005078968189,0.03513770180436859,0.035490264184868225,-0.050156739811912154,-0.11882677890306458,-0.09366257595882277,0.0,0.4198381042056937,-0.0039077175372324024,0.0034997813195212224,-1.466106361523959,-2.4629000000000048,-0.0773965763824388,8.014862298195633,0.14838720241019132,0.0050419485793342655,0.0,0.0,0,0,0.0,False
1986-01-01,9.19,8.14,7.07,8.14,0.61,2501.6,605703.02,478614.71,500.442,6.7,98732,7140.925,3.4,55.7481,51.8511,79.5708,22.945,103.2,1972.0,1847.0,95.6,109.9,51.084,0,2.16,1.1099999999999994,-0.11000000000000121,0.0260334835131677,0.026562889017133662,0.09090909090909105,0.014633539281426744,0.009782919306681848,-0.8288000000000011,0.07074599866294395,0.0009661835748790981,0.20471464019851116,0.10332103321033204,0.07333333333333335,0.0805185795429908,0.15935743223124987,0.13996884335046356,0.054056132386779865,0.03791469194312791,0.03604246042256665,0.010764262648008671,-0.008857043749729085,0.21767105951535448,0.0,0.34421205361949975,-0.0022955146408849547,0.006478760103296288,-0.190518579542992,-1.8362999999999943,-0.01579862636912499,8.232085308056872,0.3445590425363374,-0.008451141712313204,0.0,0.0,0,0,0.0,False
1986-02-01,8.7,7.97,7.06,7.86,-0.53,2512.5,610678.29,481880.73,501.4133,7.2,98847,7176.182,3.3,55.3568,51.5828,78.9079,15.442,101.7,1848.0,1767.0,95.9,109.7,51.084,0,2.119999999999999,1.049999999999999,-0.20999999999999908,0.024488440625908048,0.027014903306272098,0.030303030303030276,0.02042568302210057,0.02427995733080479,-0.5086000000000013,-0.1051441051441051,-0.0019342359767892114,0.15254237288135597,0.11265060240963853,0.40666666666666673,0.07268127438789085,0.15596732665195057,0.13648078336784653,0.058046216501979275,0.039735099337748325,0.03564043303734343,-0.004166666666666763,-0.01526306762145701,-0.000916746615499342,0.0,0.33065073250213506,-0.002741792880664118,0.015295320755703834,-0.2826812743878899,-1.5160999999999945,-0.03118156997293886,8.100264900662252,0.14261504338346942,-0.009785877702057633,0.0,0.0,0,0,0.0,False
1986-03-01,7.78,7.21,6.56,7.48,-0.2,2533.1,613376.62,483198.63,505.1454,7.2,98934,7243.924,3.4,54.9625,51.4024,78.2531,12.618,100.3,1876.0,1780.0,95.1,109.1,50.972,0,1.6399999999999997,0.7299999999999995,-0.6399999999999997,0.024289400329523536,0.03127325820769089,0.0,0.010483274768402273,0.023651048798396523,-1.0857000000000028,-0.4337574713065161,-0.015488867376573068,0.13235294117647056,0.06317689530685922,0.12,0.06737754365096227,0.14692476415039857,0.12824104238188383,0.05286594940414058,0.0319849482596426,0.030854605993340778,0.023479188900747072,-0.04312162793661583,0.12702434437362875,0.0,0.2409566132066536,-0.0013508238791821725,0.005203544247019742,-0.707377543650962,-2.179000000000002,-0.007794069306943818,7.8280150517403575,-0.18684724645527506,-0.0183658280565675,0.0,0.0,0,0,0.0,False
1986-04-01,7.3,6.7,6.06,6.99,0.52,2558.1,619657.73,487617.38,507.415,7.1,99121,7267.821,3.3,55.0413,51.5522,78.2809,12.847,99.6,1933.0,1858.0,96.2,108.7,50.868,0,1.2200000000000006,0.5700000000000003,-1.0999999999999996,0.021602197393692846,0.03660733348711842,0.030303030303030276,0.0017716115650512343,0.012294670340166292,-1.3622999999999905,-0.5531553226149161,-0.027158098933074637,0.04222222222222216,0.030689056166763207,-0.040000000000000015,0.07048979419346657,0.13219841405701338,0.11385666749414702,0.05234854084395302,0.021535580524344455,0.024583408711732924,0.014941302027748016,-0.07753877361281321,-0.162492417976289,0.0,0.1612820651495564,-0.004431286119474853,-0.01286192771637551,-1.1704897941934662,-2.8337999999999965,-0.021666031459370405,7.458464419475656,-0.7736208885812159,-0.027159018174236493,0.0,0.0,0,0,0.0,False
1986-05-01,7.71,7.07,6.15,6.85,-0.15,2585.7,625819.96,492220.85,507.972,7.2,99248,7275.711,3.4,55.1226,51.5898,78.3175,15.444,100.0,1854.0,1797.0,94.8,109.0,50.961,0,1.2400000000000002,0.5999999999999996,-1.2799999999999994,0.021465817514787933,0.04195506436610863,0.06451612903225801,0.005395837861830843,0.019166632069857803,-1.289900000000003,-0.5540010414858532,-0.03581800580832528,0.061504667764964216,0.11658653846153855,-0.06999999999999999,0.07673204815220114,0.1279861383491736,0.11003693495761424,0.059821101471215554,0.015887850467289688,0.021015234539651928,0.016913319238900826,-0.09821702163481741,-0.09103770511639175,0.0,0.1587028115529753,-0.003022623111120115,-0.015029845160269728,-1.3567320481522005,-2.8059999999999974,-0.025041745127207804,6.9741121495327105,-1.126152751129541,-0.02798118830277696,0.0,0.0,0,0,0.0,False
1986-06-01,7.8,7.18,6.21,6.92,-0.13,2605.7,630055.83,495646.39,511.2745,7.2,99155,7277.787,3.3,54.9005,51.3868,77.9257,13.469,99.9,1847.0,1790.0,99.3,109.4,51.151,0,1.5599999999999996,0.6399999999999997,-1.12,0.019894771456757665,0.0408176665646216,0.0625,0.00541901122652777,0.017636604287937452,-1.25330000000001,-0.4409006986931181,-0.033816425120772986,0.10357142857142865,0.051492100643651284,0.05666666666666665,0.08170180722891551,0.1258953150449842,0.10689588740381772,0.05647041646986728,0.01679104477611948,0.0204649672600572,0.03267973856209161,-0.09150602409638538,-0.028781512605041915,0.0,0.1963966914701753,-0.004394628872765871,-0.005064263541874503,-1.2017018072289156,-2.7694000000000045,-0.008137928002529993,6.83320895522388,-0.9948060965164771,-0.021029449105414377,0.0,0.0,0,0,0.0,False
1986-07-01,7.3,6.67,5.83,6.56,0.34,2626.6,635150.95,499489.88,512.9096,7.0,99473,7312.343,3.4,55.2592,51.6877,78.3589,11.575,99.4,1782.0,1780.0,97.7,109.5,51.164,0,1.5899999999999999,0.6200000000000001,-0.6100000000000003,0.017402189638719978,0.03743869160868862,0.031249999999999778,0.0018540518149086083,0.01319263294668338,-1.6450999999999993,-0.503776295914232,-0.03291384317521773,0.10202863961813846,0.04312354312354305,0.08,0.07972485807815,0.12268072043343747,0.10435407661022311,0.05997809863657588,0.017674418604651132,0.021487768347478786,0.02901554404145079,-0.04863216342767152,0.0598064173959163,0.0,0.19506234548916557,-0.004200007754972868,8.244024985737397e-05,-0.6897248580781503,-3.161199999999994,-0.008423147567237832,6.902325581395349,-0.5561388380803072,-0.009517693623575907,0.0,0.0,0,0,0.0,False
1986-08-01,7.17,6.33,5.53,6.17,0.08,2646.5,638904.39,502045.82,514.9727,6.9,99588,7327.756,3.4,55.1567,51.8215,78.1348,15.092,99.3,1807.0,1726.0,94.9,109.6,51.228,0,1.4699999999999998,0.6299999999999999,-1.3200000000000003,0.01868957889562517,0.04085283868192535,0.030303030303030276,0.013194082831557319,0.023042742486169887,-1.2119,-0.5764572432214864,-0.036821705426356544,0.05819477434679343,0.048909840895698276,0.02,0.08108330589397439,0.1189070611799814,0.10136559090872299,0.05327297063417369,0.01671309192200554,0.019243794573488904,0.03936170212765955,-0.10702996378004621,-0.003309893418170784,0.0,0.17479337993457264,-0.002776238619162763,0.0077982449697264755,-1.4010833058939747,-2.7279999999999944,-0.001491136554265804,6.543286908077994,-0.43082524145471623,-0.009079077169192207,0.0,0.0,0,0,0.0,False
1986-09-01,7.45,6.35,5.21,5.89,0.65,2667.9,646023.16,508775.79,517.555,7.0,99934,7334.44,3.4,55.2975,51.9572,78.2497,14.913,99.4,1687.0,1686.0,91.9,110.0,51.396,0,1.6399999999999997,0.8399999999999999,-1.7300000000000004,0.017865903515944304,0.043086842718106144,0.030303030303030276,0.008247799581394988,0.02078142081884704,-1.436000000000007,-0.4562421185372004,-0.0331061343719572,0.03671830177854285,-0.04535398230088494,0.09666666666666666,0.08290028233561109,0.11443425599099344,0.0978343781962352,0.05146209982599936,0.01575532900834098,0.017155110793424022,0.027056277056277,-0.14341748844060723,-0.0668531267928858,0.0,0.1876721798252292,-0.0020288679408133614,0.0028287883548672177,-1.8129002823356115,-2.9521000000000015,-0.016030565661829144,6.154244670991659,-0.6789642842322214,-0.011461059053990752,0.0,0.0,0,0,0.0,False
1986-10-01,7.43,6.28,5.18,5.85,-0.26,2687.1,653787.29,514880.75,517.5394,7.0,100121,7336.284,3.4,55.5332,52.1533,78.4896,14.852,99.7,1681.0,1675.0,95.6,110.2,51.488,0,2.24,1.1000000000000005,-2.0300000000000002,0.019266663266867212,0.03926599971915712,0.030303030303030276,0.007412926803496367,0.02281979605496276,-1.3211000000000013,-0.4728339637314858,-0.026444662095984173,0.0065632458233890745,-0.12004175365344472,0.3566666666666667,0.08619004967022237,0.10972252657857662,0.09694345489768574,0.047145894916166275,0.01757631822386685,0.01877143253582836,-0.0021715526601518986,-0.17496580083055144,-0.09546539379474939,0.0,0.24577845953601166,0.001864473628147234,0.005558874988587759,-2.1161900496702226,-2.8371999999999957,-0.04143755237930902,5.872423681776133,-1.0299018996192162,-0.012958193854860856,0.0,0.0,0,0,0.0,False
1986-11-01,7.25,6.28,5.35,6.04,0.02,2701.0,653767.3,513804.18,523.9208,6.9,100308,7347.933,3.4,55.7557,52.3486,78.7,15.207,99.8,1623.0,1644.0,91.4,110.4,51.58,0,2.25,1.1499999999999995,-2.1400000000000006,0.019219610517850372,0.03455747938756448,0.030303030303030276,0.014862965758343893,0.02825298746261362,-1.0812000000000097,-0.49719006026135826,-0.03109815354713319,-0.08342420937840789,-0.039013195639701626,0.15666666666666662,0.08895282865942611,0.11130207513095414,0.10000472150189044,0.04937336396391645,0.015668202764977046,0.018898541547107905,0.08144796380090491,-0.19035905333117192,-0.14161898372520132,0.0,0.2504296690446468,0.0005300316222252022,0.0016688829267865746,-2.228952828659427,-2.597300000000004,0.04689048441334043,5.834331797235023,-0.7089551108429717,-0.0076049860490272625,0.0,0.0,0,0,0.0,False
1986-12-01,7.11,6.27,5.53,6.91,0.95,2728.0,654750.24,513682.08,539.2648,6.6,100509,7373.793,3.5,56.2845,52.8676,79.3312,16.076,99.7,1833.0,1903.0,89.1,110.8,51.651,0,1.9000000000000004,0.9699999999999998,-2.0100000000000007,0.018944973233241624,0.034608446835523665,0.030303030303030276,0.015357187083427482,0.02489775221283974,-0.8708000000000027,-0.5064745399668971,-0.03481624758220514,-0.044169611307420475,-0.028368794326241176,0.13666666666666663,0.0902999233035966,0.09973384201511326,0.0887265738428511,0.05385426009554917,0.012844036697247763,0.017758484609313285,0.005500550055005604,-0.18150284584022922,-0.08088791308596333,0.0,0.18949429982871524,0.0010790697172973207,0.007109387502032494,-2.1002999233035973,-2.386899999999997,-0.02910789678051806,6.027155963302752,-0.12708870768890712,-0.014700413975880178,0.0,0.0,0,0,0.0,False
1987-01-01,7.08,6.23,5.43,6.43,-0.98,2743.3,653267.48,512159.61,548.8317,6.6,100678,7361.633,3.5,56.0882,52.6728,78.9302,18.656,100.5,1774.0,1690.0,90.4,111.4,51.894,0,1.58,0.8400000000000007,-1.3599999999999994,0.019268018132219122,0.03194255554439085,-0.02777777777777779,0.015210709724897686,0.03180653383530552,-0.23960000000001003,-0.4095783752019979,-0.037644787644787514,-0.056127703398558215,0.06075808249721293,0.2366666666666666,0.09470304975922961,0.09177585352203588,0.08087747419265034,0.08082094039363463,0.01187214611872145,0.015752212389380515,-0.05111821086261992,-0.1287961476725522,-0.06269094922194729,0.0,0.1450058485648167,1.354865351910206e-06,0.0077977829214013195,-1.454703049759229,-1.7557000000000045,-0.08306076640701077,6.898127853881279,1.0257041721051463,-0.01794667305654074,0.0,0.0,0,0,0.0,False
1987-02-01,7.25,6.4,5.59,6.1,1.51,2747.0,652532.3,510108.35,547.3717,6.6,100919,7383.378,3.7,56.8275,53.4566,79.832,17.726,101.0,1784.0,1689.0,90.2,111.8,52.076,0,1.6500000000000004,0.8499999999999996,-1.7100000000000009,0.01970992180853215,0.03090748047346792,0.02941176470588247,0.006100656345238598,0.015847301214439113,-0.40099999999999625,-0.1869252560470691,-0.026162790697674465,-0.10040567951318458,-0.08500270709258262,-0.0033333333333333734,0.09661816437480031,0.07852769167305773,0.07008748226731254,0.09669392257244591,0.01364877161055511,0.01585623678646919,-0.05439330543933041,-0.1652170610809086,-0.01698147013477669,0.0,0.1295706912605453,0.0004903112906817775,-0.008762309413105296,-1.8066181643748012,-2.1567000000000007,-0.08530078591279833,6.416351228389445,0.5820194311544222,-0.032774383457896406,0.0,0.0,0,0,0.0,False
1987-03-01,7.25,6.42,5.59,6.13,0.14,2753.5,651197.67,508095.94,548.1479,6.6,101164,7400.008,3.7,56.9098,53.4815,79.799,18.305,101.2,1726.0,1704.0,90.8,112.2,52.214,0,1.6600000000000001,0.8499999999999996,-1.7600000000000007,0.02096168826570355,0.02887273483309083,0.12121212121212133,0.026567648418983847,0.03632606217576417,0.0,0.14790830203341532,-0.0068829891838742,-0.03463203463203468,-0.04414261460101865,0.49333333333333335,0.09333333333333327,0.06853692146154411,0.058578021993118456,0.09165772028783459,0.019143117593436676,0.0194189961631821,-0.05943691345151203,-0.16426666666666662,0.009537576675385795,0.0,0.11377128962616323,0.0020167150324619243,0.011210461335556365,-1.853333333333334,-1.2549000000000063,-0.08830964828460286,6.080856882406563,0.05370091910381092,-0.031196920553569152,0.0,0.0,0,0,0.0,False
1987-04-01,8.02,7.02,5.64,6.37,0.25,2767.8,656401.42,510909.57,549.4269,6.3,101499,7394.617,3.3,57.2701,53.8011,80.1481,18.643,101.9,1614.0,1601.0,92.8,112.7,52.409,0,1.6600000000000001,0.8300000000000001,-1.3500000000000005,0.02254027937817127,0.02154688536213234,0.08823529411764719,0.0354296110984762,0.040447527741895195,-0.03299999999998704,0.4507053415755269,0.008973080757726848,-0.07995735607675902,-0.04269662921348316,0.22333333333333336,0.08700801389601676,0.06166040368477055,0.05152603599062355,0.08512895495039663,0.028414298808432603,0.024366318763242578,-0.045215562565720235,-0.11746081875962266,-0.023829652678200808,0.0,0.10235627011671912,0.003272261245952146,0.020218901373578513,-1.4370080138960173,-1.2878999999999934,-0.06676244792785258,6.101585701191567,-0.7965421526897121,-0.03011544983726533,0.0,0.0,0,0,0.0,False
1987-05-01,8.61,7.76,5.66,6.85,0.43,2773.7,658470.03,511163.53,551.6019,6.3,101728,7439.064,3.7,57.6322,54.1869,80.4929,19.415,102.6,1628.0,1500.0,91.1,113.0,52.542,0,2.38,1.0,-0.6200000000000001,0.023990879833738488,0.01744621943771052,0.0,0.040493229629387395,0.04362374447647244,0.0,0.45115591188604354,0.02309236947791171,-0.165028453181583,-0.13832077502691065,0.6333333333333333,0.08197490324850487,0.059296750804674225,0.0477673498840423,0.08279593626518733,0.03679852805887762,0.03029409451914744,-0.0353430353430354,-0.050824440014073026,-0.06462277366839841,0.0,0.14112626691512464,0.004280958025206338,0.0343925732841488,-0.701974903248505,-0.9388000000000005,-0.05278925478074592,6.3332014719411225,-0.08314975644832234,-0.019230940868383506,0.0,0.0,0,0,0.0,False
1987-06-01,8.4,7.57,5.67,6.73,0.29,2775.3,662897.5,513063.7,554.5518,6.2,101900,7432.017,3.6,57.9307,54.3874,80.7451,20.034,103.0,1594.0,1522.0,91.5,113.5,52.741,0,2.9499999999999993,0.8499999999999996,0.0,0.02498790907625348,0.022451826357589022,0.08823529411764719,0.04552760573702974,0.050341346545247356,0.0,0.25712250712250695,0.026000000000000023,-0.12189859762675292,-0.1652754590984975,0.2733333333333334,0.07270758401980126,0.052171666113046467,0.038484107286393954,0.08589036403581307,0.03669724770642202,0.031023724024253907,-0.039029535864978926,0.0,-0.08726656299471824,0.0,0.15390641503348704,0.00402622081054993,0.018959957318045895,-0.07270758401980126,-0.5939999999999941,-0.06148136222256795,6.813302752293578,0.7324458698870151,-0.016365255348497643,0.0,0.0,0,0,0.0,False
1987-07-01,8.45,7.44,5.69,6.58,0.67,2779.0,667659.79,515262.37,553.3229,6.1,102247,7457.261,3.7,58.3258,54.8155,81.1334,21.355,103.5,1575.0,1516.0,93.7,113.8,52.863,0,2.7300000000000004,0.8300000000000001,-0.1899999999999995,0.027683929201754776,0.0211918815431118,0.09090909090909105,0.05519439713663821,0.058392427627328436,0.0,0.48741554681119603,0.031031031031030887,-0.13697888467785602,-0.1497206703910614,0.32333333333333336,0.06508807614076839,0.05212501565139083,0.03514059690821103,0.0846459191686657,0.03747714808043878,0.031084436276905603,-0.0785498489425982,-0.012366734466745962,-0.057021528601096994,0.0,0.14230129272829697,0.005143649823583507,0.019764786038162008,-0.2550880761407679,-0.3418000000000063,-0.09974173048571,6.692522851919562,0.5909371507279948,-0.009535388033379721,0.0,0.0,0,0,0.0,False
1987-08-01,8.76,7.75,6.04,6.73,0.32,2788.3,672225.14,518353.94,554.0028,6.0,102420,7496.646,3.7,58.7636,55.1103,81.5864,20.274,103.8,1605.0,1511.0,94.4,114.3,53.072,0,2.759999999999999,1.009999999999999,0.020000000000000462,0.027886964301870876,0.01981827165383243,0.08823529411764719,0.05549483162984625,0.060513429694105225,0.0,0.8449244060475163,0.04124748490945662,-0.11616161616161613,-0.14831460674157304,0.4633333333333334,0.05802177720246715,0.05118285661070021,0.031577196318772316,0.07879224721081468,0.03926940639269394,0.033206942381361904,-0.04094165813715456,0.0011604355440493698,0.04886683701996686,0.0,0.14126468424553254,0.003896084468132388,0.015001602000458858,-0.03802177720246669,0.0,-0.06075992979098699,6.540730593607306,0.20752912166618387,-0.008113894193974014,0.0,0.0,0,0,0.0,False
1987-09-01,9.42,8.34,6.4,7.22,0.47,2799.6,676211.16,519750.26,561.1832,5.9,102647,7503.262,3.6,58.9951,55.5152,81.762,19.526,103.7,1695.0,1514.0,93.6,114.7,53.251,0,2.7199999999999998,1.0099999999999998,0.5600000000000005,0.0284371611037475,0.023047983584606246,0.08823529411764719,0.06539368743960372,0.06346400625223136,0.0,0.3433607209117413,0.0453172205438066,-0.11178749308245706,-0.12456546929316337,0.42666666666666675,0.05358020026450028,0.0521529520246371,0.03248332990801517,0.07579061958041655,0.042883211678832245,0.03599593972046544,-0.005268703898840932,0.03000491214812018,0.010111104544295868,0.0,0.1418560295070129,0.003449252027494021,0.01986608170257398,0.5064197997355002,0.0,-0.028316687483447178,6.687116788321168,-0.1261859639724099,-1.871408840936617e-05,0.0,0.0,0,0,0.0,False
1987-10-01,9.52,8.4,6.13,7.29,0.71,2814.7,681184.46,523110.13,563.0828,6.0,103138,7552.866,3.8,59.781,56.3729,82.7171,19.848,104.1,1515.0,1447.0,89.3,115.0,53.42,0,3.0199999999999996,1.08,1.33,0.027147917625632845,0.023017708236757084,0.05882352941176472,0.06686739906867412,0.0684794407704803,0.0,0.30932743244149385,0.04325955734406439,0.004742145820983978,-0.10201660735468565,0.48666666666666675,0.04936466884066104,0.04672897485594785,0.02157034634057564,0.0842967414091258,0.042727272727272725,0.036092302902949625,0.018498367791077053,0.0656550095580792,0.14172103049884,0.0,0.1411215040649625,-0.0005360115761219308,0.011673001932035909,1.280635331159339,0.0,-0.004519340445680031,7.177272727272727,0.48474987535316494,-0.00539604079544298,0.0,0.0,0,0,0.0,False
1987-11-01,8.86,7.69,5.69,6.69,0.26,2818.9,684710.04,526691.09,562.5823,5.8,103372,7589.74,3.8,60.0726,56.6553,83.0015,18.92,104.2,1656.0,1457.0,83.1,115.4,53.521,0,3.3899999999999997,1.1199999999999992,1.4400000000000004,0.030133538418513517,0.029522030499364638,0.11764705882352944,0.07649118005085254,0.08090763192357908,0.0,0.33638567196337177,0.04413239719157458,-0.09875074360499703,-0.13611940298507463,0.5,0.04748613747162356,0.04190532673096148,0.015983079577164272,0.08799987015481348,0.04355716878402904,0.03752330640149171,-0.06589958158995812,0.06838003795913794,0.017410872556619106,0.0,0.1420590576179594,0.002246574116642641,0.020996348421006283,1.3925138625283768,0.0,-0.09542161208932276,7.246442831215971,0.7057122376086644,-0.009277529879738733,0.0,0.0,0,0,0.0,False
1987-12-01,8.99,7.86,5.77,6.77,0.56,2826.7,686318.77,525464.86,565.1597,5.7,103661,7675.619,3.9,60.4095,57.0644,83.3639,17.241,104.2,1400.0,1345.0,86.8,115.6,53.62,0,3.169999999999999,1.169999999999999,0.6500000000000004,0.03054591857080191,0.03290816614686065,0.11764705882352944,0.07742526773047431,0.08226963089748329,0.0,0.24416387190109834,0.044088176352705455,0.020332717190388205,-0.11374695863746964,0.48,0.04365049981488345,0.04732989857400338,0.025081364655304972,0.07379264194130108,0.04528985507246386,0.03763086467623111,-0.09080962800875281,0.028372824879674255,0.13212021027284526,0.0,0.15003577847959068,0.002108757467054412,0.012031580290870592,0.6063495001851169,0.0,-0.12371779415561346,6.6447101449275365,-0.04240664339363143,-0.004823053450633719,0.0,0.0,0,0,0.0,False
1988-01-01,8.67,7.63,5.81,6.83,-0.16,2846.9,692270.95,527589.06,567.1159,5.7,103753,7669.267,3.9,60.3976,56.9161,83.2612,17.16,104.6,1271.0,1244.0,90.8,116.0,53.828,0,3.2200000000000006,1.13,-0.14000000000000057,0.03136037568774941,0.04093225833705927,0.11428571428571432,0.07328838312501662,0.07938321391551728,0.0,0.07246827569047021,0.04513540621865597,-0.23622476813966176,-0.2932212296374146,0.5100000000000001,0.036180351906158315,0.04821461386558634,0.022937884070240333,0.04801889535530601,0.04332129963898912,0.038121236762114874,-0.02581369248035914,-0.005065249266862184,-0.24096691396064573,0.0,0.15525105664718805,0.004212458062116564,0.006420984056342505,-0.17618035190615888,0.0,-0.06674595081741841,6.726678700361011,-0.45059402691171613,0.0014856390096384953,0.0,0.0,0,0,0.0,False
1988-02-01,8.21,7.18,5.66,6.58,0.52,2869.6,696387.29,530429.96,568.4799,5.7,104214,7703.832,3.7,60.7003,57.1227,83.6092,16.765,104.8,1473.0,1438.0,91.6,116.2,53.908,0,2.8600000000000003,1.04,0.40000000000000036,0.030542919009118208,0.04178882593033362,0.11428571428571432,0.07683256014634088,0.08055960571680254,-0.10269999999999868,-0.08018867924528295,0.04079601990049753,-0.2835400225479143,-0.263905325443787,0.22000000000000006,0.03776473590201568,0.05970520681666258,0.030126253024911565,0.03331476662153454,0.04129263913824044,0.037268277642887426,0.004424778761061843,0.015105894360806284,-0.1847892789429173,0.0,0.170756891495655,0.000409380590604691,0.0003413800954883417,0.3622352640979847,-0.10269999999999868,-0.037364047169271775,6.78870736086176,-0.45773547035421114,0.017799880085701103,0.0,0.0,0,0,0.0,False
1988-03-01,8.37,7.27,5.7,6.58,0.45,2890.2,700701.2,533175.3,571.2395,5.7,104489,7724.295,3.7,60.8501,57.3136,83.7608,16.217,104.9,1532.0,1525.0,94.6,116.5,54.093,0,2.5500000000000007,1.0300000000000011,0.4800000000000004,0.032649946987187706,0.04340208506187837,0.0,0.06815010338304517,0.06858086747005987,0.0,-0.05421414870811225,0.03762376237623766,-0.17432735426008972,-0.1486086441681468,0.3066666666666667,0.044630506006552606,0.06720738574933383,0.03983783053149392,0.03856282668614397,0.03935599284436497,0.035179353252938084,0.015521064301551979,0.02142264288314527,-0.19466007145047792,0.0,0.1713788336608013,0.0021040284163857947,-0.009275164347429143,0.4353694939934478,0.0,-0.02788102076032639,6.540644007155635,-0.10406613777190188,0.019877487175330444,0.0,0.0,0,0,0.0,False
1988-04-01,8.72,7.59,5.91,6.87,0.27,2910.4,705868.05,536777.32,577.4248,5.4,104732,7744.299,3.9,61.2031,57.8431,84.2045,17.875,105.8,1573.0,1429.0,91.2,117.2,54.356,0,2.669999999999999,1.0999999999999996,0.4500000000000002,0.03286742319402158,0.04382252019187005,0.0,0.0692376356971911,0.07165281452464889,0.0,-0.11406719475553129,0.03656126482213451,-0.11239860950173808,-0.1050469483568075,0.27,0.04964590521154877,0.07601920627265124,0.04935949694854891,0.04212658663838709,0.03832442067736186,0.03598651702608513,0.04185022026431717,0.022340657345196954,0.12382615863792368,0.0,0.20297128074797874,0.0015070475062721744,-0.0040507474278255184,0.4003540947884514,0.0,-0.0019722999275528785,6.541675579322638,-0.18500312103837224,0.0278045924070649,0.0,0.0,0,0,0.0,False
1988-05-01,9.09,8.0,6.26,7.09,-0.03,2926.6,710045.85,539296.28,583.8824,5.6,104962,7751.91,3.9,61.0797,57.7105,84.0006,17.438,106.5,1421.0,1444.0,94.8,117.5,54.514,0,2.8100000000000005,1.1300000000000008,0.5,0.031852530566803594,0.04728872367561432,0.18181818181818188,0.06867457888147577,0.07512857543804863,0.0,-0.04119508662768867,0.038272816486751626,-0.025402726146220522,-0.10743285446595874,0.4133333333333334,0.05152106366066911,0.07536033362024108,0.05063077992451759,0.05095837135021952,0.03992901508429458,0.037150107805911325,-0.01724137931034475,0.025760531830334554,0.2581372964016938,0.0,0.2117625374728775,0.0013096115576853862,-0.00815798126486511,0.4484789363393309,0.0,-0.06453010298595907,6.8300709849157055,0.04136362405394589,0.0156551268035785,0.0,0.0,0,0,0.0,False
1988-06-01,8.92,8.03,6.46,7.51,0.46,2939.0,713189.19,540226.01,589.0032,5.4,105326,7779.471,3.9,61.2569,57.8497,84.2142,16.53,107.2,1478.0,1485.0,94.7,118.0,54.746,0,2.83,1.0899999999999999,0.2400000000000002,0.031790657439446424,0.04205448427382796,0.054054054054053946,0.05981899007846314,0.06502678691713304,-0.2038999999999902,-0.10182848313159931,0.03801169590643272,-0.12714987714987713,-0.03733333333333333,0.23000000000000007,0.05512492338753283,0.07832675391467703,0.055036692465129544,0.05852137202573071,0.03982300884955747,0.03753187925849799,0.040614709110867286,0.013229981613007891,0.047177477110212584,0.0,0.22166471357853598,-0.0008592895477412821,-0.008331113304582027,0.18487507661246738,-0.2038999999999902,-0.001439775162960677,7.050176991150442,0.5095329839948075,0.011119368165343202,0.0,0.0,0,0,0.0,False
1988-07-01,9.06,8.28,6.73,7.75,-0.02,2947.2,716113.02,542093.75,593.8365,5.4,105550,7814.33,3.8,61.2659,57.8314,84.1973,15.498,107.9,1467.0,1439.0,93.4,118.5,55.012,0,2.46,0.8900000000000006,0.7799999999999994,0.033621197252208024,0.04675096948782542,0.08333333333333326,0.057416879133171284,0.0636599653596237,0.0,-0.17490266546870314,0.040776699029126284,-0.07277289836888334,-0.02431011826544016,0.2333333333333334,0.058984614275934044,0.07586646502664429,0.05294139889452332,0.06212476453957949,0.0396475770925111,0.038015964809161806,0.0349726775956285,0.04600799913522852,0.039625711132854735,0.0,0.18663150396554495,0.0007537740581864405,-0.011820756564019819,0.7210153857240653,0.0,-0.011778291892196924,7.470352422907489,0.9286768435848503,-0.00015274124600694883,0.0,0.0,0,0,0.0,False
1988-08-01,9.26,8.63,7.06,8.01,0.04,2952.1,721535.58,545666.66,594.4439,5.6,105674,7834.98,3.7,61.5731,57.916,84.5859,15.524,108.0,1493.0,1460.0,97.4,119.0,55.175,0,2.33,0.7800000000000011,1.17,0.03230412628243373,0.047882057500736375,0.027027027027026973,0.050408224147804326,0.055019109558427814,-0.0169000000000068,-0.27426832123624445,0.04251207729468609,-0.06857142857142862,-0.05079155672823221,0.1366666666666667,0.060525368837711424,0.07257173597349631,0.05207323795059993,0.07321872996761924,0.04130052724077338,0.04065225204774614,-0.0032017075773745907,0.07081468154012237,-0.043168702425208094,0.0,0.16909214481824641,0.00045159571563013756,-0.01826635473367144,1.1094746311622885,-0.0169000000000068,-0.051083765078110965,7.708699472759227,0.8786284878435211,-0.0027885976467447726,0.0,0.0,0,0,0.0,False
1988-09-01,8.98,8.46,7.24,8.19,0.06,2957.2,722947.69,545467.57,595.3452,5.4,106013,7850.303,3.8,61.3807,58.106,84.2804,14.467,108.1,1492.0,1436.0,97.3,119.5,55.444,0,2.2,0.629999999999999,1.2799999999999994,0.03177113844952162,0.04513138275436779,0.0,0.047810209040970886,0.05091062832174731,0.0,-0.23429022393212995,0.040462427745664664,-0.06978193146417444,-0.03375248180013235,0.16000000000000003,0.05874547215148995,0.07335405516074567,0.05269125570840649,0.07299800650827026,0.04111986001749779,0.03962541453120272,0.03177966101694918,0.0751942043539071,0.05736794568570269,0.0,0.1613789213536405,-1.951898992480494e-05,-0.012008781037492255,1.2212545278485094,0.0,-0.01335172173741861,7.968880139982502,0.9187031488320603,-0.004972698753931359,0.0,0.0,0,0,0.0,False
1988-10-01,8.8,8.35,7.35,8.3,0.49,2965.4,726105.33,546273.18,599.0606,5.4,106276,7894.044,3.9,61.6453,58.3438,84.5914,13.798,108.2,1522.0,1516.0,94.1,119.9,55.625,0,1.7400000000000002,0.5199999999999996,0.9699999999999998,0.032791995869338564,0.04625201678949775,0.05555555555555558,0.040437256653518716,0.04666829985301324,-0.305499999999995,-0.2590904435112158,0.04243008678881388,-0.11976401179940999,-0.0515191545574637,0.026666666666666703,0.056293756250892946,0.0691152893720357,0.049480129168189224,0.06087495135278442,0.04184829991281602,0.04118232521455001,0.03952991452991461,0.05460494356336614,-0.04699111343052664,0.0,0.12026060350734213,-0.00082920138286946,-0.016979622479652567,0.9137062437491068,-0.305499999999995,-0.00672210225958314,8.148151700087183,0.6777992771796946,-0.006751175654608588,0.0,0.0,0,0,0.0,False
1988-11-01,8.96,8.67,7.76,8.35,0.25,2980.3,729660.07,546648.97,601.1294,5.3,106617,7896.3,3.9,61.7944,58.566,84.7301,13.977,108.3,1569.0,1508.0,93.0,120.3,55.754,0,1.450000000000001,0.45000000000000107,1.0100000000000007,0.030425255482945168,0.045171991665150735,0.026315789473684292,0.03118549371874013,0.03496183449849122,0.0,-0.30481660620717443,0.039385206532180694,0.004620462046204699,0.0476848652384243,0.19666666666666668,0.05354034177709899,0.06594523603782743,0.044279490439231406,0.06389433312471993,0.04260869565217407,0.04127667540247093,0.05375139977603571,0.05407574519487001,0.07319189061763332,0.0,0.09562059225484984,-0.0018788707994885634,-0.019222730429064194,0.9564596582229017,0.0,0.008579408110884978,8.257391304347827,0.5486918315886005,-0.006626499935668884,0.0,0.0,0,0,0.0,False
1988-12-01,9.11,9.09,8.07,8.76,0.57,2988.8,731917.76,547324.64,604.6453,5.3,106898,7936.204,3.8,62.0743,58.8432,85.0338,16.266,109.0,1563.0,1501.0,91.9,120.7,55.928,0,1.200000000000001,0.2900000000000009,1.6599999999999993,0.031391479317416815,0.040391370455377995,0.026315789473684292,0.028661985664013345,0.03372500013237967,0.0,-0.2612579281183933,0.039347408829174535,-0.05253623188405798,0.03500343170899112,0.26666666666666666,0.05725637660080185,0.0656482706168584,0.03789295163508455,0.06851815281070883,0.04246100519930662,0.04172194092038639,0.11913357400722036,0.09504558515733103,0.017245699580116458,0.0,0.07877792474023015,-0.00037965913210480373,-0.01914822337695754,1.6027436233991974,0.0,0.07874220355184236,8.307538994800693,0.33865885481819014,-0.007705784543887262,0.0,0.0,0,0,0.0,False
1989-01-01,9.09,9.18,8.27,9.12,0.26,2991.2,749023.08,563300.01,606.3097,5.4,107161,8007.589,3.9,62.2574,59.3488,85.1891,17.983,110.5,1621.0,1466.0,97.9,121.2,56.215,0,1.0399999999999991,0.019999999999999574,1.9900000000000002,0.031226787316348537,0.033949704903278866,-0.02564102564102566,0.027558579362517488,0.0311717988798621,0.0,-0.05655124412737089,0.04606525911708248,0.11642857142857133,0.11598513011152423,0.4366666666666667,0.05734602186294979,0.06643995763076682,0.04160084082501725,0.06986626965793907,0.044117647058823595,0.04304364043267439,0.0587557603686637,0.1141185835072701,0.2361925832279813,0.0,0.06909755593599744,-0.0015652085529900273,-0.012878677291001228,1.9326539781370504,0.0,0.024806055465384835,8.715882352941176,0.5677306528539923,-0.0026753317412688826,0.0,0.0,0,0,0.0,False
1989-02-01,9.17,9.37,8.53,9.36,-0.45,2991.2,752893.0,565278.2,617.1481,5.2,107427,8030.962,3.9,61.9819,58.7421,84.7014,17.826,110.8,1425.0,1383.0,95.4,121.6,56.402,0,0.8200000000000003,-0.08999999999999986,2.289999999999999,0.032847242971287605,0.0441139942057045,0.0,0.030792614276063945,0.04274186038748251,0.0,0.04796037296037303,0.05640535372848965,0.2753737214791503,0.1784565916398715,0.36000000000000004,0.050686711862025335,0.08197964973107719,0.06768705552764853,0.06911074085561708,0.04482758620689653,0.04434495058333954,0.07819383259911894,0.11607257016403798,0.2707532594329456,0.0,0.06722331277948332,0.0024219874883424364,-0.00039287944267618613,2.239313288137974,0.0,0.03407983839341444,9.075172413793103,0.817781109445276,0.01603441369324976,0.0,0.0,0,0,0.0,False
1989-03-01,9.36,9.68,8.82,9.85,-0.16,2998.9,760018.34,569094.25,616.3998,5.0,107621,8072.817,4.0,62.1369,58.6657,84.786,19.445,111.5,1422.0,1214.0,94.3,122.2,56.612,0,0.6400000000000006,-0.1999999999999993,2.7799999999999994,0.030830790488801885,0.04246328320762971,0.054054054054053946,0.02111356945517584,0.02834950028622596,-0.4876999999999896,0.06328660900685956,0.057251908396946494,-0.03258655804480648,-0.03824756606397772,0.12666666666666668,0.0423752439364371,0.08114121382083228,0.06569809895353562,0.08561111835264534,0.04647160068846801,0.046264005342435244,0.04148471615720539,0.11780317814329512,0.019949673839251503,0.0,0.05193037684533271,-0.0005606888286149303,-0.007548416208837505,2.7376247560635623,-0.4876999999999896,-0.0009785670504243171,9.313528399311531,1.0059894045108386,0.015492943203973875,0.0,0.0,0,0,0.0,False
1989-04-01,9.18,9.45,8.65,9.84,0.12,3005.5,764712.45,571570.85,619.1775,5.2,107791,8041.025,3.9,62.1276,58.7845,84.6312,21.04,112.3,1339.0,1376.0,91.5,123.1,56.989,0,0.5399999999999991,-0.3200000000000003,3.2699999999999996,0.029974447070983512,0.045120234273807514,0.08108108108108092,0.021147048238211674,0.02359125931716033,-0.4030999999999949,0.19905037923167068,0.06291706387035267,-0.07180156657963443,-0.2039344262295082,-0.11666666666666663,0.03760985398934347,0.08465397233514094,0.0673679932284934,0.07905668287994794,0.04892703862660941,0.04656794779361473,-0.003171247357293794,0.12298422254515312,-0.18823013800820576,0.0,0.04571314506097603,-0.0012523402453650245,-0.006411531124305814,3.232390146010656,-0.4030999999999949,-0.04829148163110131,9.80107296137339,1.0851906084322138,0.018214014704374115,0.0,0.0,0,0,0.0,False
1989-05-01,8.86,9.02,8.43,9.81,-0.6,3012.1,769275.7,574119.72,624.3756,5.2,107913,8006.298,3.7,61.7744,58.292,83.9944,20.032,113.2,1331.0,1381.0,90.7,123.7,57.197,0,0.5299999999999994,-0.2699999999999996,2.9699999999999998,0.02920788297750443,0.03831541111726189,0.0,0.01510544400528735,0.01627506132970047,-0.5578999999999894,0.17706293706293708,0.061436672967863926,-0.14876033057851235,-0.037088873337998596,-0.1633333333333333,0.032675920835623984,0.08336458917498812,0.06481929974239597,0.07230846337046826,0.05034129692832767,0.04843991463683861,0.0032894736842103978,0.09704748488180322,-0.42413405205766264,0.0,0.04418323226274365,-0.0036393599937831755,-0.015687170270776596,2.9373240791643758,-0.5578999999999894,-0.03502593743305149,9.789658703071673,0.7144862892785699,0.0013849394439109375,0.0,0.0,0,0,0.0,False
1989-06-01,8.28,8.41,8.15,9.53,-0.21,3028.6,773227.11,575543.16,624.2447,5.3,108027,8028.717,3.7,61.7697,58.3993,83.819,20.005,112.9,1397.0,1322.0,90.6,124.1,57.322,0,0.4299999999999997,-0.16000000000000014,2.7200000000000006,0.02811493683428279,0.032816170466375416,-0.05128205128205121,0.011373664245240223,0.010076155985479174,-1.1946999999999974,0.14875559123752735,0.06291079812206579,-0.06333567909922588,-0.0436288088642659,-0.2133333333333333,0.029214788491765287,0.08341693708934428,0.06457200112709827,0.06935163656243115,0.052765957446808454,0.049216714972300624,-0.043248945147679296,0.0794642246976016,-0.030749121054419404,0.0,0.03586928294841801,-0.002715853654519096,-0.009739905209935618,2.6907852115082354,-1.1946999999999974,-0.07606511561405471,9.757234042553192,0.4437056432416604,0.0022757232685119977,0.0,0.0,0,0,0.0,False
1989-07-01,8.02,7.82,7.88,9.24,-0.83,3052.5,776260.08,576731.26,630.923,5.2,108069,8055.26,3.8,61.1738,57.6942,82.8332,19.644,112.8,1427.0,1283.0,92.0,124.5,57.459,0,0.129999999999999,-0.13000000000000078,2.0199999999999996,0.025644190418320223,0.03203893940860514,-0.05128205128205121,0.008371301845179868,0.00950048141995552,-1.3700999999999937,0.21022383545069556,0.05317164179104483,-0.05480378890392423,-0.10976430976430973,-0.2299999999999999,0.03048656005444017,0.08418231914031127,0.06537476786798924,0.05983244233647622,0.051694915254237195,0.04705366602126193,-0.043294614572333745,0.061582851309969135,0.0169977776757102,0.0,0.01094370148824038,-0.004330256652663289,-0.012775746393031806,1.9895134399455594,-1.3700999999999937,-0.07533355398093888,9.478305084745763,-0.3227678766276263,-0.0004716531948296687,0.0,0.0,1,0,0.0,True
1989-08-01,8.11,8.14,7.9,8.99,0.66,3074.6,778876.5,577013.9,635.1788,5.2,108120,8072.841,3.7,61.7732,58.269,83.4581,18.522,112.0,1332.0,1334.0,89.6,124.5,57.466,0,0.13999999999999968,0.1999999999999993,1.4900000000000002,0.023865466603505414,0.03083181795496226,0.0,-0.00150328322933313,-0.002372413602299117,-2.3558999999999912,0.26751838946960893,0.04541241890639469,-0.02726653033401505,-0.108408617095205,-0.5466666666666665,0.035728827361563686,0.08399101583155111,0.06389579293249548,0.06245237535921078,0.05063291139240511,0.04448120410092349,-0.014989293361884481,0.0532359527687299,0.1214938002444973,0.0,0.011758742216417128,-0.005342416373999015,-0.01660872723462048,1.4542711726384365,-2.3558999999999912,-0.04582111131684674,9.189367088607595,-0.6002916144640782,0.0006264266565629839,0.0,1.0,1,0,1.0,True
1989-09-01,8.19,8.28,7.75,9.02,-0.51,3092.9,781822.09,578645.11,637.0719,5.3,108369,8095.196,3.7,61.5796,58.1581,83.0045,19.594,112.4,1279.0,1314.0,95.8,124.8,57.594,0,0.20999999999999908,-0.030000000000001137,0.9800000000000004,0.02314665859151721,0.03035885222425594,0.0,0.0032497957712054326,0.006095034187443948,-1.7309999999999945,0.1931203298119042,0.03703703703703698,-0.10783657066309449,-0.08630136986301373,-0.1266666666666665,0.041495884285762674,0.07947067558331633,0.05744759996881621,0.06852606276218842,0.04621848739495804,0.04152242863615774,-0.0800821355236141,0.04066596660004744,-0.044500891563868605,0.0,0.016688841872496356,-0.004968278242765578,-0.00812386847403479,0.9385041157142378,-1.7309999999999945,-0.11044098774787003,8.943781512605042,-0.8134525299481492,-0.003946261506027948,0.0,1.0,1,0,1.0,True
1989-10-01,8.01,7.98,7.64,8.84,-0.42,3114.3,785545.65,580619.79,639.3905,5.3,108476,8134.089,3.7,61.4966,58.0052,82.6969,20.091,112.8,1410.0,1365.0,93.9,125.4,57.819,0,0.4399999999999995,-0.08999999999999986,0.8300000000000001,0.022223689547508307,0.0311953564085361,-0.02631578947368407,0.0032404322531349727,0.0008966371803256212,-2.184600000000003,0.3543927559272828,0.03977798334875127,-0.14276139410187672,-0.08495821727019504,-0.22666666666666657,0.04588800216420941,0.08143659743902076,0.06082403762335509,0.07008824460161955,0.04435146443514637,0.03877786595483723,-0.01541623843782114,0.03808704179629381,-0.08795760519795248,0.0,0.0358321028731691,-0.0034205008708119156,-0.0051308695920448955,0.7841119978357907,-2.184600000000003,-0.04661159484635724,8.975648535564853,-0.5026565491809105,-0.0027457217012905044,0.0,1.0,0,0,0.0,False
1989-11-01,7.87,7.8,7.69,8.55,0.14,3133.6,790297.25,582671.95,639.7431,5.4,108752,8142.33,3.6,61.7044,58.1286,82.7778,19.82,112.7,1351.0,1344.0,90.9,125.9,57.945,0,0.3700000000000001,0.02999999999999936,0.5399999999999991,0.020700816741314965,0.03040836863843177,-0.05128205128205121,-0.002412187141598743,-0.005803530109454669,-2.492199999999997,0.4560805913900565,0.042513863216266046,-0.07358738501971096,-0.0996042216358839,-0.08999999999999991,0.05021245025966148,0.08186184227569315,0.06287442118245679,0.06732190366049773,0.04587155963302747,0.039442696629213625,-0.002125398512220933,0.027114723140217154,-0.04632085468569591,0.0,0.030288881642006476,-0.0031646498621904495,-0.0009089039122656128,0.48978754974033767,-2.492199999999997,-0.032533767150652704,8.794128440366972,-0.39523864824062294,-0.002129173555857955,0.0,1.0,0,0,0.0,False
1989-12-01,7.84,7.78,7.63,8.45,-0.02,3153.4,794612.18,583382.34,637.591,5.4,108836,8149.087,3.5,62.0428,58.1469,83.0331,21.088,113.0,1251.0,1422.0,90.5,126.3,58.113,0,0.17999999999999972,0.07000000000000028,0.20000000000000107,0.020024949116932644,0.03115763078910372,-0.07692307692307687,-0.0014564426549978915,-0.00746849708021724,-2.411299999999997,0.41804392931244183,0.04062788550323182,-0.13894200127469725,-0.10875331564986734,-0.26333333333333325,0.051437774720665574,0.08310332782771024,0.06589782836323654,0.06423525450593504,0.046550290939318506,0.03929762886967758,-0.022580645161290214,0.01028755494413317,-0.031105430611602758,0.0,0.014958599008987819,-0.0031217094745845664,-0.004706238426203324,0.1485622252793355,-2.411299999999997,-0.05373827595039393,8.503449709060682,-0.4403318035443604,0.003632652244393908,0.0,1.0,1,0,1.0,True
1990-01-01,8.21,8.09,7.64,8.23,-0.23,3166.3,797714.86,584067.42,635.7569,5.4,109196,8170.022,3.9,61.729,58.1016,82.4179,22.641,114.9,1551.0,1748.0,93.0,127.5,58.553,0,0.20999999999999996,0.05999999999999961,-0.3100000000000005,0.018129431794795092,0.02682428526282843,-0.07894736842105254,-0.0005074563869427173,-0.011833142996981794,-2.1559999999999917,0.2964465756793313,0.03669724770642202,-0.19961612284069097,-0.052631578947368474,-0.09999999999999994,0.05507226980728053,0.08565773837760138,0.06587991361032075,0.05448764755138269,0.046396023198011616,0.03906808754112445,-0.015233949945593128,-0.01707240364025699,-0.05685472873881425,0.0,0.017988125059296287,-0.004094257752713215,-0.00374788864007769,-0.365072269807281,-2.1559999999999917,-0.04205823520842156,8.403603976801987,-0.5720445587628653,0.004221140938580614,0.0,1.0,1,0,1.0,True
1990-02-01,8.47,8.37,7.74,8.24,0.55,3178.2,798773.19,582268.62,636.5709,5.3,109436,8195.397,3.9,62.2896,58.9161,82.9732,22.108,114.4,1437.0,1329.0,89.5,128.0,58.811,0,0.5700000000000012,0.120000000000001,-0.8899999999999988,0.018990117673407303,0.020284882253572167,0.0,-0.00848734447631927,-0.02101474671770953,-2.3680999999999983,0.2590224100539398,0.03981900452488696,-0.043183220234423225,0.1923601637107777,-0.036666666666666604,0.058538379245787864,0.06500704891496811,0.036867405700915956,0.04856791834272145,0.051980198019802026,0.041590322867562035,-0.05005107252298269,-0.052099157528751126,0.030404164785287735,0.0,0.0370540178815319,-0.0017106990679076617,-0.006075157334720527,-0.9485383792457867,-2.7711999999999932,-0.07033595477655485,8.178019801980199,-0.6161086383867733,-0.01685479336072504,0.0,1.0,0,0,0.0,False
1990-03-01,8.59,8.63,7.9,8.28,0.17,3189.2,798748.09,581158.72,638.2709,5.2,109640,8203.337,4.0,62.5999,59.2408,83.1981,20.418,114.2,1289.0,1246.0,91.3,128.6,59.033,0,0.7300000000000004,0.10000000000000142,-1.1199999999999992,0.018701071425246907,0.02047513112376831,0.0,0.00496435249645466,0.0029621004356330527,-1.8127999999999957,0.24021092785818476,0.032490974729241895,0.008421052631578885,-0.0390455531453362,0.10000000000000007,0.06251671569938488,0.06093852645727882,0.030056740203319388,0.0314718622645036,0.05263157894736836,0.04271125137406484,-0.06184486373165621,-0.07001872158331102,0.14736305390627613,0.0,0.044485124313813566,-0.0013238776916857375,0.006420795151452552,-1.182516715699384,-2.2158999999999907,-0.08231999485542452,8.187368421052632,-0.3160812880080499,-0.02216480137043142,0.0,1.0,0,0,0.0,False
1990-04-01,8.79,8.72,7.77,8.26,-0.71,3201.2,798747.01,578977.38,641.0,5.4,109674,8255.647,3.6,62.4359,58.9909,82.8001,18.582,114.1,1248.0,1136.0,93.9,128.9,59.157,0,0.6899999999999995,-0.040000000000000924,-1.5700000000000003,0.018760279127679524,0.01616783831467994,0.0,0.007451289008624462,0.00980300243583554,-1.4331000000000103,0.050038570326562004,0.024215246636771326,-0.09353023909985936,0.02635914332784184,0.1633333333333334,0.06345660075360948,0.050958967648070175,0.021199423469838274,0.03548200372550414,0.05237315875613735,0.04276478485126822,-0.03181336161187698,-0.09962686318316691,0.10608588374083161,0.0,0.035161687677168395,0.0006308473328844322,0.00795874539556718,-1.6334566007536098,-1.9909999999999997,-0.04798119992655692,8.227626841243861,-0.1759771355581261,-0.0346987707295312,0.0,1.0,0,0,0.0,False
1990-05-01,8.76,8.64,7.74,8.18,0.02,3201.3,799751.03,576474.84,639.8387,5.4,109828,8246.75,3.9,62.6258,59.173,82.8798,18.237,114.6,1212.0,1067.0,90.6,129.1,59.29,0,1.0199999999999996,0.06999999999999851,-1.58,0.017468990917609117,0.026690875852270146,-0.07692307692307687,0.004962367772133325,0.0035111296345125,-1.1942999999999984,-0.1168250950570342,0.01602849510240434,-0.06796116504854366,-0.17441860465116277,0.0033333333333334103,0.06511395774413575,0.04450635006661652,0.01295820106991119,0.035244336236378127,0.04711616571892785,0.038042429240730646,0.02622950819672143,-0.1028800532357345,-0.024777944814120434,0.0,0.04539647706794883,-0.0015211267557981856,0.013449712248452594,-1.6451139577441358,-2.388999999999996,-0.0004613676555487167,8.212883834281072,0.03486403230087376,-0.020500698848351595,0.0,1.0,0,0,0.0,False
1990-06-01,8.48,8.35,7.73,8.29,-0.04,3214.6,802892.74,577227.92,641.4431,5.2,109850,8260.44,4.0,62.8382,59.3691,82.9978,16.871,114.3,1177.0,1108.0,88.3,129.9,59.552,0,1.0199999999999996,0.11999999999999922,-1.6300000000000008,0.01774577669048205,0.030032856633615213,0.054054054054053946,0.013782408246781896,0.015113566184038918,-0.9391999999999996,-0.08960662939297137,0.012367491166077604,-0.0894064613072878,-0.22737146994931212,-0.17333333333333326,0.06281331961090286,0.0396156150519249,0.004102140926286246,0.024765701926853012,0.043654001616814764,0.03659282829519017,-0.0011025358324145973,-0.10238571096577172,-0.09782751393886668,0.0,0.040407927352963384,-0.0009552947347648555,0.008818055750327236,-1.6928133196109036,-2.3092999999999932,-0.03113539246602981,8.136345998383185,-0.051022422669447565,-0.021322911405353917,0.0,1.0,0,0,0.0,False
1990-07-01,8.47,8.16,7.62,8.15,-0.58,3224.7,806887.5,577301.24,639.8486,5.5,109815,8288.531,4.0,62.7284,59.2271,82.7018,18.638,114.5,1171.0,1078.0,88.2,130.5,59.699,0,0.75,0.13000000000000078,-1.2400000000000002,0.01687541077693533,0.028861772061463897,0.08108108108108092,0.017298125132548803,0.016606363432438487,-0.4603000000000037,-0.15666083479130222,0.012400354295836857,-0.15748031496062997,-0.16187594553706508,-0.2433333333333333,0.06141451495740613,0.03836599831581178,0.002927252232482358,0.027550734511642583,0.04673650282030639,0.038903038972820214,-0.025386313465783683,-0.07615399854718362,-0.06395007586077062,0.0,0.028774498736858833,-0.0018848683507441955,0.00984683612392434,-1.3014145149574063,-2.1912999999999982,-0.05424808552724758,8.243263497179694,0.015636655935832522,-0.012592969332258397,0.0,1.0,0,0,0.0,False
1990-08-01,8.75,8.06,7.45,8.13,-0.22,3242.1,808758.57,576343.66,640.3267,5.7,109607,8236.691,3.9,62.9475,59.4404,82.8509,27.174,116.5,1115.0,1069.0,76.4,131.6,60.096,1,0.8500000000000005,0.3100000000000005,-1.0899999999999999,0.01615634455764381,0.028958841800264645,0.05263157894736836,0.025412840137444492,0.026569395190504386,-0.756299999999996,-0.05121156587253084,0.01507092198581561,-0.17939733707077787,-0.1597817614964926,-0.19999999999999996,0.05641277641277642,0.03945510118206785,0.000988293923932515,0.014146892727004756,0.04819277108433728,0.038984319253728694,-0.04130434782608694,-0.06148992628992629,-0.11143617202223421,0.0,0.033536836004757695,-0.0013126463599653082,0.020450472365311168,-1.1464127764127763,-2.4872999999999905,-0.07026318962635159,8.101807228915662,-0.11107660536540997,-0.005051248884548665,0.0,1.0,0,0,0.0,False
1990-09-01,8.89,8.08,7.36,8.2,-0.81,3254.7,810436.23,575711.19,639.4116,5.9,109522,8233.907,3.9,62.9523,59.3611,82.7293,33.687,118.4,1110.0,976.0,72.8,132.5,60.465,1,1.2999999999999998,0.6899999999999995,-0.8599999999999994,0.013753237143914188,0.02029644830116184,0.054054054054053946,0.019009861881851498,0.02010331394051712,-0.34720000000000084,0.46712018140589584,0.0401785714285714,-0.16291291291291288,-0.1986506746626686,-0.27999999999999997,0.05447863136668185,0.03836560738448269,-0.0011615664717955498,0.008104647069455018,0.05702811244979911,0.04576619218320399,-0.1473214285714285,-0.04685162297534636,-0.07350645160562508,0.0,0.04987528959982749,-0.003992539546567864,0.005227453635069601,-0.9144786313666813,-2.3382000000000005,-0.16761787687259033,8.072971887550201,-0.06337411083298328,-0.00125000766744221,0.0,1.0,0,0,0.0,False
1990-10-01,8.72,7.88,7.17,8.11,-0.92,3259.2,812655.11,576484.47,637.5677,5.9,109377,8167.115,3.8,62.5845,58.9798,82.1303,35.922,120.8,1014.0,925.0,63.9,133.4,60.811,1,1.5300000000000002,0.8100000000000005,-0.8200000000000003,0.010639574047928813,0.017134977337176283,0.054054054054053946,0.02229147315019908,0.02068499486743902,-0.46880000000000166,0.7192507910584871,0.053380782918149405,-0.1321344800625489,-0.25722983257229837,-0.5366666666666666,0.0523133628633321,0.036599298441414074,-0.005070327130216379,0.003672583895161674,0.06169871794871806,0.049848942598187396,-0.24008350730688932,-0.04289695754793234,0.025345834898081065,0.0,0.05599692661536354,-0.006235836729006516,0.004993348017650279,-0.8723133628633324,-2.4598000000000013,-0.2572184846440656,8.13830128205128,-0.1049622151284133,-0.0017666998743977036,0.0,1.0,0,0,0.0,False
1990-11-01,8.39,7.6,7.06,7.81,-1.41,3262.8,813662.66,574368.55,639.2328,6.2,109222,8168.212,3.7,61.7887,58.2534,80.9828,32.3,120.1,1145.0,941.0,66.0,133.7,60.888,1,1.5500000000000007,0.8400000000000007,-0.7300000000000004,0.008305984733950389,0.004060196538296923,0.027027027027026973,0.017690408900654653,0.016801941894864614,-1.0677999999999912,0.7879647603404507,0.07092198581560294,-0.2808510638297872,-0.3223443223443223,-0.6499999999999999,0.04652730950775452,0.03451035595448837,-0.007122251206766572,-0.0028508399796368655,0.06379585326953752,0.051747695394247506,-0.31948881789137384,-0.03396493594066082,-0.10145372675900932,0.0,0.053491051729457,-0.00785035982369342,-0.0077224312367898396,-0.776527309507755,-3.058799999999991,-0.32354901442967077,8.046204146730462,-0.05560308218520049,-0.004944745227579483,0.0,1.0,0,0,0.0,False
1990-12-01,8.08,7.31,6.74,7.31,-0.96,3272.5,808230.57,569587.95,641.5553,6.3,109168,8210.825,3.7,61.3352,57.7538,80.2964,27.337,118.7,969.0,861.0,65.5,134.2,60.945,1,1.330000000000001,0.7900000000000009,-0.7400000000000011,0.004321759599823505,0.003178697006876563,0.0277777777777779,0.001366191065791167,0.0021469638009516956,-2.215299999999999,0.6296670030272451,0.06566104702750652,-0.15247964470762398,-0.29985119047619047,-1.0466666666666666,0.041230533571610994,0.02956534392597221,-0.014250557281845988,-0.0007976639372898608,0.06195393169181873,0.050789541806885774,-0.273927392739274,-0.03051059484299218,0.010433268205288893,0.0,0.03932190742154307,-0.009431477544090683,-0.01764367081606033,-0.7812305335716121,-4.206299999999999,-0.2771060897461506,7.748046068308181,-0.32492581924202035,-0.008800263458510482,0.0,1.0,0,0,0.0,False
1991-01-01,8.09,7.13,6.22,6.91,-1.09,3287.4,806600.5,567885.66,636.127,6.4,109058,8157.383,3.7,61.1355,57.3946,79.9522,24.959,119.0,798.0,786.0,66.8,134.7,61.177,1,1.3399999999999999,0.7700000000000005,-1.1399999999999997,0.003050461244441083,0.007576063428946123,0.05714285714285716,-0.011405030076012013,-0.006760463584473242,-2.901699999999991,0.29632966616084966,0.05044247787610612,-0.22541966426858517,-0.3945147679324894,-1.0966666666666667,0.03776875753155329,0.017138410840870755,-0.023645539218756673,0.006217622268821277,0.06254948535233562,0.04873264157761614,-0.2762430939226519,-0.043056383585970734,-0.09328518420603626,0.0,0.02296547052676681,-0.00758911280348773,-0.033696503226211094,-1.177768757531553,-4.892699999999991,-0.283819157351598,7.247450514647664,-0.8908507674036166,-0.01946088760054332,0.0,1.0,0,0,0.0,False
1991-02-01,7.85,6.87,5.94,6.25,-0.86,3303.6,807030.43,564742.31,635.9764,6.6,108735,8164.096,3.6,60.6838,56.9666,79.2872,20.523,117.2,965.0,853.0,70.4,134.8,61.208,1,1.87,0.96,-1.3200000000000003,-0.0012637825561375715,-0.0015469970582698833,-0.05128205128205121,-0.00961460577686335,-0.012168339598221056,-3.245899999999992,0.10238063689766363,0.035683202785030455,-0.4854932301740812,-0.5503432494279177,-1.1533333333333333,0.038246533809177974,0.011138867339139269,-0.027705294707244588,0.0005821407522277333,0.05647058823529405,0.04481410004611219,-0.2817204301075269,-0.050485424628114936,-0.204642166344294,0.0,0.020829681924190435,-0.00956976729008796,-0.027305014677518002,-1.3582465338091783,-5.2368999999999915,-0.280173433049257,6.853529411764706,-1.192674734965756,-0.0233714886153491,0.0,1.0,0,0,0.0,False
1991-03-01,8.11,7.1,5.91,6.12,-0.9,3321.0,808351.83,561511.07,635.2501,6.8,108568,8176.58,3.6,60.3346,56.5618,78.7629,19.86,116.2,921.0,911.0,87.7,134.8,61.221,1,1.9099999999999993,0.9799999999999995,-1.9900000000000002,-0.006405570379034331,-0.003819339075337158,-0.07692307692307687,-0.02577958439290029,-0.03308942716846497,-3.910899999999998,-0.07169350461371449,0.02447552447552437,-0.32846207376478775,-0.3581640331075997,-0.9699999999999999,0.03945629601661316,0.010337402536006568,-0.03010004214206141,-0.0009339101111911496,0.05312500000000009,0.040757681386135225,-0.21340782122905022,-0.07851802907306019,-0.17598242905716377,0.0,0.019744438843772538,-0.010727329978857836,-0.027145775458691457,-2.0294562960166136,-5.901899999999998,-0.20958848215371306,6.196875,-1.5511710683081805,-0.01922794138996564,0.0,0.0,0,0,0.0,False
1991-04-01,8.04,6.95,5.65,5.91,0.02,3331.9,807818.95,559075.06,631.3743,6.7,108350,8208.244,3.5,60.4938,56.8105,78.9062,20.823,116.0,1001.0,916.0,81.8,135.1,61.332,0,2.1999999999999993,1.0099999999999998,-2.1599999999999993,-0.009777453484129839,-0.0032617214189786248,-0.09999999999999998,-0.0361869587651098,-0.04522221171895047,-4.234899999999996,-0.02732882750514254,0.017513134851138368,-0.28549262994569435,-0.2688603531300161,-0.9500000000000001,0.041326978552615135,0.012023490409848625,-0.03380771779523506,-0.0047327866584548905,0.04821150855365497,0.03706401504243373,-0.03943044906900317,-0.08926627367364866,-0.06007296567710918,0.0,0.026451678901666966,-0.012827914728570922,-0.024781928689097787,-2.2013269785526144,-6.426199999999994,-0.036168727650024546,6.071788491446345,-1.175662023201319,-0.00511492043102213,0.0,0.0,0,0,0.0,False
1991-05-01,8.07,6.78,5.46,5.78,-0.05,3343.6,807832.16,556901.14,627.8211,6.9,108253,8209.444,3.6,61.0633,57.1776,79.5846,21.24,116.5,996.0,991.0,78.3,135.6,61.586,0,2.389999999999999,1.089999999999999,-2.3499999999999996,-0.012072141072633435,-0.005741887946517088,-0.02777777777777779,-0.031105501802648705,-0.03696163306543898,-4.0916,0.1206005812076203,0.016652059596844904,-0.19791666666666663,-0.19366197183098588,-0.58,0.04082843933524938,0.011357713877389042,-0.034374952610411014,-0.015016692667706777,0.04809930178432875,0.03676657031289632,-0.12886048988285415,-0.09594683243783603,0.28757656350741456,0.0,0.027144936166959795,-0.010808358516495864,-0.021490896025785355,-2.390828439335249,-6.282899999999998,-0.12311860193633706,5.861900698215671,-0.9916287135490345,0.00021884653824977285,0.0,0.0,0,0,0.0,False
1991-06-01,8.28,6.96,5.57,5.9,0.03,3352.8,805994.66,553748.22,626.2289,6.9,108330,8252.295,3.8,61.5581,57.7436,80.1624,20.195,116.4,1036.0,964.0,82.1,136.0,61.69,0,2.6100000000000003,1.29,-2.3999999999999995,-0.014340605310121268,-0.004523721466032082,-0.07692307692307687,-0.02494978108064083,-0.033721460801379055,-3.4132000000000033,0.16466524099358448,0.016579406631762605,-0.17821782178217827,-0.0712277413308341,-0.31,0.04445069190641293,0.010104557164496653,-0.03395412712200929,-0.01878223370983967,0.05034856700232382,0.03872491145218415,-0.13576158940397354,-0.10668166057539101,0.1502442519826095,0.0,0.026372894199336267,-0.007935034931086937,0.0008298033122594584,-2.4444506919064124,-5.604500000000002,-0.13123786793794145,5.729651432997676,-0.4672235670023239,-0.00023284537150991547,0.0,0.0,0,0,0.0,False
1991-07-01,8.27,6.92,5.58,5.82,0.15,3356.2,804027.56,550307.3,623.193,6.8,108290,8233.054,4.0,61.7305,58.0706,80.3158,21.42,116.1,1063.0,973.0,82.9,136.2,61.787,0,2.709999999999999,1.3199999999999994,-2.389999999999999,-0.013837050523441086,-0.0009860249575083246,-0.050000000000000044,-0.02037136646180182,-0.02737956276918463,-2.6884999999999906,0.19702447987671157,0.018372703412073532,-0.11979609175870853,-0.12996389891696747,0.0,0.042991351956697565,0.0038634301264202087,-0.04067665333998405,-0.0237187055250887,0.046959199384141614,0.035901397098334176,-0.07021517553793888,-0.10274933117650713,0.16569653818698582,0.0,0.010469895642598762,-0.004059597039311247,0.01581559230330798,-2.432991351956696,-5.026699999999991,-0.06922915058043055,5.853040800615859,-0.21874769083048573,-0.008160060283428416,0.0,0.0,0,0,0.0,False
1991-08-01,7.9,6.43,5.33,5.66,-0.34,3355.0,802021.92,546129.18,618.3833,6.9,108300,8248.575,3.9,61.7298,58.1105,80.2365,21.688,116.2,1049.0,944.0,82.0,136.6,61.931,0,2.6899999999999995,1.3499999999999996,-2.33,-0.013886991758867206,-0.006693224649820473,0.0,-0.015908264836979713,-0.019526534306086307,-2.5351,0.14926494259040668,0.013973799126637543,-0.09222886421861654,-0.09740259740259738,0.043333333333333335,0.040778987192606975,-0.0035444098464778584,-0.04675884638668015,-0.02603053284792689,0.04367816091954024,0.03497546022546438,-0.0600907029478458,-0.09501504015877425,0.1056878024480501,0.0,-0.009534462487025438,-0.001814850686233771,0.015197236965668992,-2.3707789871926073,-4.8733,-0.053397478298025325,5.77632183908046,-0.0855788591352118,-0.0149021237238669,0.0,0.0,0,0,0.0,False
1991-09-01,7.65,6.18,5.22,5.45,0.26,3355.0,800889.34,542077.11,620.5309,6.9,108335,8273.586,3.9,62.2195,58.7192,80.7851,21.857,116.1,1015.0,974.0,83.0,137.0,62.144,0,2.5700000000000003,1.4700000000000006,-2.4700000000000006,-0.011924420885527365,0.0014428124109548968,0.0,-0.01934469200524247,-0.022373671778790127,-2.4927999999999884,-0.20188415397070736,-0.0025751072961373023,-0.05919282511210766,-0.11693171188026197,-0.053333333333333344,0.03482310847907222,-0.008329618071311273,-0.05242441636297346,-0.0342690692110762,0.03799392097264431,0.030534478168264156,0.0732984293193717,-0.0860130779433084,0.1190249966700706,0.0,-0.021407118443269976,0.0024161844245939035,0.005605089075398362,-2.504823108479073,-4.95259999999999,0.0718556169084168,5.622006079027356,-0.10764535397032038,-0.018434175235807926,0.0,0.0,0,0,0.0,False
1991-10-01,7.53,5.91,4.99,5.21,-0.36,3360.0,798616.98,537268.74,621.0051,7.0,108361,8284.054,3.9,62.1855,58.675,80.6424,23.228,116.4,1079.0,991.0,78.3,137.2,62.26,0,2.4300000000000006,1.4700000000000006,-2.749999999999999,-0.010838005149650276,0.004818975973374551,0.0,-0.011640559598299127,-0.01081347886073536,-1.3452000000000055,-0.35117404339953096,-0.01942567567567577,-0.0855855855855856,-0.002049180327868827,0.023333333333333334,0.030816972378406637,-0.011779939798594707,-0.058421793052172544,-0.029528241276823963,0.03396226415094339,0.027768130323327478,0.14010989010989006,-0.08474667404061823,0.034210506173122934,0.0,-0.028625253710585146,0.0029990453737908096,0.008730806863502694,-2.780816972378406,-4.403999999999996,0.1352909141365155,5.416037735849057,-0.4370030647668024,-0.015643369925014916,0.0,0.0,0,0,0.0,False
1991-11-01,7.42,5.56,4.56,4.81,-0.4,3365.8,798274.98,535497.7,618.4521,7.0,108300,8296.928,3.9,62.0871,58.542,80.4053,22.465,116.4,1103.0,984.0,69.1,137.8,62.397,0,2.54,1.62,-2.8999999999999995,-0.009288973001636558,0.014318275180403406,0.026315789473684292,-0.006375380485583504,-0.005167871033811555,-0.3404000000000025,-0.35337676075942315,-0.03642384105960261,0.0641025641025641,0.07135135135135129,-0.14666666666666667,0.030927835051546504,-0.017274400698717107,-0.06802564863542637,-0.02597779028015379,0.028485757121439192,0.023827925868675104,0.22535211267605626,-0.08969072164948484,0.15633142832118063,0.0,-0.043876977774741456,0.004598018757230649,0.00953288435139621,-2.9309278350515457,-4.546700000000001,0.21103383749565285,5.181514242878561,-0.5948075962018988,-0.013729990852239249,0.0,0.0,0,0,0.0,False
1991-12-01,7.09,5.03,4.07,4.43,-0.81,3373.0,798028.97,534260.42,618.3564,7.3,108330,8365.723,3.9,61.7852,58.3873,79.8949,19.517,115.9,1079.0,1061.0,68.2,138.2,62.553,0,2.8600000000000003,1.8600000000000003,-3.0,-0.008441522770137877,0.01575816102716221,0.054054054054053946,0.004829362003084814,0.004954217264571792,-0.379800000000003,-0.30448916408668725,-0.030807660283097338,-0.03668122270742358,0.0456960680127525,-0.16666666666666666,0.031567978423439946,-0.01891162118709,-0.0676757980568401,-0.032508813690411364,0.030665669409125185,0.02478320851399296,0.046969696969696884,-0.09470393527031984,0.022511602404684083,0.0,-0.05408723659507741,0.003482898115389488,0.024174054008327284,-3.03156797842344,-4.783799999999999,0.031211535942534674,4.779334330590874,-0.8426717484364818,-0.010582003115778726,0.0,0.0,0,0,0.0,False
1992-01-01,7.03,4.96,3.8,4.03,-0.07,3380.9,798982.71,533596.22,613.583,7.3,108365,8405.155,3.9,61.4616,58.0721,79.3278,18.82,115.6,1176.0,1077.0,67.5,138.3,62.638,0,3.0199999999999996,2.0599999999999996,-2.88,-0.007676242122233612,0.01886509577295814,0.054054054054053946,0.007336733229858172,0.010968975201631759,-0.890199999999993,-0.28605918718220724,-0.023588879528222417,0.11351909184726527,0.23228803716608604,-0.5233333333333333,0.030710466004583603,-0.012622140733924425,-0.06202295887755338,-0.03616040581380897,0.02980625931445613,0.026384444991385703,0.04122137404580162,-0.08844614209320077,0.19910467743285087,0.0,-0.03811886501645176,0.003161763027416664,0.0189772928281573,-2.9107104660045833,-5.294199999999989,0.022356278272843477,4.400193740685544,-1.0158439951635128,-0.0008422009353297177,0.0,0.0,0,0,0.0,False
1992-02-01,7.34,5.21,3.84,4.06,0.1,3399.3,799640.38,533158.25,609.7405,7.4,108312,8444.994,3.9,61.8955,58.6327,79.7329,18.995,116.0,1250.0,1146.0,68.8,138.6,62.797,0,3.2300000000000004,2.0700000000000003,-2.88,-0.006354416915769545,0.030373956941828206,0.054054054054053946,0.005334053046102349,0.01180424639251787,-1.4573000000000036,-0.24596337994310669,-0.02857142857142858,0.4736842105263157,0.3702290076335877,-0.4266666666666667,0.02844192979254112,-0.009444315990381869,-0.06038088723705415,-0.03543946413216226,0.02672605790645899,0.02388152410219524,0.010479041916167775,-0.08191275780251843,0.4095816464237516,0.0,-0.03050514064893344,0.0029345560858670128,0.011709433531685853,-2.908441929792541,-5.458200000000005,-0.01989491502566043,4.003273942093541,-1.1782403007850197,0.007830084708335239,0.0,0.0,0,0,0.0,False
1992-03-01,7.54,5.69,4.04,3.98,0.44,3403.1,799442.11,532686.41,607.3732,7.4,108367,8457.388,4.0,62.4232,59.2646,80.2464,18.916,116.1,1297.0,1082.0,76.0,139.1,62.949,0,3.5,2.13,-2.1900000000000004,-0.003890191750586247,0.03440650379417409,0.08333333333333326,0.01996743776757559,0.029246962255075726,-1.0521999999999991,-0.07445305267261115,-0.010238907849829393,0.2953367875647668,0.34349355216881605,-0.26,0.028968398111151483,-0.009157089652740869,-0.055926498583044104,-0.041252945864028945,0.028189910979228294,0.025960658737419928,-0.022727272727272818,-0.06344079186342176,0.33201801027219036,0.0,-0.03204981378459304,0.00455133101955163,0.015138075764490777,-2.218968398111152,-5.053100000000001,-0.05713377652144691,4.031810089020771,-0.7475242415701029,0.009754531534349131,0.0,0.0,0,0,0.0,False
1992-04-01,7.48,5.34,3.75,3.73,0.24,3399.2,797658.14,529828.9,604.4549,7.4,108516,8487.783,4.2,62.897,59.6003,80.6802,20.243,116.3,1099.0,1054.0,77.2,139.4,63.119,0,3.5,1.8499999999999996,-2.14,-0.0018513742539237876,0.034342964907088325,0.11111111111111116,0.03461695279325627,0.047784900763412796,-0.5387000000000057,-0.04753272910372608,-0.000860585197934638,0.4082519001085776,0.1877058177826565,0.15666666666666665,0.024721469436916665,-0.011022081808115591,-0.05133409035016878,-0.043883346102582266,0.03189910979228472,0.028225608859705043,-0.1334093500570126,-0.05290394459500167,0.2947328082613123,0.0,-0.03857728632840457,0.005824867868309824,0.0272802195633981,-2.164721469436917,-4.384800000000013,-0.16775231496410092,3.9481008902077153,-0.45209285047782855,0.0016000589258088338,0.0,0.0,0,0,0.0,False
1992-05-01,7.39,5.23,3.63,3.82,-0.06,3399.1,797667.9,528916.1,602.2857,7.6,108646,8531.932,4.1,63.104,59.9548,80.764,20.94,117.2,1214.0,1056.0,79.2,139.7,63.203,0,3.7300000000000004,2.1400000000000006,-2.18,0.001532071988924688,0.03405588332900411,0.19999999999999996,0.03972638518327498,0.04910711928252698,-0.10490000000000066,-0.027853815492484335,0.002586206896551646,0.09790209790209792,0.1506550218340612,0.26,0.020198685434736907,-0.012578078293409622,-0.052311687808073604,-0.042636198527561175,0.031828275351591495,0.029136502967455735,-0.05623471882640585,-0.04403313424772646,-0.3757821126242178,0.0,-0.046916232034417894,0.007886488904694233,0.03439233213717263,-2.200198685434737,-3.3141999999999996,-0.09029060215540996,3.6981717246484083,-0.3051022174451328,-0.003133762303027754,0.0,0.0,0,0,0.0,False
1992-06-01,7.26,5.05,3.66,3.76,0.05,3394.0,797276.31,526568.68,600.8723,7.8,108706,8566.719,4.1,63.1363,60.1492,80.6204,22.375,118.0,1145.0,1057.0,80.4,140.1,63.315,0,3.76,2.1599999999999993,-1.9600000000000004,0.0036303843773382027,0.039282562862966275,0.13888888888888884,0.03341941886534139,0.048571468547123464,-0.021100000000004115,-0.014124293785310549,0.006008583690987113,0.21887550200803219,0.06559031281533811,0.20666666666666664,0.016598875463572194,-0.012582143300657878,-0.05025136059157653,-0.0406730516065803,0.030235988200590036,0.02625596726528756,0.011494252873563315,-0.032533795908601504,-0.07646128555673459,0.0,-0.047308858810473614,0.00752057612792445,0.013451981097765797,-1.9765988754635726,-3.055000000000007,-0.02778830998940296,3.78976401179941,-0.2420460772213615,-0.003425053647917009,0.0,0.0,0,0,0.0,False
1992-07-01,6.84,4.36,3.21,3.25,0.42,3393.9,798068.16,527250.56,599.2664,7.7,108793,8559.118,4.1,63.7176,60.7237,81.1771,21.759,117.9,1139.0,1089.0,76.6,140.5,63.524,0,3.5999999999999996,2.21,-2.1400000000000006,0.003470876026954617,0.03810140088302694,0.07894736842105265,0.02563756841098086,0.041660028124328896,-0.1646999999999963,0.10794751176033679,0.013745704467353903,0.10521235521235517,0.09647302904564325,0.07666666666666666,0.012288236697685528,-0.010816883079597495,-0.04908284851913369,-0.04049094508413775,0.030147058823529305,0.026341384341060037,-0.020706455542021773,-0.02629682653304704,-0.3030395448962224,0.0,-0.038940779086550976,0.0053222502808784045,-0.008979384382275413,-2.152288236697686,-2.837699999999998,-0.05880785642504871,3.7298529411764703,-0.218247949031245,0.00020519872851809673,0.0,0.0,0,0,0.0,False
1992-08-01,6.59,4.19,3.13,3.3,-0.61,3398.7,799823.8,527743.3,597.3006,7.6,108916,8591.676,4.1,63.3613,60.4425,80.5433,21.35,117.7,1226.0,1075.0,76.1,140.8,63.609,0,3.63,2.4799999999999995,-2.5700000000000003,0.004644934897035657,0.03960425863841044,0.02499999999999991,0.03218992232364881,0.04568749074402545,0.0,0.01582633053221283,0.015503875968992276,0.07149576669802449,0.11921891058581702,0.13666666666666666,0.011232942017758152,-0.007411934983920232,-0.04189793593506752,-0.03839356347070655,0.031571218795888534,0.028112709793322255,-0.07599517490952967,-0.028868660985638454,-0.02640633120407343,0.0,-0.026905323991630443,0.0031128629081109693,-0.00753646285962617,-2.5812329420177584,-2.281000000000006,-0.11559943354794011,3.2184287812041115,-0.4797429434442968,0.0051661433094893905,0.0,0.0,0,0,0.0,False
1992-09-01,6.42,3.89,2.91,3.22,0.09,3410.4,800198.9,527021.95,598.4143,7.6,108951,8558.368,4.0,63.5703,60.5525,80.6355,21.902,118.0,1186.0,1114.0,75.6,141.1,63.713,0,3.46,2.3999999999999995,-2.3600000000000003,0.00568790397045249,0.04159518462279843,0.05128205128205132,0.026429698460063156,0.04013044114230646,-0.6337999999999937,-0.015584655108815793,0.012908777969018903,0.16873212583412767,0.13877118644067798,-0.04666666666666667,0.013025335320417275,-0.0027407230964460183,-0.033665807785623225,-0.03409325575254041,0.030746705710102518,0.02709466987453779,-0.07195121951219519,-0.03073979135618477,-0.05014337617390452,0.0,-0.009482901913703223,0.0020575195931142876,-0.0069897204052782325,-2.373025335320418,-2.6547999999999945,-0.11354640413499362,3.2692532942898973,-0.5205107175095125,0.00984142020421186,0.0,0.0,0,0,0.0,False
1992-10-01,6.59,4.08,2.86,3.1,0.21,3423.9,799555.99,524348.35,596.8732,7.3,109139,8515.933,4.1,63.9995,60.9254,81.0138,21.688,118.1,1244.0,1132.0,73.3,141.7,63.938,0,3.51,2.53,-2.23,0.005686066368209675,0.03442062486568709,0.025641025641025772,0.021710235537090616,0.031221474407008287,-0.5416000000000025,0.002058836985862733,0.01636520241171402,0.16847290640394097,0.14373716632443534,-0.03333333333333333,0.016512667660208757,-0.0008620916342824136,-0.027773096709433176,-0.03564141608419491,0.029927007299270114,0.02524781153450051,-0.08915662650602418,-0.03682324888226553,0.0632605511915858,0.0,-0.003025941636331272,0.0022151903412550578,-0.0039273328738902435,-2.246512667660209,-2.5626000000000033,-0.12357725137171127,3.1900729927007303,-0.53977994847574,0.009954791445315081,0.0,0.0,0,0,0.0,False
1992-11-01,6.87,4.58,3.13,3.09,0.1,3426.9,802697.98,527238.23,596.9292,7.4,109283,8534.33,4.1,64.2422,61.1692,81.1636,20.342,117.8,1214.0,1118.0,85.3,142.1,64.064,0,3.73,2.51,-2.11,0.007179704875370341,0.02799100537007626,0.05128205128205132,0.02917078740220802,0.03835364294844501,-0.16329999999999245,-0.06629929395557099,0.014604810996563522,0.15291936978683962,0.14228052472250252,-0.10333333333333335,0.019017857142857197,0.0011757951853215154,-0.024048281684879047,-0.03885942321568692,0.03279883381924198,0.026951493735946075,-0.0638569604086846,-0.04012767857142868,0.08142360308881513,0.0,0.004385716041249253,0.0025347699783346833,-0.0030191349214407914,-2.1290178571428573,-2.1842999999999932,-0.09184796577876086,3.067201166180758,-0.15122761502335358,0.008587730169241747,0.0,0.0,0,0,0.0,False
1992-12-01,6.77,4.67,3.22,2.92,0.46,3425.3,806118.69,527669.02,596.4731,7.4,109502,8845.712,4.1,64.3507,61.1276,81.1549,19.407,117.6,1227.0,1176.0,91.0,142.3,64.176,0,3.74,2.29,-1.7199999999999998,0.00907663896583566,0.028613240948939245,0.05128205128205132,0.034710914183461616,0.0448771821939804,-0.013499999999993406,-0.09450255953705766,0.012027491408934665,0.10063463281958285,0.13617886178861793,0.13333333333333336,0.01815318794937304,0.00554069726699935,-0.015423913118581045,-0.03480124006370089,0.031204644412191396,0.02671602801416717,0.23444283646888575,-0.031223483272921623,-0.06809749301454482,0.0,0.020722207778577573,0.003388734995383169,0.00828121572339846,-1.7381531879493728,-2.034499999999994,0.2058295955199465,3.0587953555878085,-0.21045793870208884,0.008281420363445369,0.0,0.0,0,0,0.0,False
1993-01-01,6.6,4.39,3.0,3.02,0.21,3418.9,809325.43,528330.62,595.4799,7.3,109790,8602.353,4.3,64.5978,61.6811,81.3264,19.075,118.0,1210.0,1177.0,89.3,142.8,64.332,0,3.5499999999999994,2.0999999999999996,-1.5099999999999998,0.010818794424443778,0.057375674523289844,0.05128205128205132,0.04152288897664813,0.04693315155864375,-0.022199999999998,-0.005636112107393565,0.014667817083692691,0.13716404077849864,0.10838831291234685,0.25666666666666665,0.015505484731692887,0.01013712572364378,-0.012337429001384792,-0.03538946148208377,0.02966714905933454,0.025945997793870967,0.3343108504398826,-0.023413281944856257,-0.03130886562544233,0.0,0.035986796318935414,0.005132728056234104,0.019812653439557515,-1.5255054847316927,-2.043199999999999,0.2769351759165928,2.8903328509406654,-0.2997401417600649,0.010999217357926194,0.0,0.0,0,0,0.0,False
1993-02-01,6.26,4.1,2.93,3.03,0.16,3413.8,814058.92,530527.68,593.4802,7.1,110047,8642.143,4.4,64.9089,61.8465,81.5884,20.053,118.4,1210.0,1148.0,86.6,143.1,64.429,0,3.5999999999999996,2.21,-1.0100000000000002,0.013150002307017905,0.02346155424855323,0.10256410256410264,0.051026982701394274,0.062146882926569,0.0,0.013549415515409002,0.02076124567474058,0.028911564625850428,0.0928505106778088,0.2566666666666667,0.011239610754532725,0.012944860846863637,-0.009868135872476702,-0.029503913895919442,0.03253796095444694,0.02704428621603494,0.3229629629629629,-0.011352006862078054,-0.12400780516098919,0.0,0.04660149904870909,0.005970297431647564,0.021856195299186254,-1.021239610754533,-1.87169999999999,0.29950140871440967,2.9874620390455533,-0.07973912713520459,0.011769065661542122,0.0,0.0,0,0,0.0,False
1993-03-01,5.98,3.95,2.95,3.07,-0.47,3410.9,813656.29,528765.89,591.3241,7.0,110004,8619.726,4.2,64.8522,61.7259,81.3955,20.347,118.7,1083.0,1056.0,85.9,143.3,64.561,0,3.3299999999999996,2.16,-1.0299999999999998,0.01601853903537931,0.02334507283249687,0.12820512820512842,0.048685284067500945,0.054812416961866006,0.0,0.05569886812319025,0.020689655172413834,-0.03200000000000003,0.0017452006980802626,0.27666666666666667,0.004265584090842323,0.018031280511371817,-0.004933938469488086,-0.02666757415654697,0.032467532467532534,0.02598850263547625,0.25872093023255816,-0.004393551613567592,-0.13263463281958288,0.0,0.06004416410286814,0.0069419000695436495,0.013974369884039328,-1.0342655840908421,-1.6097000000000037,0.23537585740006128,2.9975324675324675,-0.06126288805534097,0.012490583244372466,0.0,0.0,0,0,0.0,False
1993-04-01,5.97,3.84,2.87,2.96,0.26,3410.7,819756.94,532780.81,585.6179,7.1,110300,8684.645,4.7,65.0301,62.0377,81.5045,20.27,119.3,1258.0,1104.0,85.6,143.8,64.733,0,3.0300000000000002,2.0300000000000002,-0.9100000000000001,0.015106074727546215,0.019194815231369233,0.050000000000000044,0.03891181483807293,0.04153069454615399,-0.19289999999999452,0.0756502431803765,0.02239448751076667,-0.16499614494988435,-0.02402957486136781,-0.033333333333333305,0.0022920278569540375,0.017780124191856705,-0.0073599024236417065,-0.026423786890827472,0.030194104960460155,0.02560803189883898,0.13026315789473686,-0.0020857453498281746,-0.302160185728383,0.0,0.053873776301325824,0.0042872803031024365,-0.002611074138575198,-0.9122920278569542,-1.6022999999999996,0.11106834266336763,3.0398058950395397,0.1494730440988743,0.007642998468212925,0.0,0.0,0,0,0.0,False
1993-05-01,6.04,3.98,2.96,3.0,-0.12,3437.5,819759.05,531288.42,588.0429,7.1,110571,8682.682,4.3,64.784,61.982,81.0851,19.94,119.7,1260.0,1112.0,80.3,144.2,64.933,0,3.0999999999999996,2.13,-0.77,0.01643997198569802,0.023193571277682512,0.11904761904761907,0.033914177146763924,0.04089576730318467,-0.08389999999999986,0.0013337943980635814,0.02579535683576961,0.1446769790718836,0.04743833017077792,-0.016666666666666646,0.0033831489762297107,0.0277046003692758,0.00557144013850519,-0.03116361534996237,0.031563845050215145,0.02557074731855713,0.10880829015544036,-0.0026050247116968773,0.11576541444603317,0.0,0.08588426114475498,0.003289969678680116,-0.01711280555463035,-0.7733831489762297,-1.493300000000005,0.08561471887775784,2.928436154949785,-0.059025884095768255,0.014759739522412163,0.0,0.0,0,0,0.0,False
1993-06-01,5.96,4.16,3.07,3.04,0.04,3442.7,823811.81,533850.55,590.0472,7.0,110742,8671.95,4.4,64.9301,61.8732,81.1568,19.07,119.5,1280.0,1130.0,81.5,144.3,64.955,0,3.08,2.06,-0.8199999999999998,0.017718093625167963,0.017668917192495304,0.04878048780487809,0.026622718052738525,0.033812138477653075,-0.5032999999999959,-0.04775549188156636,0.021331058020477744,0.03789126853377267,0.05303030303030298,-0.10999999999999997,0.011297108058015315,0.027694670927587817,0.0044852482274599925,-0.023647913274381205,0.0322118826055835,0.027372118412100743,0.01388888888888884,-0.009263628607572556,0.0698912685337727,0.0,0.08529958645697047,0.0016995545897886544,-0.02206256601476242,-0.8312971080580152,-1.912700000000001,-0.003780028303606464,2.9677881173944165,-0.02974435013805099,0.009663390416216,0.0,0.0,0,0,0.0,False
1993-07-01,5.81,4.07,3.04,3.06,-0.01,3441.9,829518.73,535286.72,587.9244,6.9,111054,8699.937,4.4,65.1052,62.0427,81.262,17.866,119.2,1254.0,1174.0,77.0,144.5,65.059,0,2.89,1.7999999999999998,-0.7199999999999998,0.018729416959505363,0.012283699278568871,0.07317073170731736,0.028411547715022856,0.02866206034327967,-0.4315999999999889,-0.1477094972067039,0.012711864406779627,0.11790393013100431,0.06906338694418168,0.060000000000000026,0.014348850913376454,0.03328268966125436,0.013828908320183464,-0.018015641593064013,0.029978586723768963,0.025902234857458684,0.013681592039801016,-0.010331172657631043,0.28290007508088866,0.0,0.0961869731210251,0.003623342231959148,-0.010500267123050078,-0.7343488509133762,-1.6940999999999917,0.0013978927612321446,3.010021413276231,-0.029784481763308612,0.015502565469397656,0.0,0.0,0,0,0.0,False
1993-08-01,5.68,4.0,3.02,3.03,-0.03,3445.6,834235.53,537971.36,587.8165,6.8,111200,8718.737,4.4,65.0267,61.9438,81.0442,18.009,118.7,1300.0,1230.0,77.3,144.8,65.17,0,2.7699999999999996,1.7399999999999993,-0.18999999999999995,0.020782587114979822,0.016452512980893452,0.07317073170731736,0.021777342523886745,0.021721337797268703,-0.3263999999999925,-0.1789144721724344,0.011026293469041493,0.10096575943810371,0.07805325987144163,-0.02999999999999998,0.014143021302925884,0.03940837584599288,0.015241633882759453,-0.018926474102335722,0.028469750889679624,0.024164095459983548,0.005221932114882533,-0.002687174047555917,-0.043711219633779885,0.0,0.10916120109340027,0.004342615129281802,-0.01213683462287718,-0.20414302130292583,-1.5888999999999953,-0.01123058086601092,3.0315302491103204,0.10309409416053539,0.011703775476717082,0.0,0.0,0,0,0.0,False
1993-09-01,5.36,3.85,2.95,3.09,0.4,3452.6,840602.98,541155.0,585.4593,6.7,111448,8699.123,4.6,65.3717,62.4107,81.3448,17.514,118.7,1343.0,1251.0,77.9,145.0,65.238,0,2.6599999999999997,1.6799999999999997,-0.27,0.02097028903007825,0.014788849113956282,0.07317073170731736,0.02628418293185275,0.024838482855606525,-0.5441999999999894,-0.15648711943793914,0.008496176720475868,0.06035889070146827,0.1441860465116278,1.850371707708594e-17,0.01379939388589757,0.04302413856651932,0.01938074817813873,-0.01587826966857231,0.02840909090909083,0.024540552437548158,0.015768725361366753,-0.0037258363491923445,0.0224676221676956,0.0,0.11444420858694138,0.0032521954049102852,-0.00033853512088577453,-0.2837993938858976,-1.6850999999999914,0.0009798762474104716,3.001590909090909,0.033802791696492474,0.015329467638931504,0.0,0.0,0,0,0.0,False
1993-10-01,5.33,3.87,3.02,2.99,0.36,3456.9,847616.63,545962.54,583.9274,6.8,111734,8662.656,4.5,65.8509,62.9452,81.7992,18.145,119.1,1392.0,1287.0,82.7,145.6,65.443,0,2.41,1.5100000000000002,-0.13000000000000034,0.02291855971950696,0.01644647671144761,0.1499999999999999,0.02833713227717971,0.03068742000743141,-0.2435999999999865,-0.2003470002739477,0.0059322033898305815,0.13237774030354132,0.12298025134649904,0.12000000000000004,0.012373915083274678,0.05049254629067845,0.02681681474557185,-0.021648881051138047,0.027639971651311157,0.023935460581043122,0.030423280423280685,-0.0016086089608257123,0.014473810172537016,0.0,0.12168703656053508,0.004189142760001596,-7.441543784314497e-05,-0.14237391508327502,-0.785499999999999,0.013976803711833075,3.0623600283486887,0.05233861507245763,0.017209856629424092,0.0,0.0,0,0,0.0,False
1993-11-01,5.72,4.16,3.1,3.02,0.3,3470.7,856523.42,549959.41,584.0603,6.6,111987,8684.88,4.6,66.1518,63.2335,82.0178,16.699,119.0,1376.0,1357.0,81.2,146.0,65.567,0,2.31,1.46,-0.10999999999999988,0.023777018297767016,0.01722923371989893,0.09756097560975618,0.02892835100274227,0.033152018698276775,0.0,-0.1633622279601623,0.008467400508044065,0.11897106109324751,0.13692579505300362,0.24333333333333337,0.009638131954788465,0.060109161335905936,0.04122105085293026,-0.02168936383808151,0.02752293577981657,0.023538427851981458,0.12824010914051853,-0.00106019451502673,0.0180053016551438,0.0,0.13885216268594272,0.002994431182787194,0.007151008478855525,-0.11963813195478834,0.0,0.1110108754206196,2.9624770642201836,-0.06905318489013679,0.020700785489913054,0.0,0.0,0,0,0.0,False
1993-12-01,5.77,4.21,3.06,2.96,0.51,3475.0,865650.58,555742.56,583.6748,6.5,112325,8986.914,4.7,66.5436,63.6638,82.3349,14.51,118.6,1533.0,1461.0,88.2,146.3,65.582,0,2.6199999999999997,1.5599999999999996,-0.06999999999999984,0.024743098194595747,0.017640517767651298,0.12195121951219523,0.02972500941748568,0.03374737613047096,0.0,-0.1790876020057024,0.01018675721561979,0.13344316309719928,0.21377459749552763,0.35333333333333333,0.012781230850039238,0.06705565647492984,0.04309471261217168,-0.021558503085458147,0.027445460942997935,0.02346091408591411,-0.048065650644783076,-0.0008946861595027446,0.07308427239573101,0.0,0.17568581996431615,0.003772809164517499,0.0034408264856329307,-0.08278123085003908,0.0,-0.06570616841243437,2.992554539057002,-0.009036370033907115,0.024031517908410516,0.0,0.0,0,0,0.0,False
1994-01-01,5.75,4.14,2.98,3.05,0.07,3474.8,872021.82,559500.15,587.4316,6.6,112601,8808.902,4.7,66.7351,63.7203,82.3903,15.0,119.1,1272.0,1390.0,94.3,146.3,65.604,0,2.7099999999999995,1.5599999999999996,0.040000000000000036,0.025780351043816596,0.015962762522677698,0.14634146341463428,0.03407732938414032,0.0414902597190141,0.0,-0.25233163291595817,0.008503401360544283,0.24938875305623465,0.24234693877551017,0.38999999999999996,0.014509677984410052,0.07385003069461149,0.05320293391490005,-0.02145662562150752,0.028109627547435068,0.021908501620543364,-0.03076923076923077,0.0005803871193764026,0.11701101275269332,0.0,0.2001335831823971,0.002861791324309637,0.0057401971069606095,0.025490322015589983,0.0,-0.04673199329190847,2.931890372452565,-0.1304696558961238,0.023357484403933038,0.0,0.0,0,0,0.0,False
1994-02-01,5.97,4.47,3.25,3.25,0.22,3475.1,880352.86,564939.14,587.9833,6.6,112782,8817.405,4.7,66.774,63.8205,82.2437,14.78,119.3,1337.0,1269.0,93.2,146.7,65.756,0,2.77,1.6100000000000003,0.029999999999999805,0.025603424719919943,0.024010756126841226,0.09302325581395365,0.033086266095749384,0.03306037019443564,0.0,-0.21363040629095675,0.009322033898305104,0.05123966942148761,0.18096856414613427,0.2933333333333334,0.01635028810436112,0.0774674657140082,0.058996258819903336,-0.013515653509043823,0.02450980392156854,0.01977243051669464,0.055991041433370636,0.0004905086431308305,-0.0677313916717599,0.0,0.2145848800278027,0.0018264064221529264,0.004157915093007114,0.013649711895638683,0.0,0.03198028530652941,3.0254901960784313,0.06301313185824764,0.017358304378102263,0.0,0.0,0,0,0.0,False
1994-03-01,6.48,5.0,3.5,3.34,0.98,3479.2,891333.16,571555.79,594.8106,6.5,113245,8840.918,5.0,67.4552,64.6881,82.871,14.66,119.7,1564.0,1342.0,91.5,147.1,65.937,0,2.7199999999999998,1.5,0.2200000000000002,0.02485301734713352,0.020279923625424967,0.06818181818181812,0.028734118125557373,0.031917731803740024,-0.1465999999999923,-0.26295317408866514,0.007601351351351315,0.10495867768595035,0.10540069686411146,0.26666666666666666,0.017956529380748654,0.0814362921052445,0.06486270424193497,-0.009262145561048207,0.02515723270440251,0.02059631532384487,0.07621247113163987,0.003950436463764707,-0.028484485411248928,0.0,0.22150671452626503,0.00010991915253777407,-0.0009908912919283086,0.20204347061925154,-0.1465999999999923,0.0559325475062149,3.2248427672955975,0.23228822823859563,0.014380635630314664,0.0,0.0,0,0,0.0,False
1994-04-01,6.97,5.55,3.68,3.56,0.26,3480.5,900989.53,575973.79,600.4427,6.4,113589,8923.036,5.0,67.8541,65.2758,83.1358,16.38,119.7,1465.0,1392.0,92.6,147.2,66.015,0,2.9800000000000004,1.4800000000000004,0.27,0.029462564997636553,0.02566114050493007,0.19047619047619047,0.04013742016462052,0.047989579738813015,0.0,-0.279500663488475,0.008424599831508006,0.4441366574330563,0.27083333333333326,0.42333333333333334,0.020024040575800983,0.0954664407498158,0.08092409289109037,0.005896089809294125,0.026517794836008246,0.021313176685614943,0.06519208381839348,0.005406490955466266,0.19474790437682166,0.0,0.28448999343445114,0.003682213953819957,0.0060600907804801984,0.24997595942419903,0.0,0.03953094331346341,3.3134822051639916,0.3815918327114267,0.021616410055204316,0.0,0.0,0,0,0.0,False
1994-05-01,7.18,5.97,4.14,4.01,0.41,3491.4,912863.7,583766.07,604.7868,6.1,113922,8941.155,4.9,68.1663,65.7069,83.2793,17.88,119.9,1526.0,1396.0,92.8,147.5,66.111,0,3.2899999999999996,1.42,0.6000000000000001,0.029818676337262096,0.027449711531098764,0.06382978723404253,0.04342604424720231,0.052195681013319284,0.0,-0.19190922545633948,0.0033528918692373733,0.16454689984101756,0.26086956521739135,0.48666666666666664,0.02046500718327615,0.09909350691193919,0.08107082535498966,0.025314799974522684,0.02364394993045882,0.01980442741723687,0.08177570093457942,0.012279004309965693,0.11330723041952995,0.0,0.32601763774027986,0.004215251617342153,0.010339778151452927,0.5795349928167239,0.0,0.05432598940348066,3.536356050069541,0.5108658539911097,0.02162604119793099,0.0,0.0,0,0,0.0,False
1994-06-01,7.1,5.93,4.14,4.25,0.45,3479.8,924216.02,589363.22,608.8339,6.1,114239,8929.074,5.0,68.6265,65.9433,83.5893,19.07,120.5,1409.0,1357.0,91.2,147.9,66.272,0,3.04,1.21,1.0099999999999998,0.030306319016740302,0.029768797244906553,0.13953488372093026,0.05220887873549018,0.06009647962311648,0.0,-0.10330992978936826,0.001670843776107045,0.21111111111111103,0.2553956834532374,0.5499999999999999,0.015679999999999916,0.11357562932669052,0.0987743154650349,0.02847394297252781,0.02288488210818307,0.018141776908505713,0.15566625155666247,0.01583679999999991,0.10615243342516067,0.0,0.3452699131531392,0.00545330166960678,0.02347476060993281,0.9943199999999999,0.0,0.12589745431175592,3.9871151178918165,0.762272350596219,0.03213933722144602,0.0,0.0,0,0,0.0,False
1994-07-01,7.3,6.13,4.33,4.26,0.05,3488.1,931134.74,591189.26,616.5521,6.1,114608,8944.497,5.0,68.7178,66.2407,83.4406,19.65,120.7,1439.0,1335.0,89.0,148.4,66.481,0,2.96,1.17,1.21,0.03157790178974551,0.029650078702021965,0.13636363636363624,0.05692891278467149,0.0657813075774325,0.0,0.0,0.008368200836819994,0.10078125000000004,0.20088495575221232,0.37333333333333335,0.01077642548000135,0.12187760454660146,0.10398541314605736,0.03183931726139866,0.02494802494802495,0.020275575398352785,0.11901840490797544,0.013039474830801633,-0.34335540743305626,0.0,0.36075770945794033,0.002115336792108957,0.016791492620050974,1.1992235745199986,0.0,0.08936832620595347,4.225051975051975,0.9115697698879832,0.026411163796785653,0.0,0.0,0,0,0.0,False
1994-08-01,7.24,6.18,4.48,4.47,0.82,3485.6,944803.17,597132.47,622.2947,6.0,114902,8957.46,5.0,69.1785,66.7932,83.7334,18.38,121.2,1450.0,1377.0,91.7,149.0,66.634,0,2.9699999999999998,1.17,1.1999999999999997,0.03200244925891904,0.02811054838672966,0.13636363636363624,0.05548865528406344,0.06766307720328091,-0.14869999999999095,0.09985447218179777,0.012583892617449743,0.1475279106858054,0.13713798977853497,0.30333333333333334,0.01342281879194629,0.12249995850003281,0.10443475974894367,0.04869282513193873,0.0269896193771626,0.021857083570297586,0.1558441558441559,0.016107382550335544,-0.01701898915521216,0.0,0.36382487674509745,0.0021837729216569457,0.012062611036861126,1.1865771812080534,-0.14869999999999095,0.12773360745742623,4.233010380622837,0.6966543305532964,0.023406451588093624,0.0,0.0,0,0,0.0,False
1994-09-01,7.46,6.39,4.62,4.73,0.12,3486.7,957375.6,607291.69,625.0392,5.9,115246,8996.696,4.9,69.3961,67.061,83.7254,17.46,121.0,1474.0,1412.0,91.5,149.3,66.708,0,2.76,1.0600000000000005,1.44,0.03329136690647472,0.027380456595949676,0.13636363636363624,0.06384761951629092,0.07828709249351817,0.0,0.020600810705758255,0.021061499578769904,0.11538461538461542,0.11951219512195133,0.43999999999999995,0.011609008590666381,0.13253767793850746,0.10997074268042817,0.05865469921310473,0.02900552486187835,0.022464324075494924,0.1862871927554981,0.016716972370559587,-0.09572649572649561,0.0,0.36580399111028056,0.0029850478897344157,0.011638740780800738,1.4283909914093336,0.0,0.15890673615954842,4.440994475138122,0.4538793572463051,0.01896204861181694,0.0,0.0,0,0,0.0,False
1994-10-01,7.74,6.73,4.95,4.76,0.63,3484.8,968468.71,615689.68,631.6208,5.8,115457,9076.95,5.1,69.9544,67.7394,84.1216,17.71,120.9,1450.0,1397.0,92.7,149.4,66.821,0,2.84,1.0700000000000003,1.6400000000000006,0.03407867346206306,0.03420724135065112,0.0652173913043479,0.06156180732641192,0.07451126169070377,-0.008000000000009777,-0.0030832476875641834,0.019376579612468303,0.09754281459419212,0.12869704236610713,0.33,0.00987661472513457,0.13891530577253008,0.12221394979257316,0.06760487022752915,0.02965517241379323,0.022532879610043244,0.17458279845956337,0.0161976481492207,-0.0032384354058079268,0.0,0.39451946839398544,0.0025007716723175477,0.004632894541740429,1.630123385274866,-0.008000000000009777,0.14037555710891225,4.700344827586207,0.47529285253423215,0.017037701225928625,0.0,0.0,0,0,0.0,False
1994-11-01,7.96,7.15,5.29,5.29,0.53,3487.8,981426.11,618833.39,638.4503,5.6,115867,9074.779,5.0,70.4326,68.309,84.414,18.1,121.5,1511.0,1340.0,91.6,149.8,66.948,0,2.79,1.0099999999999998,1.7699999999999996,0.03332020692000648,0.04782528591692903,0.1333333333333333,0.06231501771426062,0.07616466386634735,0.0,-0.023973546431523718,0.015113350125944613,0.04166666666666674,0.08547008547008539,0.5233333333333333,0.008070814891955269,0.14257870329891942,0.12771414683505578,0.08167693449562385,0.026098901098901228,0.021056491908989505,0.12091898428053205,0.014285342358760823,-0.10586124401913866,0.0,0.39779458220398517,0.0013177576610874375,0.006826362430197186,1.7619291851080443,0.0,0.07309369836360302,4.733901098901098,0.5008907182782609,0.020078744798886605,0.0,0.0,0,0,0.0,False
1994-12-01,7.81,7.59,5.6,5.45,0.62,3486.7,997301.74,631732.19,643.7874,5.5,116174,9117.741,5.1,71.1523,69.0936,84.9892,17.16,121.9,1455.0,1396.0,95.1,150.1,66.991,0,2.67,0.8099999999999996,2.27,0.034646878655558266,0.04489399968681207,0.0869565217391306,0.06471176899192455,0.08026599824460123,0.0,0.08389723935565008,0.021008403361344463,0.09811046511627897,-0.012527634487840777,0.4266666666666667,0.004926959979254963,0.1458251894618363,0.12523466049976295,0.0931239462774649,0.026027397260274032,0.02106242469534969,0.12807881773399,0.011184199152908768,-0.017274150268336452,0.0,0.38935325586310293,0.0013555117490835489,0.0008641494756336243,2.265073040020745,0.0,0.08318481804717792,5.263972602739726,0.8229781276016039,0.013287511523328854,0.0,0.0,0,0,0.0,False
1995-01-01,7.78,7.51,5.71,5.53,0.12,3492.2,1010395.04,638391.87,654.3075,5.6,116505,9159.706,5.2,71.2734,69.2071,84.8472,17.99,122.9,1407.0,1282.0,97.6,150.5,67.127,0,2.21,0.21999999999999975,2.49,0.03426663699087462,0.014557499938243401,0.0851063829787233,0.06925835091579047,0.08528865697617793,0.0,0.18263266712612003,0.027824620573355885,-0.050880626223091974,-0.04449007529089666,0.5933333333333334,0.003366906474820075,0.15208348846713649,0.13673530780151144,0.10298988409299148,0.02597402597402576,0.02148455368851221,0.07823129251700678,0.008383597122301988,-0.1484234408172841,0.0,0.33610450951237164,0.0001879635288115633,0.007696543589378546,2.48663309352518,0.0,0.06367379257876338,5.424025974025975,0.7236811464397679,0.0131681826946064,0.0,0.0,0,0,0.0,False
1995-02-01,7.47,7.11,5.77,5.92,-0.25,3489.2,1018559.11,640455.74,666.4421,5.4,116694,9180.168,5.1,71.193,69.0338,84.4634,18.53,123.5,1316.0,1254.0,95.1,150.9,67.246,0,2.0700000000000003,0.27000000000000046,2.4800000000000004,0.034671095283345554,0.03982380550947218,0.1063829787234043,0.06800469318244806,0.08610756697630095,-0.1419999999999959,0.19933333333333314,0.03190596137699431,0.10613207547169812,-0.07769784172661875,0.42333333333333334,0.005007482445032796,0.158680914658764,0.14100393002575595,0.11384457356396904,0.028708133971291794,0.023215047862935156,0.03499469777306463,0.012418556463681335,0.06446540880503138,0.0,0.3284694933436415,0.0013508883633390756,0.005689675468187438,2.4749925175549676,-0.1419999999999959,-0.004829107736407545,5.5012918660287085,0.7673907671276101,0.016102211359844576,0.0,0.0,0,0,0.0,False
1995-03-01,7.2,6.78,5.73,5.98,-0.07,3489.9,1033632.09,648072.17,673.5177,5.4,116908,9203.415,4.9,71.3113,69.2346,84.3123,18.55,123.9,1249.0,1226.0,90.3,151.2,67.37,0,1.7000000000000002,0.35999999999999943,2.67,0.03468638612544561,0.04114169645150678,0.0851063829787233,0.06617845269116707,0.08168691878001577,-0.5258000000000038,0.25372124492557524,0.035205364626990754,-0.015706806282722474,-0.011820330969267157,0.16333333333333333,0.004057437196051783,0.15698960755349844,0.13367209784756628,0.13343712312917733,0.02862985685071595,0.02265952916844083,0.020386266094420513,0.010833357313458261,-0.11381727139900144,0.0,0.26688233284094737,3.950746988734544e-05,0.0014666836992425214,2.665942562803948,-0.5258000000000038,-0.02075543035708627,5.891370143149284,0.6273975404095582,0.011164418091662132,0.0,0.0,0,0,0.0,False
1995-04-01,7.06,6.57,5.65,6.05,-0.55,3498.2,1043695.17,653951.59,677.4769,5.8,117066,9214.181,4.4,71.1882,69.046,83.8748,19.87,124.6,1267.0,1259.0,92.5,151.8,67.547,0,1.4699999999999998,0.41999999999999993,2.6400000000000006,0.03234579893152012,0.0410021900440658,-0.019999999999999907,0.057165348260771465,0.07028340606695815,-0.6769000000000034,0.2653478854024558,0.03508771929824572,-0.20140664961636834,-0.08643815201192251,-0.06666666666666667,0.003075419636698218,0.1596472973136105,0.13387386032779047,0.13232296129221632,0.027872195785180187,0.021732866220786518,-0.013114754098360715,0.008119107840883297,-0.15052602339327636,0.0,0.2346815270510074,-0.0019208380593545016,-0.012093002655019003,2.6369245803633024,-0.6769000000000034,-0.054116944142426515,5.95212780421482,0.5281018301888452,0.007563808846474007,0.0,0.0,0,0,0.0,False
1995-05-01,6.63,6.17,5.67,6.01,0.02,3525.1,1057470.83,659306.86,686.0978,5.6,117046,9221.249,4.5,71.5378,69.297,83.9876,19.74,124.9,1314.0,1271.0,89.8,152.1,67.651,0,1.4099999999999993,0.4899999999999993,2.4899999999999998,0.030610358397380022,0.0326284686064251,-0.11999999999999988,0.049136308638682014,0.057758005263819134,-1.1144000000000034,0.2130647130647132,0.040935672514619714,-0.13515358361774743,-0.09554597701149425,-0.29000000000000004,0.005085476224680363,0.15838767848944935,0.13538428545507242,0.12829567250963336,0.03125000000000022,0.02320684692872832,-0.001079913606911398,0.012662835799454103,-0.24128565908944555,0.0,0.22332662667012346,-0.004060736885965532,-0.018868384543766048,2.4849145237753194,-1.1144000000000034,-0.033708382213336496,6.01875,0.5174581339712914,-0.0002932361693146479,0.0,0.0,0,0,0.0,False
1995-06-01,6.17,5.72,5.47,6.0,0.23,3549.4,1069377.91,663290.48,690.4851,5.6,117291,9255.248,4.6,71.7749,69.6232,83.9584,18.42,125.3,1281.0,1305.0,92.7,152.4,67.717,0,0.96,0.45999999999999996,2.0,0.02742227137866249,0.03132637785610459,-0.08163265306122458,0.04945992374531105,0.054638097368769456,-1.0015999999999963,0.10402684563758391,0.04170141784820691,-0.13892529488859762,-0.08954154727793695,-0.20000000000000004,0.00965228848026567,0.15841042863244548,0.12940250193026803,0.13444572533659804,0.031186440677966054,0.023294156796902055,-0.032327586206896575,0.01930457696053134,-0.12321848860587514,0.0,0.15207401148714766,-0.0072641147467831235,-0.016718528945856015,1.9903477115197343,-1.0015999999999963,-0.06365396406300117,5.978813559322034,0.08744341617274998,0.0014208210789470321,0.0,0.0,0,0,0.0,False
1995-07-01,6.28,5.78,5.42,5.85,-0.59,3567.5,1077737.0,668595.71,698.6354,5.7,117382,9286.334,4.6,71.4748,69.1664,83.2944,17.3,125.3,1461.0,1354.0,94.4,152.6,67.802,0,0.7000000000000002,0.4500000000000002,1.75,0.026715920132354132,0.03652943183134094,-0.08000000000000007,0.04587732144288292,0.05580400131628238,-1.0307999999999993,-0.0340849501835343,0.03983402489626564,-0.09084457061745921,-0.03831982313927784,-0.10000000000000002,0.020001149491350123,0.15706489268601942,0.12543582207250736,0.13411079770689516,0.030425963488843744,0.021804080154514516,0.016447368421052655,0.035002011609862715,0.11056207899890913,0.0,0.10994542488021362,-0.005629878799165988,-0.011288026817888541,1.7299988505086499,-1.0307999999999993,-0.020082063410288287,5.9695740365111565,0.01744623229633646,-0.002582404627591073,0.0,0.0,0,0,0.0,False
1995-08-01,6.49,5.98,5.4,5.74,0.74,3588.9,1089602.05,672036.31,703.1093,5.7,117646,9299.788,4.7,72.4223,70.0144,84.0724,18.03,125.1,1416.0,1386.0,96.2,152.9,67.948,0,0.8600000000000003,0.5,1.5899999999999999,0.02420424403183019,0.03821757668430115,-0.08000000000000007,0.04012060921624383,0.044167709580363645,-1.6948000000000008,-0.11959287531806606,0.0381110190555094,0.015288394718554477,0.014232209737827795,-0.11333333333333333,0.02276310885582422,0.15744473243474943,0.13093345098995868,0.13313278796714823,0.028301886792452713,0.019870338893819506,0.06067415730337089,0.036193343080760505,0.1504419783363019,0.0,0.13540246989388457,-0.006406114365549831,-0.009015699422438184,1.5672368911441756,-1.6948000000000008,0.022456580619069744,5.821698113207547,-0.1970518867924529,-0.0009429460546999113,0.0,0.0,0,0,0.0,False
1995-09-01,6.2,5.81,5.28,5.8,0.13,3602.9,1106612.68,677580.53,706.2019,5.6,117873,9335.583,4.7,72.7144,70.6607,84.0747,18.23,125.2,1369.0,1421.0,88.9,153.1,67.995,0,1.0899999999999999,0.5099999999999998,1.2700000000000005,0.02388122051835473,0.03821708386082667,-0.05999999999999994,0.04689029105863818,0.04822646616721449,-0.916799999999995,-0.019042437431991188,0.03217821782178221,-0.02344827586206899,0.006535947712418277,0.12666666666666668,0.0296362175809044,0.15325824954630507,0.12543923461405493,0.129865480133448,0.026174496644295386,0.019719662634690938,0.04907306434023995,0.0376379963277486,0.11547701902652863,0.0,0.1670514920054725,-0.0035410508603077595,-0.0025696326866728736,1.240363782419096,-0.916799999999995,0.010855980479413274,5.713825503355705,-0.26498805596632913,-0.005152179086140407,0.0,0.0,0,0,0.0,False
1995-10-01,6.04,5.7,5.28,5.76,-0.29,3614.1,1113528.51,680078.1,706.4285,5.5,118026,9349.228,4.7,72.5866,70.6002,83.58,17.44,125.3,1369.0,1400.0,90.2,153.5,68.171,0,0.9199999999999999,0.39000000000000057,1.0699999999999994,0.02279471738715433,0.03766793943020863,-0.04081632653061229,0.047816808149161005,0.053677994661576856,-0.9144999999999897,0.04410080183276066,0.034710743801652955,-0.07123473541383984,0.006373937677053743,0.09333333333333334,0.033326641236699484,0.15588143253285325,0.11574148165933251,0.12985217567154184,0.0254521098459477,0.01929303831624396,-0.02841530054644803,0.035659506123268424,0.019609835203619363,0.0,0.14341091793022498,-0.003921202745199803,0.0019394867062780818,1.0366733587633,-0.9144999999999897,-0.06608323997665666,5.774547890154052,-0.19502614635710458,-0.0011834601531661715,0.0,0.0,0,0,0.0,False
1995-11-01,5.93,5.48,5.36,5.8,0.03,3620.4,1132160.17,695420.01,712.6711,5.6,118165,9379.567,4.7,72.7779,70.6915,83.4429,17.99,125.4,1452.0,1430.0,88.2,153.7,68.169,0,0.7599999999999998,0.33999999999999986,1.0,0.022250708055812973,0.02999663984047496,-0.07843137254901955,0.037627368685886786,0.0422324378426735,-1.4091999999999985,-0.015245623941276043,0.03639371381306855,-0.055862068965517264,0.0021474588403722628,0.19333333333333336,0.03710399449035795,0.1497826398542086,0.10457933938408703,0.11843767652996862,0.027443105756358666,0.020203229523652944,-0.02696871628910469,0.03710399449035795,-0.07115046368407174,0.0,0.1138348062891985,-0.0019535359760172177,-0.0024932405303570437,0.962896005509642,-1.4091999999999985,-0.05696535612957965,5.732556894243642,-0.08914121896390537,-0.007662092580540847,0.0,0.0,0,0,0.0,False
1995-12-01,5.71,5.32,5.14,5.6,0.07,3629.8,1140744.36,696824.27,715.0175,5.6,118325,9396.526,4.5,73.0305,70.9803,83.3654,19.04,125.7,1431.0,1442.0,91.0,153.9,68.3,0,0.5699999999999994,0.4499999999999993,0.5099999999999998,0.019833084484797148,0.03358627245908674,-0.05999999999999994,0.033298500978240275,0.034878273726741904,-1.5463000000000022,-0.00607734806629856,0.032098765432098775,-0.039046988749172784,0.0671641791044777,-0.04333333333333333,0.03801823499053847,0.15358676365355706,0.12375967625147055,0.11625149208951746,0.02603471295060067,0.018238035490231175,-0.037117903930130924,0.01938929984517461,-0.015598712887103794,0.0,0.08754445528252743,-0.004048136033557581,-0.013591790080397903,0.4719817650094613,-1.5463000000000022,-0.07070417638921767,5.773965287049399,0.060139783693694326,0.00032851410725198704,0.0,0.0,0,0,0.0,False
1996-01-01,5.65,5.11,5.0,5.56,-0.87,3647.4,1153270.3,703275.62,721.7153,5.6,118317,9428.309,4.5,72.6125,70.5022,82.5158,18.88,126.3,1467.0,1387.0,89.3,154.7,68.452,0,0.5700000000000003,0.3899999999999997,0.14999999999999947,0.0185153304525969,0.0305761043223316,-0.11764705882352933,0.026396897921781903,0.027306436486157937,-1.481800000000007,0.10955710955710951,0.031173092698933536,-0.016494845360824795,0.03295128939828085,-0.06333333333333334,0.04104167264175307,0.1438307126587386,0.10303745959185662,0.110642271035438,0.025316455696202667,0.019539938200653806,-0.04311251314405884,0.006156250896262938,0.05473989005301505,0.0,0.08198350621548103,-0.004279386934557428,-0.021419910227379102,0.1089583273582464,-1.6238000000000028,-0.07368861746639044,5.574683544303797,-0.19986434585025492,-0.012050719874114657,0.0,0.0,0,0,0.0,False
1996-02-01,5.81,5.03,4.83,5.22,0.74,3660.8,1163093.78,707496.4,723.9843,5.5,118738,9506.777,4.7,73.6752,71.5683,83.3451,19.07,126.2,1491.0,1420.0,88.5,155.0,68.56,0,0.6500000000000004,0.54,0.02999999999999936,0.01555298055877441,0.029324412814123013,-0.1346153846153847,0.018788215519394358,0.018713397902816453,-1.9475999999999942,0.0494719288493608,0.02766476810414975,0.04264392324093813,0.0819032761310452,-0.25666666666666665,0.04444189908939933,0.14140534577446062,0.1016362410755638,0.10302159152997636,0.027906976744185963,0.019738704247173278,-0.08504098360655732,0.0013332569726819514,0.0985059922064554,0.0,0.09191347475339945,-0.006697727497038564,-0.01883915316649243,-0.014441899089399968,-2.473399999999998,-0.11436539642068033,5.532093023255814,-0.2004638709878277,-0.008377294079747966,0.0,0.0,0,0,0.0,False
1996-03-01,6.27,5.66,4.96,5.31,-0.15,3685.4,1171684.26,710092.31,727.2134,5.5,118992,9539.993,4.5,73.585,71.4049,82.8594,21.36,126.4,1424.0,1437.0,93.7,155.5,68.767,0,0.9799999999999995,0.7799999999999994,-0.7000000000000002,0.01751589627572958,0.03557767134544809,-0.07843137254901955,0.03486578736673551,0.03671389956803761,-0.9671999999999912,0.029141932002158644,0.021862348178137703,0.13297872340425543,0.13237639553429026,-0.01999999999999998,0.049180327868852514,0.1419011116595874,0.10467649177443561,0.086342384432196,0.02717031146454607,0.019540195699372598,-0.0694006309148264,-0.034426229508196765,0.1720257121534282,0.0,0.1390630894263956,-0.0023171882090675666,0.001567286388495237,-0.7491803278688527,-1.6440999999999946,-0.10497830226027449,5.192829688535454,-0.5811355985139448,-0.011685651993969648,0.0,0.0,0,0,0.0,False
1996-04-01,6.51,5.96,4.95,5.22,0.43,3696.4,1180903.1,715121.51,732.0218,5.6,119158,9565.104,4.7,74.3172,72.2982,83.2941,23.57,127.4,1516.0,1463.0,92.7,156.1,68.973,0,1.3099999999999996,0.6099999999999994,-0.6700000000000008,0.017825982824100972,0.03657099022482413,-0.08163265306122458,0.03188414739319012,0.03134704324138515,-1.2153000000000134,0.15148247978436657,0.020177562550443895,0.14011208967173738,0.17210440456769982,-0.09333333333333331,0.05601879710020352,0.13356025933753668,0.09569943421579108,0.07972425965939722,0.028439153439153486,0.020736232744544836,0.037652270210409844,-0.0375325940571364,0.15660693503256218,0.0,0.174963939732173,-0.0006893476284959288,0.005487249471408218,-0.7260187971002043,-2.129800000000003,0.0010812799855857147,5.281560846560846,-0.29312269774295086,-0.010270453321201911,0.0,0.0,0,0,0.0,False
1996-05-01,6.74,6.1,5.02,5.24,0.4,3710.7,1191113.69,720453.9,736.2525,5.6,119497,9606.394,4.8,74.8726,72.8796,83.5236,21.25,128.1,1504.0,1457.0,89.4,156.4,69.092,0,1.5599999999999996,0.5499999999999998,-0.8300000000000001,0.01787026122016644,0.03808509947872718,0.06818181818181812,0.043953913710418346,0.047101932045303,-0.7806000000000068,0.186210367388022,0.022471910112359605,0.1965272296764009,0.1620333598093726,0.34,0.05665770967926376,0.1314636054126801,0.09353891164940831,0.0805118226171253,0.02832674571805005,0.021111226257272797,0.00216216216216214,-0.04702589903378892,0.15388330643546277,0.0,0.2050832244437809,0.0023172806613920294,0.02516569819102399,-0.8866577096792638,-1.6950999999999965,-0.03592293731656504,5.19167325428195,-0.34041976897386395,-0.009941740361780527,0.0,0.0,0,0,0.0,False
1996-06-01,6.91,6.3,5.09,5.27,0.35,3723.3,1200950.02,726687.65,741.3659,5.3,119770,9670.238,4.8,75.4433,73.6208,83.7665,20.45,128.0,1467.0,1429.0,92.4,156.7,69.091,0,1.7200000000000006,0.6400000000000006,-0.7699999999999996,0.020940484937545856,0.04176711853242443,0.06666666666666665,0.04661591494286932,0.05169920775791148,-0.5511000000000053,0.07649442755825753,0.02562049639711761,0.14459665144596645,0.14634146341463405,0.2266666666666667,0.05265098862443618,0.12637971299879713,0.09274443162930246,0.07310138583741277,0.02827087442472065,0.021300498144890767,-0.00445434298440972,-0.040541261240815835,0.011617928041711023,0.0,0.21737310635793114,0.0034245886618162746,0.011750127576133806,-0.8226509886244358,-1.465599999999995,-0.04622146151683415,5.21172912557528,0.018899437039825884,-0.015521398660790275,0.0,0.0,0,0,0.0,False
1996-07-01,6.87,6.27,5.15,5.4,0.06,3737.5,1211897.36,732630.35,745.1747,5.5,120019,9650.331,4.8,75.4549,73.961,83.3918,21.32,128.0,1472.0,1450.0,94.7,157.0,69.237,0,1.8200000000000003,0.6100000000000003,-0.7300000000000004,0.021135466489329957,0.04483834468833248,0.04347826086956519,0.05110978907668273,0.05741764239506386,-0.3082000000000136,0.11020629750271427,0.02154828411811649,0.14519906323185006,0.0950191570881227,0.39333333333333337,0.04899419620217493,0.12303612106593831,0.09557979785869986,0.07368848364722136,0.028215223097112663,0.020290325915205853,-0.003236245954692518,-0.035765763227587725,0.005086973560112673,0.0,0.22392574034000776,0.003309483665228985,0.01922564168349261,-0.7789941962021754,-1.2227000000000032,-0.048074590643024995,5.241784776902887,-0.03977606965795921,-0.010524138271598371,0.0,0.0,0,0,0.0,False
1996-08-01,6.64,6.03,5.05,5.22,0.22,3744.1,1220503.0,737209.89,748.1603,5.1,120198,9681.266,4.8,75.8411,74.2842,83.4315,21.96,128.3,1557.0,1413.0,95.3,157.2,69.303,0,1.7199999999999998,0.6000000000000005,-0.4499999999999993,0.022465113901620315,0.03919706097153086,0.04347826086956519,0.055685360434726494,0.06931978532929284,-0.6829000000000036,0.23236994219653173,0.02154828411811649,0.007529089664613187,0.07090103397341219,0.27,0.047652417659425295,0.1244833943717254,0.0957748293060392,0.06661457464079268,0.028833551769331667,0.0211645674168901,0.0031779661016948513,-0.02144358794674135,-0.18899814001178772,0.0,0.21411143831936766,0.004594852681453876,0.011731446724308148,-0.4976524176594246,-1.5973999999999933,-0.03601909486983601,5.371166448230669,0.1794931939487192,-0.006980211040954698,0.0,0.0,0,0,0.0,False
1996-09-01,6.83,6.23,5.09,5.3,0.3,3754.2,1225271.76,738986.95,758.7829,5.2,120400,9708.672,4.9,76.3158,74.9047,83.564,23.99,128.2,1475.0,1392.0,94.7,157.7,69.499,0,1.5899999999999999,0.6099999999999994,-0.5200000000000005,0.021692195229757072,0.04102007486622261,0.02127659574468077,0.047206454365575024,0.06098459745423801,-0.6432000000000073,0.21797004991680535,0.02557953637090349,0.09957627118644075,0.01948051948051943,0.21,0.043244448159603266,0.12013647551415674,0.09697925399298724,0.06407396403375709,0.028122956180510084,0.019941720138929808,-0.00935550935550944,-0.02248711304299372,-0.045020380259525705,0.0,0.1910169960675092,0.0007517102922112162,0.0005905394227057048,-0.5632444481596037,-1.557699999999997,-0.05037558422173205,5.19187704381949,-0.019852081755789897,-0.006243237484640396,0.0,0.0,0,0,0.0,False
1996-10-01,6.53,5.91,4.99,5.24,0.05,3773.4,1231336.1,740894.48,766.2759,5.2,120665,9710.076,4.8,76.3384,74.8284,83.1973,24.9,128.0,1392.0,1358.0,96.5,158.2,69.709,0,1.7400000000000002,0.5999999999999996,-0.5,0.02143832769166809,0.03996418863181872,0.042553191489361764,0.04952801645891314,0.06006167501878701,-0.20250000000000057,0.3159626988480526,0.023961661341852958,0.0774287801314828,-0.020408163265306145,0.19333333333333336,0.04199394931860434,0.10722729112411766,0.09062601016590599,0.07445604436918107,0.030045721750489918,0.02211927347599074,0.06524184476940387,-0.02099697465930217,-0.06777028310036726,0.0,0.18657548655596476,0.00030286120233813385,-0.0015817726177695945,-0.5419939493186043,-1.4252000000000038,0.025277656137585147,5.26995427824951,0.028169501346622994,-0.015808829941820646,0.0,0.0,0,0,0.0,False
1996-11-01,6.2,5.7,5.03,5.31,0.49,3795.5,1242421.91,744910.43,772.092,5.4,120947,9741.024,4.9,77.0397,75.5168,83.5622,23.71,128.2,1489.0,1412.0,99.2,158.7,69.833,0,1.54,0.6200000000000001,-0.5199999999999996,0.022359480114551022,0.03859655577979271,0.02127659574468077,0.051687226016922994,0.059889348755385985,-0.569199999999995,0.4277522935779814,0.02154828411811649,0.016800584368152016,-0.030000000000000027,0.19000000000000003,0.04407736365900239,0.10579665355851553,0.08942558215005003,0.08471826943561878,0.030618892508143203,0.022560912998195626,0.06984478935698446,-0.022920229102681225,0.00927149470353883,0.0,0.1629268464801139,-0.0001056337870692925,-0.0039981344178035005,-0.564077363659002,-1.7918999999999983,0.031248233577191753,5.209381107491857,-0.16178534073881234,-0.018686740813209868,0.0,0.0,0,0,0.0,False
1996-12-01,6.3,5.78,4.91,5.29,0.06,3818.7,1253437.09,745920.52,778.4607,5.4,121143,9778.588,4.9,77.5333,76.1583,83.6933,25.39,129.1,1370.0,1411.0,96.9,159.1,69.914,0,1.17,0.5,-0.4900000000000002,0.02354335039986455,0.038536640337448524,0.042553191489361764,0.05855898562613082,0.06825856008148068,-0.20429999999998927,0.3179544191217345,0.022328548644338087,0.025482093663911742,-0.012587412587412583,0.28,0.04836482156667765,0.09739058387825117,0.07116622945606643,0.08337773202814036,0.03253090435914108,0.0244099223987444,0.12471655328798192,-0.02369876256767206,-0.074094177522529,0.0,0.11394698313755386,0.0018511551701074769,0.011352531260555798,-0.5383648215666779,-1.4269999999999925,0.0861799129505334,5.277469095640859,0.08559205182136864,-0.02274589163590557,0.0,0.0,0,0,0.0,False
1997-01-01,6.58,6.01,5.03,5.25,0.27,3834.0,1258365.28,747895.02,782.1951,5.3,121356,9834.79,4.9,77.6562,76.2223,83.4262,25.17,129.7,1355.0,1382.0,97.4,159.4,70.005,0,1.3899999999999997,0.5199999999999996,-0.3099999999999996,0.023815761673357194,0.04065992048550715,0.08888888888888902,0.06165643121709419,0.07294981847075865,-0.07319999999999993,0.3335084033613447,0.02704852824184556,-0.04262753319357093,-0.021497919556171974,0.20000000000000004,0.052041434789795504,0.09878876806368786,0.07045714696475769,0.08872957654882563,0.03378817413905133,0.023631039531478937,0.06483516483516483,-0.016132844784836585,-0.12005631332505373,0.0,0.1373163876085261,0.0023774339816891032,0.01212841475818105,-0.3620414347897951,-1.2959000000000032,0.024175244349657676,5.256211825860949,-0.013742452388560977,-0.008438523060429803,0.0,0.0,0,0,0.0,False
1997-02-01,6.42,5.9,5.01,5.19,0.82,3845.0,1261850.81,750137.26,788.966,5.2,121673,9865.668,5.0,78.5833,77.2811,84.0084,22.21,128.5,1486.0,1445.0,99.7,159.7,70.151,0,1.5499999999999998,0.5700000000000003,-0.3099999999999996,0.02568523542686174,0.04311282118564441,0.08888888888888902,0.06946049233947327,0.08113363838291576,-0.34029999999999916,0.3331567796610171,0.02692003167062551,-0.07634628493524198,-0.0036049026676280294,0.2733333333333334,0.05115973021878606,0.09112779545263594,0.06344511132065134,0.08380008017011709,0.030381383322559907,0.022687430608309356,0.0907054871220605,-0.015859516367823658,-0.093146869303394,0.0,0.1412480829515857,0.0033257553123107186,0.017773266322550274,-0.36115973021878567,-1.5630000000000024,0.04759266593641609,5.21961861667744,0.010237509185583527,-0.01466885810587959,0.0,0.0,0,0,0.0,False
1997-03-01,6.69,6.22,5.14,5.39,0.3,3859.5,1264146.34,752190.25,795.4093,5.2,121991,9912.112,5.1,79.082,78.0738,84.12,20.99,127.3,1457.0,1436.0,100.0,159.8,70.225,0,1.4100000000000001,0.5199999999999996,-0.02999999999999936,0.024718287321666255,0.03775106957910124,0.06382978723404253,0.06661807501031536,0.07982305014929802,0.0,0.16465652857891988,0.018225039619651273,-0.0033534540576793948,0.01760563380281699,0.38333333333333336,0.050316870629370625,0.0849089142235806,0.060270073459030904,0.0897556756410327,0.030322580645161246,0.02320595099183187,0.12655367231638426,-0.0015095061188810865,-0.028835547721591137,0.0,0.11972156905524865,0.0011749369218017058,0.008059089384184537,-0.08031687062936999,-0.9808000000000021,0.08880260273728302,5.159677419354839,-0.11779167628601961,-0.012481669654670569,0.0,0.0,0,0,0.0,False
1997-04-01,6.89,6.45,5.16,5.51,0.08,3875.8,1274087.38,762222.81,803.8393,5.1,122289,9919.423,5.1,79.1747,78.0002,83.7916,19.72,127.0,1492.0,1421.0,101.4,159.9,70.294,0,1.5500000000000007,0.47000000000000064,0.08000000000000007,0.025203375016807916,0.03900621310728414,0.1333333333333333,0.07470272474009643,0.0933955512856961,0.0,-0.017322097378277168,0.007120253164556889,0.0231741573033708,-0.0006958942240778976,0.4633333333333333,0.047240462365007785,0.07891381932535313,0.059285165332940926,0.09377701235978342,0.027652733118971096,0.02120203004348009,0.06723585912486651,0.003779236989200626,0.06580169049694173,0.0,0.1223164199542974,0.001387613343450722,0.01304629352300224,0.032759537634992286,-0.8691999999999922,0.028229646017582377,5.362347266881029,0.1061354410200801,-0.01987494873833473,0.0,0.0,0,0,0.0,False
1997-05-01,6.71,6.28,5.05,5.5,0.22,3890.5,1278678.42,764197.31,809.0377,4.9,122560,9964.583,5.1,79.6133,78.5584,83.8144,20.83,127.4,1442.0,1414.0,103.2,159.9,70.262,0,1.7299999999999995,0.4399999999999995,0.29000000000000004,0.026276036858624785,0.03704288003559619,0.0851063829787233,0.06536171976339267,0.07886780030484863,-0.328400000000002,-0.16334323292320752,-0.0031397174254317317,-0.0158311345646438,-0.028708133971291905,0.39999999999999997,0.048533708473109005,0.0789093364222686,0.06586475073306075,0.09810841698976724,0.02434336963484962,0.019152421962217003,0.09385113268608425,0.014074775457201613,0.06051515037059818,0.0,0.13651315201052466,0.0005908014317630439,-0.0040987725760806,0.24146629152689103,-1.1975999999999942,0.056808252650488056,5.48565663036515,0.26603801368770963,-0.012218459030367335,0.0,0.0,0,0,0.0,False
1997-06-01,6.49,6.09,4.93,5.56,0.38,3907.1,1282858.52,767292.34,813.4148,5.0,122816,10000.824,4.9,79.9792,79.0444,83.7402,19.17,127.2,1494.0,1402.0,104.5,160.2,70.352,0,1.6600000000000001,0.4299999999999997,0.2599999999999998,0.02563244265546416,0.037286519790880934,0.0625,0.06331688761977006,0.07792029594015348,-0.3055999999999983,-0.019764705882353018,-0.005464480874316835,-0.04122340425531912,-0.029512697323267,0.20000000000000004,0.048454469507101194,0.07351500594372307,0.060716459443137305,0.09885901915443407,0.02237851662404089,0.016933943148266017,0.15436241610738244,0.012598162071846301,-0.037869950197639723,0.0,0.1220349098665803,0.0009141553337979058,-0.0033011873905453015,0.2115455304928986,-1.1747999999999905,0.1170758963165015,5.477621483375959,0.31794406402111974,-0.011393908279857534,0.0,0.0,0,0,0.0,False
1997-07-01,6.22,5.89,5.05,5.52,0.65,3924.9,1288782.03,767885.68,816.6908,4.9,123114,10045.882,5.0,80.6624,79.6318,83.978,19.63,126.9,1437.0,1440.0,107.1,160.4,70.394,0,1.5600000000000005,0.40000000000000036,0.29000000000000004,0.025432078149786985,0.03418592179427238,0.02083333333333348,0.06012329789391524,0.07366939777888848,-0.379800000000003,-0.0625916870415647,-0.006249999999999978,0.018404907975460016,-0.01889433170048982,0.2266666666666667,0.04936481078613042,0.06820308808521447,0.05587640026633167,0.09718399510956743,0.02233567326100827,0.018251291774616263,0.13095238095238093,0.014315795127977824,-0.004769249327910785,0.0,0.10639681741293461,0.00022870313297906897,-0.014579426846181187,0.24063518921386962,-1.2489999999999952,0.09676645915810855,5.537664326738991,0.17531705985796187,-0.01071073124013866,0.0,0.0,0,0,0.0,False
1997-08-01,6.3,5.94,5.14,5.54,0.3,3957.7,1294219.24,769774.46,822.8744,4.8,123087,10105.556,5.1,81.4694,80.6503,84.3178,19.93,127.2,1390.0,1449.0,104.4,160.8,70.45,0,1.17,0.33000000000000007,0.11999999999999922,0.025787583632591593,0.04098833501151411,0.04166666666666674,0.06901473595485519,0.07667284109192685,-0.14200000000001012,-0.0792682926829269,-0.008593749999999956,-0.02377717391304346,-0.006896551724137945,0.4166666666666667,0.050140468227424684,0.06344156901208198,0.048121580002794095,0.09597225992777259,0.021656050955414008,0.016710718257579193,0.13093980992608234,0.0060168561872909225,-0.007946039348399658,0.0,0.0742266357441359,-0.000488453226033192,0.0036530161914625214,0.06985953177257453,-1.0112000000000023,0.08995147491456823,5.498343949044585,0.0126873186794354,-0.015467767410186628,0.0,0.0,0,0,0.0,False
1997-09-01,6.21,5.88,4.95,5.54,0.63,3973.7,1301634.97,772912.57,830.273,4.9,123575,10136.11,5.1,82.2156,81.3632,84.5693,19.79,127.5,1546.0,1494.0,106.0,161.2,70.62,0,1.1600000000000001,0.35999999999999943,0.3200000000000003,0.024035341686217793,0.04382587979712582,0.0625,0.07421174007233544,0.08569924694618769,0.0,-0.09244080145719491,-0.00857365549493383,-0.10725754656390496,0.02547770700636942,0.44333333333333336,0.05704975828637049,0.060398245641346326,0.044172725355054565,0.09986375914359535,0.022900763358778775,0.016550510078928937,0.09548793284365176,0.018255922651638574,-0.06603414230858584,0.0,0.07006196494396175,-0.0015971009692463678,0.010894852452565384,0.2629502417136298,-0.6713999999999913,0.051662053046525935,5.517099236641221,0.03947775326526237,-0.01311676030237674,0.0,0.0,0,0,0.0,False
1997-10-01,6.03,5.77,4.97,5.5,0.45,3992.7,1309389.39,777345.11,834.433,4.7,123924,10189.34,5.2,82.9446,82.0873,84.7793,21.26,127.8,1520.0,1499.0,105.6,161.5,70.712,0,1.2599999999999998,0.33000000000000007,0.2400000000000002,0.026370431893687707,0.0440264126751837,0.04081632653061207,0.07730771347479815,0.08622289389050364,0.0,-0.17507294706127552,-0.005460218408736228,0.04813559322033889,0.07327586206896552,0.5266666666666667,0.05846784934207028,0.06232348813784783,0.04590828024770932,0.09421680430594837,0.0221940393151554,0.01612972848530214,0.11932418162618785,0.01403228384209688,0.029730685244878874,0.0,0.07852759505368825,0.0009383537439007217,0.017184415580882906,0.18153215065792994,-0.4198999999999984,0.07529776895100415,5.517805960684845,-0.01985836605414626,-0.005879599947366643,0.0,0.0,0,0,0.0,False
1997-11-01,5.88,5.71,5.14,5.52,0.61,4015.0,1312457.18,777649.38,839.8801,4.6,124225,10262.137,5.2,83.5978,82.9456,84.8918,20.17,127.9,1510.0,1469.0,107.2,161.7,70.716,0,1.0600000000000005,0.2600000000000007,0.2599999999999998,0.027008660340612334,0.04935738916976562,0.08333333333333348,0.08653836077256005,0.09700728600370967,0.0,-0.14618473895582318,-0.0015625000000000222,0.09195402298850586,0.10382916053019153,0.46,0.05811734775003963,0.0633891022930293,0.049198139524538,0.08894590055618345,0.020859671302149163,0.014388386004676512,0.09430051813471496,0.01511051041501029,0.11573119690154932,0.0,0.06719244843061109,0.0012210767080207408,0.017523624817704864,0.20188265224996016,-0.20989999999999043,0.04494312896494934,5.47914032869785,-0.01920362034673495,-5.246671905267952e-05,0.0,0.0,0,0,0.0,False
1997-12-01,5.81,5.72,5.16,5.5,0.06,4033.0,1324757.33,784751.77,844.8222,4.7,124549,10325.103,5.2,83.9538,83.3826,84.692,18.32,126.8,1566.0,1456.0,102.1,161.8,70.701,0,0.7400000000000002,0.16999999999999993,0.20999999999999996,0.027102780556772732,0.053496737098687186,0.061224489795918435,0.08512624010737335,0.09837281240730533,0.0,-0.14930409110080134,-0.002340093603743987,0.01410342511752849,0.040368271954674295,0.5633333333333334,0.05783164273481756,0.05636995728769789,0.04395018337976553,0.08779795672018365,0.018903591682419618,0.012644451763492937,0.08064516129032251,0.012144644974311685,0.12136097168143345,0.0,0.04171376839289645,0.0030674388705549394,0.01091450003503791,0.1521683572651824,-0.09739999999999327,0.027148424191635323,5.50109640831758,-0.016002828323641083,-0.004028288353648435,0.0,0.0,0,0,0.0,False
1998-01-01,5.54,5.36,5.04,5.56,0.31,4055.2,1320044.02,782101.57,855.3303,4.6,124806,10417.404,5.2,84.3218,84.0707,84.4984,16.71,125.4,1525.0,1555.0,106.6,162.0,70.736,0,0.6499999999999995,0.08999999999999986,0.20999999999999996,0.02811553288262636,0.05588894838395886,0.061224489795918435,0.08280957988374027,0.09485899764044103,-0.1998000000000104,-0.27845608507286335,-0.017815646785437678,0.1430656934306569,0.03189227498228209,0.37333333333333346,0.056118574383952735,0.05689973638804635,0.05205816029836541,0.08524707798351283,0.016970458830924073,0.011256686786623504,0.05366357069143435,0.011784900620630073,0.094930100210318,0.0,0.0369848286522301,0.0017451009889386526,0.005501866408942124,0.15388142561604723,-0.1998000000000104,-0.0022253776925245106,5.483029541169076,-0.03477641951576871,-0.005423751749801475,0.0,0.0,0,0,0.0,False
1998-02-01,5.57,5.42,5.09,5.51,0.33,4087.3,1324342.72,785448.43,862.1213,4.6,125017,10490.223,5.1,84.4583,84.168,84.074,16.06,125.0,1584.0,1647.0,110.4,162.0,70.699,0,0.5,0.17999999999999972,0.3099999999999996,0.02842875506773468,0.059240105787718766,0.061224489795918435,0.0858347433946034,0.10296724187016126,-0.39339999999999975,-0.33611442193087004,-0.03315343099460277,0.1254612546125462,0.12518089725036186,0.32666666666666677,0.057694314032342264,0.049014972822517766,0.045737100910231865,0.09349994649672433,0.016311166875784044,0.010442111277765953,0.09445585215605745,0.01788523735002608,0.033507231624040346,0.0,0.024507486411258883,0.0014200947271223452,-0.0007036173779566557,0.25230568596765734,-0.39339999999999975,0.035215746368338685,5.543688833124215,0.06454850442636495,-0.014374129470511532,0.0,0.0,0,0,0.0,False
1998-03-01,5.65,5.56,5.03,5.49,-0.01,4112.4,1332903.44,791455.93,865.8356,4.7,125165,10555.838,5.1,84.488,83.991,83.5488,15.02,124.7,1567.0,1605.0,106.5,162.0,70.71,0,0.4800000000000004,0.15000000000000036,0.3199999999999994,0.027483500858859422,0.06330590082698917,0.020000000000000018,0.07476143150007708,0.08911493237026913,-0.8178000000000054,-0.2769022962629447,-0.027237354085603127,0.06594885598923295,0.13979238754325252,0.2333333333333334,0.06301690507152147,0.049524008309666856,0.04707294502342152,0.09272300707508307,0.01440200375704448,0.0078117204316403566,0.10732196589769316,0.02016540962288683,0.051845430871704457,0.0,0.023771523988640113,0.00038072030208669005,-0.010364808607296272,0.25698309492847793,-0.8178000000000054,0.04401606507070399,5.495597996242955,-0.005498412074625314,-0.006845948978031036,0.0,0.0,0,0,0.0,False
1998-04-01,5.64,5.56,4.95,5.45,0.24,4138.9,1360456.29,799549.46,864.3235,4.3,125445,10595.962,4.9,84.7779,84.3584,83.2923,15.44,124.9,1540.0,1547.0,108.7,162.2,70.798,0,0.6200000000000001,0.09000000000000075,0.10000000000000053,0.026018312826356027,0.06494337432829655,0.0,0.06835942439493192,0.0757898296227415,-1.3430000000000035,-0.2844211529299666,-0.0204241948153967,0.07549759780370624,0.11768802228412256,0.21000000000000008,0.06552662261951014,0.0543901428374185,0.05220179336278297,0.08854095620958913,0.013767209011263937,0.006906372374510417,0.06499999999999995,0.006552662261951049,-0.06756809562695065,0.0,0.03372188855919948,-0.0020972200562703325,-0.014450155488808347,0.03447337738049039,-1.3430000000000035,5.6625671703391944e-05,5.476232790988736,-0.00679675018033965,-0.0025095935506278533,0.0,0.0,0,0,0.0,False
1998-05-01,5.65,5.59,5.0,5.49,0.28,4165.9,1363080.86,803246.74,875.708,4.4,125845,10645.347,4.9,85.3367,84.8302,83.3136,14.86,125.1,1536.0,1554.0,106.5,162.6,70.895,0,0.6899999999999995,0.08000000000000007,-0.05999999999999961,0.025807717783283834,0.0682034630441708,-0.039215686274509665,0.07077008185695677,0.08151517560211374,-1.5995000000000061,-0.21703853955375252,-0.016535433070866135,0.03217158176943702,0.08866995073891615,0.18666666666666676,0.06788275968832225,0.06778884349360736,0.04897078585197412,0.0752441439476772,0.014383989993745905,0.007169886476797505,0.07199211045364895,-0.004072965581299309,-0.09328967284310918,0.0,0.04677430201058905,-0.0026210372844508445,-0.015064661537646629,-0.12788275968832186,-1.5995000000000061,0.003788647409478152,5.435616010006254,-0.10807282311796129,0.0187738706710896,0.0,0.0,0,0,0.0,False
1998-06-01,5.5,5.52,4.98,5.56,-0.45,4185.6,1373942.33,812391.87,891.1593,4.5,126076,10707.166,4.8,84.8248,84.1497,82.3151,13.66,124.8,1641.0,1551.0,105.6,162.8,70.835,0,0.6500000000000004,0.0600000000000005,-0.009999999999999787,0.026803198433420272,0.06831836314675677,-0.039215686274509665,0.07188999827918208,0.07983614737571032,-1.5782000000000096,-0.28660585693710994,-0.018053375196232402,0.06518723994452147,0.0990099009900991,0.17000000000000007,0.07078781647603116,0.06600755802229008,0.05109862268423826,0.08240691379400489,0.016885553470919357,0.009009137229227582,0.03197674418604657,-0.0007078781647602966,-0.0007616160447114773,0.0,0.042904912714488576,-0.0006803024254391499,-0.0028714332208950033,-0.08078781647603095,-1.5782000000000096,-0.0363416189607102,5.473114446529081,-0.022483549713873785,0.016483549712623224,0.0,0.0,0,0,0.0,False
1998-07-01,5.46,5.46,4.96,5.54,-0.47,4205.4,1380720.85,820166.91,897.8425,4.5,126212,10726.5,4.8,84.4986,83.7241,81.5396,14.08,124.9,1698.0,1610.0,105.2,163.2,71.01,0,0.5199999999999996,-0.019999999999999574,0.0,0.02654377279833242,0.07062838022146956,-0.020408163265306256,0.06058575229559682,0.06458775068189526,-2.5767000000000024,-0.2874282733437663,-0.018867924528301883,0.09839357429718865,0.10627674750356642,0.02333333333333341,0.07128048936551412,0.07100066654271431,0.05877750584607688,0.09557792653883368,0.01622971285892638,0.006865476461223485,0.010526315789473717,0.0,0.022895976493482406,0.0,0.03692034660221141,0.0005254599719763942,-0.007773672099335105,-0.07128048936551412,-2.5767000000000024,-0.06010206443199584,5.543770287141073,0.06753749615233673,0.01661052370529581,0.0,0.0,0,0,0.0,False
1998-08-01,5.34,5.27,4.9,5.55,1.07,4229.3,1386666.45,822246.04,904.3136,4.5,126546,10767.064,4.8,86.248,85.892,82.7869,13.36,124.2,1614.0,1654.0,104.4,163.4,71.108,0,0.5,0.0,0.020000000000000462,0.025163669444579817,0.06775094511362978,-0.040000000000000036,0.047558713849327416,0.05139027373486482,-3.3522000000000105,-0.282730514518594,-0.01576044129235621,0.18162839248434248,0.11805555555555558,-0.21333333333333324,0.07146678896277603,0.07133775755703242,0.0680846529134389,0.09936649219019,0.0174563591022443,0.008750745802199145,-0.017740429505135324,0.0014293357792555536,0.14945681071490546,0.0,0.03566887877851621,-0.0006440483387040175,-0.02321136800762935,-0.05146678896277557,-3.3522000000000105,-0.0854913746187651,5.522543640897756,0.0869276308915019,0.003548914063425057,0.0,0.0,0,0,0.0,False
1998-09-01,4.81,4.67,4.61,5.51,-0.01,4268.3,1397289.73,828674.04,912.7704,4.6,126744,10803.967,4.7,86.2021,85.8553,82.3253,14.95,123.8,1582.0,1577.0,100.9,163.5,71.067,0,0.4399999999999995,0.07000000000000028,0.009999999999999787,0.028102074142679623,0.06545983219527951,-0.05882352941176472,0.05865515150473688,0.06499293864994926,-2.1049000000000007,-0.32965378825890623,-0.02358490566037741,0.16115107913669058,0.14147688060731545,0.05000000000000012,0.06862571695681852,0.07143087287127647,0.06816487520253678,0.09896917439648134,0.016169154228855787,0.009339957416607536,0.0,0.0006862571695681705,0.09596383919216911,0.0,0.03142958406336161,0.0012988757092593506,-0.013234846774445197,-0.05862571695681873,-2.1049000000000007,-0.06545983219527951,5.533830845771144,0.060716399242062735,0.005423314848986394,0.0,0.0,0,0,0.0,False
1998-10-01,4.53,4.09,3.96,5.07,0.28,4308.2,1405396.66,833107.33,932.0755,4.5,126949,10823.508,4.8,86.7914,86.5964,82.4879,14.39,124.0,1715.0,1719.0,97.4,163.9,71.223,0,0.1999999999999993,0.13999999999999968,-0.03000000000000025,0.025644345539146185,0.06588888636764989,-0.07843137254901955,0.04848836473856544,0.055210463698576184,-2.566500000000005,-0.24456796361798894,-0.029019607843137285,0.023285899094437346,0.05555555555555558,0.19666666666666677,0.07413745375846204,0.07348816081669973,0.0721446023319301,0.09936177618686859,0.014267990074441794,0.006329651656754365,-0.048113207547169745,-0.0022241236127538795,-0.0751076752027513,0.0,0.014697632163339894,-0.0008994272591862362,-0.01209738755703138,-0.10413745375846228,-2.566500000000005,-0.11400209391481964,5.4957320099255575,-0.04803827721551546,0.0024874942739854244,0.0,0.0,1,0,0.0,True
1998-11-01,4.83,4.54,4.41,4.83,0.05,4346.8,1408442.69,837234.9,942.2154,4.4,127222,10874.887,4.8,86.7256,86.7248,82.0403,12.85,123.6,1660.0,1672.0,102.7,164.1,71.226,0,0.5700000000000003,0.4400000000000004,-0.4299999999999997,0.02441012233304285,0.062238378540710126,-0.07692307692307698,0.046377943832389246,0.05493054345800141,-2.4039000000000073,-0.32314205079962377,-0.029733959311424085,0.12828947368421062,0.14676450967311538,0.44666666666666677,0.07901921005835644,0.07332216889278453,0.0717341876634432,0.1170165849145468,0.014860681114551078,0.007226496209978395,-0.07765151515151503,-0.03397826032509325,-0.05333891880013186,0.0,0.041793636268887206,-0.0007535471115369674,-0.0011807700169381707,-0.5090192100583562,-2.4039000000000073,-0.13988989369222515,5.055139318885449,-0.46740432201230675,0.001984411335752112,0.0,0.0,0,0,0.0,False
1998-12-01,4.65,4.51,4.39,4.68,0.25,4375.5,1420996.44,839581.66,938.8065,4.4,127595,10900.473,4.8,87.1185,87.2805,82.0415,11.28,122.8,1792.0,1742.0,100.5,164.4,71.298,0,0.41999999999999993,0.29000000000000004,-0.6899999999999995,0.02412557858724096,0.059709785593390574,-0.07692307692307698,0.03741486019967022,0.045562392700758014,-2.651699999999991,-0.36291522062469017,-0.033620015637216616,0.09933774834437092,0.13818924438393454,0.10666666666666674,0.08264009962640095,0.07313420312882135,0.0766226033639994,0.1218451300370138,0.014842300556586308,0.0072119463770576875,-0.041977611940298476,-0.05702166874221662,-0.061813330792319654,0.0,0.030716365314104963,-0.003976495555438664,-0.02124029130506666,-0.7726400996264005,-2.8515000000000015,-0.10168739753368905,4.8151576994434135,-0.7186731463277303,0.0017033302575448772,0.0,0.0,0,0,0.0,False
1999-01-01,4.72,4.62,4.34,4.63,0.11,4401.7,1431236.93,846059.93,937.4252,4.3,127699,10942.984,4.8,87.4949,87.5491,82.0391,12.47,122.9,1748.0,1732.0,103.9,164.7,71.398,0,0.2600000000000007,0.14000000000000057,-0.8200000000000003,0.0244562381070903,0.055725352086076096,-0.07692307692307698,0.037695732652959,0.04674716307718896,-2.4569000000000045,-0.38427947598253276,-0.03154574132492116,0.14431673052362703,0.1964285714285714,0.19333333333333344,0.08492437391519969,0.07264659558441533,0.06986908739307474,0.1112474317081158,0.01606922126081578,0.008444010692918225,-0.015670910871694366,-0.06963798661046378,0.12103083142918969,0.0,0.018888114851948034,-0.0011881074320558849,-0.010792632085606435,-0.9049243739152,-2.8503000000000043,-0.07139626295777046,4.663930778739184,-0.8318012311863736,-0.0008415652322844025,0.0,0.0,0,0,0.0,False
1999-02-01,5.0,4.88,4.44,4.76,0.54,4423.7,1441314.59,855860.56,935.6486,4.4,128117,10988.184,4.8,88.027,88.3909,82.1916,12.01,122.3,1670.0,1720.0,108.1,164.7,71.358,0,0.3799999999999999,0.09999999999999964,-0.9299999999999997,0.023179975321699242,0.05045210879793083,-0.07692307692307698,0.03763083805136991,0.04137470010360311,-2.0348999999999933,-0.2537402752842609,-0.019936204146730474,0.14622950819672131,0.11382636655948564,0.13666666666666674,0.0854458473071611,0.08423424394589496,0.08177756247184131,0.09598034817660506,0.016666666666666607,0.009358742365980444,-0.025328330206378924,-0.0794646379956598,0.017940034512510694,0.0,0.03200901269944008,-0.0012301470113436075,-0.008747105781019338,-1.0154458473071608,-2.8526999999999987,-0.07578043900430975,4.613333333333333,-0.4418059855521159,0.010912075053110426,0.0,0.0,0,0,0.0,False
1999-03-01,5.23,5.05,4.44,4.81,-0.08,4430.1,1450878.82,865721.6,944.2711,4.2,128234,11000.779,4.8,88.2267,88.3778,82.0452,14.66,122.6,1710.0,1665.0,105.7,164.8,71.412,0,0.5599999999999996,0.1200000000000001,-0.75,0.024796627658638437,0.04746905761679221,-0.05882352941176472,0.04225398806274816,0.050172274498621716,-1.357200000000006,-0.2521793275217933,-0.021600000000000064,0.05429292929292928,0.04432301153612639,0.3000000000000001,0.08230372128299845,0.08832447087412554,0.0896457708878482,0.08528649042773906,0.016666666666666607,0.00932120680631976,-0.02083333333333348,-0.06172779096224884,-0.04504481905144164,0.0,0.049461703689510264,0.0006710490713974782,0.004839127863077941,-0.8323037212829985,-2.7002000000000095,-0.06830239095012569,4.743333333333333,-0.07182436611008036,0.015190267745304187,0.0,0.0,0,0,0.0,False
1999-04-01,5.18,4.98,4.29,4.74,0.0,4459.9,1457670.57,871936.15,947.1966,4.3,128595,10969.064,4.8,88.4295,88.73,81.9153,17.34,123.6,1553.0,1600.0,104.6,165.9,71.757,0,0.79,0.1800000000000006,-0.6800000000000006,0.0245196340830105,0.042151177386390515,-0.05882352941176472,0.04425125461604007,0.05222940553154487,-1.2683999999999997,-0.023968042609853524,-0.016840417000801966,0.09125717932354815,0.03738317757009346,0.19000000000000009,0.0772541581558217,0.08851007241754894,0.09383424545192298,0.09058936823572528,0.01728395061728394,0.009927874416631566,-0.007511737089201831,-0.05253282754595881,-0.05305955120007888,0.0,0.06992295720986366,6.339597592019963e-05,0.006555521963081068,-0.7572541581558223,-2.8466000000000093,-0.049662914475592346,4.792716049382715,0.1287852706435313,0.015863476833133605,0.0,0.0,0,0,0.0,False
1999-05-01,5.54,5.25,4.5,4.74,0.56,4487.9,1468146.61,879768.92,942.122,4.2,128813,10994.059,4.8,88.9886,89.4805,82.124,17.75,124.7,1611.0,1640.0,106.8,166.0,71.804,0,0.8899999999999997,0.1999999999999993,-0.71,0.025110606241779188,0.03521171555730396,-0.020408163265306256,0.04307254602909483,0.051821751005234784,-1.3982999999999919,0.12305699481865284,-0.010408326661329181,0.008441558441558472,0.034259857789269654,0.1533333333333334,0.07755683877358721,0.0714571138481781,0.09053434918210068,0.0958820395372797,0.02281134401972884,0.013545580383626632,-0.03771849126034965,-0.05506535552924692,-0.13778794975516284,0.0,0.06359683132487849,0.0019306309200799454,0.005441707977724919,-0.7875568387735872,-2.9765000000000015,-0.07293020681765361,4.717188655980271,0.10385532264693786,-0.01277713009771686,0.0,0.0,0,0,0.0,False
1999-06-01,5.9,5.62,4.57,4.76,-0.08,4510.1,1479315.32,884704.58,949.8075,4.3,129084,11033.786,4.9,88.9188,89.2617,81.7593,17.89,125.2,1559.0,1702.0,107.3,166.0,71.826,0,1.04,0.29000000000000004,-0.75,0.02358456831816924,0.032757222474758096,-0.020408163265306256,0.0427940147673862,0.05481892062025073,-0.6629000000000076,0.19448183041722755,-0.003197442046362853,0.048828125,0.05534105534105538,0.1600000000000001,0.07729422213687309,0.07707961653866957,0.09526609469961866,0.07584034860935374,0.02091020910209096,0.012821778686790353,0.0028169014084507005,-0.05797066660265482,-0.005464804292929282,0.0,0.08016280120021636,-0.001212059340469196,0.0005400267046380414,-0.8272942221368731,-2.7678000000000083,-0.029940321066307396,4.719089790897909,-0.024243542435423926,-0.011244854335455967,0.0,0.0,0,0,0.0,False
1999-07-01,5.79,5.55,4.55,4.99,0.19,4537.6,1492377.6,891382.22,958.63,4.3,129422,11061.061,4.8,89.4333,89.6732,81.9405,20.07,125.7,1669.0,1682.0,106.0,166.7,72.017,0,1.33,0.28000000000000025,-0.7999999999999998,0.023858624956375474,0.03050480397894284,0.02083333333333348,0.048264186888740124,0.060748879675150524,-1.0276000000000067,0.30966325036603215,0.0032051282051281937,-0.0499695307739183,0.09735654416505479,0.1600000000000001,0.07752771406727832,0.07669389587843911,0.08901210446628416,0.06581112939067113,0.019656019656019597,0.013990259052728105,0.016098484848484862,-0.062022171253822644,-0.14122671009746646,0.0,0.10200288151832403,-0.000661009126635026,0.004012932272700054,-0.8775277140672781,-3.1325000000000074,-0.014406319130457979,4.74034398034398,-0.052372069038734814,-0.011816176539109824,0.0,0.0,0,0,0.0,False
1999-08-01,5.94,5.68,4.72,5.07,0.34,4553.6,1503226.61,899697.68,969.345,4.2,129572,11111.719,4.9,89.7924,90.1159,81.9786,21.26,126.9,1648.0,1671.0,104.5,167.1,72.148,0,1.2400000000000002,0.2400000000000002,-0.5499999999999998,0.02543339777517195,0.03119013657763481,0.0,0.058399784138435606,0.07105600418517466,-0.8464000000000027,0.42542613636363646,0.006405124099279291,-0.0170789163722026,0.044720496894409933,0.2233333333333334,0.07899367479906805,0.08086844636263724,0.08683026482987466,0.06770396812358515,0.021446078431372584,0.014181101253344375,0.0076045627376426506,-0.04344652113948741,-0.025520474813761074,0.0,0.1002768734896702,0.00032279153339276334,0.01532723810934078,-0.6289936747990679,-2.9513000000000034,-0.023585573839992158,4.968553921568628,0.2513652655883565,0.009411332514459136,0.0,0.0,0,0,0.0,False
1999-09-01,5.92,5.66,4.68,5.22,-0.19,4569.5,1511059.26,904172.7,975.5802,4.2,129771,11105.537,4.9,89.4299,89.7044,81.3642,23.88,128.0,1635.0,1551.0,107.2,167.8,72.407,0,1.2200000000000006,0.2600000000000007,-0.47999999999999954,0.023912253251781923,0.03201011900737272,0.02083333333333348,0.04109544569149426,0.04917687328272713,-0.5092999999999961,0.5913173652694612,0.021739130434782705,0.02106567534076831,0.010278113663845234,0.15000000000000008,0.07667935592178377,0.08405782082634228,0.0941952119343743,0.07191244276321851,0.022643818849449104,0.014625639871744367,0.0009578544061301653,-0.036806090842456174,-0.02776244965923169,0.0,0.10255054140813763,0.0003276849336126819,-0.0016985690758919425,-0.5566793559217833,-2.9132000000000033,-0.031052264601242552,5.047356181150551,0.3282663902526419,0.006978204287672707,0.0,0.0,0,0,0.0,False
1999-10-01,6.11,5.86,4.86,5.2,0.75,4592.9,1517281.83,909140.29,979.0619,4.1,130178,11171.257,4.9,90.523,91.0029,82.0771,22.64,127.7,1608.0,1649.0,103.2,168.1,72.529,0,1.2400000000000002,0.2599999999999998,-0.29000000000000004,0.023882787350880452,0.027912895328169762,0.042553191489361764,0.0374445634155085,0.0448324098803452,-1.1236999999999995,0.5973244147157191,0.03392568659127626,0.03350189633375478,-0.016487000634115456,0.11333333333333341,0.07056673617130937,0.08142157460786614,0.0911077894994754,0.06881226648015759,0.02629969418960254,0.01885544626901381,0.06243805748265596,-0.02046435348967972,0.08347142710767308,0.0,0.10096275251375403,2.416239450497848e-05,-0.010819623473231621,-0.3605667361713094,-3.5276000000000067,0.0345251621544862,5.193700305810397,0.4533563254664168,0.004727678729427032,0.0,0.0,0,0,0.0,False
1999-11-01,6.03,5.86,5.07,5.42,0.37,4611.9,1525334.42,915232.59,1000.2776,4.1,130466,11247.83,4.9,90.9618,91.5645,82.198,24.97,128.3,1648.0,1672.0,107.2,168.4,72.594,0,1.25,0.25,0.1299999999999999,0.025435411070587444,0.03212904725528909,0.02083333333333348,0.0429950432876991,0.05088548715650987,-0.1144999999999925,0.5733148019457956,0.029838709677419306,-0.06239067055393588,-0.04072134962187324,0.3000000000000001,0.06608328304164157,0.07961109712613101,0.09126430324409718,0.050410508590774006,0.0256253813300793,0.01833677323336569,0.05954825462012314,0.008590826795413398,-0.04531175418173328,0.0,0.09951387140766377,2.0132954154927774e-06,-0.015404740850736509,0.06391671695835832,-2.814700000000002,0.027419207364834053,5.174374618669921,0.20582069710129325,-0.0012573492365062222,0.0,0.0,0,0,0.0,False
1999-12-01,6.28,6.1,5.2,5.3,0.6,4639.1,1531105.96,920409.49,1000.6452,4.0,130783,11339.82,4.9,91.6634,92.1967,82.5592,26.08,127.8,1708.0,1683.0,105.4,168.8,72.763,0,0.96,0.16999999999999993,0.5899999999999999,0.025498734495606135,0.03429396553729691,0.02083333333333348,0.04884601547870515,0.05580525985646534,0.0,0.9431906614785992,0.03802588996763778,-0.0072289156626506035,0.0,0.3100000000000001,0.060987393024753755,0.08299360054188654,0.093161059100618,0.06162306411039342,0.026203534430225606,0.01920646954763705,0.043816942551119675,0.035982561884604705,-0.028294591003418912,0.0,0.07967385652021107,0.0015864812438242115,0.0077505697872108925,0.5290126069752461,-2.69380000000001,0.009522977013822764,5.393796465569775,0.3464402844192236,-0.0010642202844557413,0.0,0.0,0,0,0.0,False
2000-01-01,6.66,6.44,5.32,5.45,0.16,4666.1,1538520.18,923673.63,1003.1709,4.0,131011,11441.669,4.9,91.538,92.2097,82.179,27.18,128.3,1636.0,1727.0,112.0,169.3,72.961,0,1.08,0.1800000000000006,0.6200000000000001,0.024985305066812957,0.040305315191368374,0.02083333333333348,0.052169171875089626,0.0563264417596141,0.0,1.3120567375886525,0.04071661237785018,-0.046875,-0.03386911595866815,0.5733333333333334,0.06024454348074504,0.07748754106660538,0.09627155266826581,0.06586948428669803,0.02676399026763998,0.020547560941400977,0.04875621890547266,0.03735161695806193,-0.08037689633375478,0.0,0.08368654435193382,0.001102517715932505,0.014724608459581123,0.5597554565192551,-2.3325999999999993,0.008450903714104285,5.27323600973236,0.07953570392196241,-0.003934033541260762,0.0,0.0,0,0,0.0,False
2000-02-01,6.52,6.61,5.55,5.73,-0.23,4678.7,1549185.29,931852.73,1016.2768,4.1,131120,11488.814,5.0,91.8239,92.4168,82.1719,29.35,129.8,1737.0,1692.0,111.3,170.0,73.191,0,1.3399999999999999,0.21999999999999975,0.8200000000000003,0.02593599010172354,0.04557120799957293,0.02083333333333348,0.04620955049951481,0.053234128049288953,-0.3802000000000021,1.1796311146752205,0.04393816110659077,-0.06407322654462244,-0.0028868360277136684,0.3766666666666667,0.06006770111547821,0.07495841376871115,0.09173546370409014,0.07013434245206973,0.02792956891317555,0.021891369506148672,0.0779595765158807,0.04925551491469215,-0.0016825559906865628,0.0,0.10044427445007294,0.0005005790311360947,0.003214507211815709,0.7599322988845221,-2.7128000000000014,0.032388368516307775,5.422070431086825,0.24769581241690375,-0.004652683357419862,0.0,0.0,0,0,0.0,False
2000-03-01,6.26,6.53,5.69,5.85,0.44,4709.1,1561450.69,938939.72,1026.2668,4.0,131604,11520.777,4.7,92.1504,93.0135,82.2023,29.89,130.8,1604.0,1651.0,107.1,171.0,73.505,0,0.9699999999999998,-0.09000000000000075,0.9700000000000006,0.02343951232076935,0.04556075872045828,0.04166666666666674,0.04313335681097841,0.0455465438184246,-0.3873000000000104,1.443796835970025,0.06132461161079328,0.04011976047904198,-0.016279069767441867,0.17666666666666675,0.057644053620272695,0.0748418844493901,0.08879036323393596,0.08617359123927515,0.032179720704310855,0.025687379130580945,0.029602220166512483,0.05591473201166455,0.04734867614169258,0.0,0.07259662791590839,-0.0020592221748367834,-0.005712658667726744,0.912355946379728,-2.7199000000000098,-0.0159585385539458,5.69782027929569,0.304023813725915,-0.00815171609249643,0.0,0.0,0,0,0.0,False
2000-04-01,5.99,6.4,5.66,6.02,0.42,4766.4,1570527.74,944791.8,1035.2102,3.8,131884,11582.719,4.8,92.6989,93.5958,82.4316,25.74,130.7,1626.0,1597.0,109.2,170.9,73.444,0,0.5699999999999994,-0.27000000000000046,1.04,0.026280081725595483,0.04726919793589168,-0.02083333333333326,0.04447293166354416,0.05245321788956048,-0.3569000000000102,1.038881309686221,0.06688417618270814,-0.06198830409356726,-0.008408408408408397,0.1233333333333334,0.06297826234170789,0.07621027233687228,0.0845746715803326,0.08683491425290901,0.03762135922330101,0.02930879964151667,0.013245033112582627,0.06549739283537621,-0.015113304093567259,0.0,0.04343985523201715,0.001294776658782526,-0.007696240211545469,0.9770217376582921,-2.6895000000000095,-0.034024164823309055,5.812378640776698,0.5391426310443386,-0.0012772687297331053,0.0,1.0,0,0,0.0,False
2000-05-01,6.44,6.81,5.79,6.27,-0.35,4757.5,1583507.92,951650.78,1051.816,4.0,132105,11624.34,4.7,92.9499,93.6194,82.3967,28.78,131.6,1575.0,1543.0,110.7,171.2,73.505,0,0.33000000000000007,-0.41000000000000014,1.2799999999999994,0.02557642210039268,0.055944153484745796,0.0,0.048280268462447484,0.054838273413726935,-0.12760000000000105,0.4844290657439445,0.05744336569579289,0.0470057952350289,-0.00187499999999996,0.21000000000000008,0.0687235139801341,0.07742295983927283,0.08355617552959593,0.09292009705271331,0.03013863773357439,0.023509901473026895,0.04397705544933084,0.0879660978945716,0.11107902177965134,0.0,0.02554957674696004,-0.00035956800133085665,0.0020707179629326777,1.2112764860198653,-2.4602000000000004,-0.011967098035414958,5.989861362266425,0.5677909311796006,0.0024645460705616795,0.0,1.0,0,0,0.0,False
2000-06-01,6.1,6.48,5.69,6.53,0.13,4775.8,1609548.04,970389.49,1062.767,4.0,132063,11657.461,4.7,92.9862,93.7348,82.1729,31.83,133.8,1559.0,1572.0,106.4,172.2,73.754,0,0.6500000000000004,-0.3699999999999992,1.5299999999999994,0.025556426758168715,0.057329235726313765,-0.02083333333333326,0.044514690645768074,0.0462547705924754,-0.16250000000000853,0.6214084507042255,0.05533279871692054,-0.022346368715083775,-0.05914634146341469,0.17000000000000007,0.060072639764700675,0.07857615119242056,0.08170538691000817,0.11643290359422664,0.031325301204819134,0.023689488050804952,0.036516853932584414,0.091911138839992,-0.06246612919412575,0.0,0.05107449827507339,0.0021169144373993642,0.0013813338347896664,1.4699273602352987,-2.495100000000008,-0.02081238179372935,6.23867469879518,0.5408544194994906,0.0037342667430304566,0.0,1.0,0,0,0.0,False
2000-07-01,6.05,6.34,5.96,6.54,-0.29,4793.4,1629751.44,982824.43,1068.6367,4.0,132228,11719.57,4.7,92.8048,93.8178,81.7603,29.77,133.7,1463.0,1542.0,108.3,172.7,73.939,0,0.40999999999999925,-0.3800000000000008,1.7700000000000005,0.023077995723714828,0.056524116019650794,-0.04081632653061229,0.04574285752844154,0.050112198176821554,-0.38630000000000564,0.7792062604807153,0.06869009584664543,0.0,-0.07638072855464162,0.06666666666666675,0.05891221924125856,0.08803580834950053,0.09685143712040012,0.11892883557984124,0.03734939759036138,0.026842647509258688,-0.008387698042870428,0.10427462805702767,0.06198830409356726,0.0,0.03609468142329515,-0.003202086001880655,0.001269925864897381,1.711087780758742,-2.718900000000005,-0.06491181406252122,6.492650602409639,0.6802719616329407,0.011825536012628257,0.0,1.0,0,0,0.0,False
2000-08-01,5.83,6.23,6.09,6.5,-0.36,4820.4,1651615.4,995593.51,1071.807,4.1,132234,11783.694,4.6,92.5521,93.2292,81.2857,31.22,132.9,1541.0,1552.0,107.3,172.7,73.934,0,0.08999999999999986,-0.29000000000000004,1.5499999999999998,0.021681012501738595,0.05953398141462207,-0.02083333333333326,0.037698485910728996,0.046218937207549216,-0.7989000000000033,0.4833084205281515,0.06364359586316626,-0.12342720191731571,-0.08323424494649223,-0.16999999999999993,0.05637341325810974,0.09205032292095505,0.10258473632108123,0.11475407612947652,0.03599280143971195,0.02668814307732892,0.02169811320754711,0.08737879055007008,-0.1704329971523446,0.0,0.008284529062885942,-0.003895409598654087,-0.010581782551718488,1.49362658674189,-3.1315000000000026,-0.03783586820707496,6.504007198560288,0.5141458362938627,0.014627363081682221,0.0,1.0,1,0,1.0,True
2000-09-01,5.8,6.08,6.0,6.52,0.36,4855.9,1669000.81,1007004.0,1073.2764,3.9,132337,11794.536,4.6,92.9792,93.725,81.4061,33.88,134.7,1507.0,1570.0,106.8,173.6,74.252,0,-0.2599999999999998,-0.40000000000000036,1.4299999999999997,0.020544562096749264,0.06047444144330871,-0.061224489795918546,0.030734226950164922,0.03454773242013909,-1.2734999999999985,0.4684854186265286,0.047281323877068626,-0.06492718446601942,-0.07121484141232792,-0.17333333333333326,0.058591004919184675,0.09871351997953237,0.10658672588774487,0.10570230413320325,0.033512866546977715,0.024754670954149738,0.026794258373205704,0.08378513703443406,-0.04258081575093564,0.06759999999999988,-0.025665515194678395,-0.005011864661419452,-0.013780463695603151,1.371408995080815,-3.606099999999998,-0.03368018307010301,6.466487133453022,0.2278124346578414,0.02013736878711181,1.0,1.0,1,1,1.0,True
2000-10-01,5.74,5.91,6.11,6.51,-0.52,4871.4,1684599.32,1016651.17,1078.7956,3.9,132352,11824.829,4.6,92.6179,93.4177,80.8334,33.08,135.4,1549.0,1577.0,105.8,173.9,74.353,0,-0.20000000000000018,-0.28000000000000025,1.2999999999999998,0.019773292954512245,0.0620410341255897,-0.061224489795918546,0.03968806853188922,0.0448205439198075,-1.1531000000000091,0.4187604690117255,0.05234374999999991,-0.07828746177370027,0.012250161186331487,-0.09666666666666658,0.06267644162380992,0.10452372992969194,0.1137297111492086,0.10014163879094706,0.0345649582836709,0.025480961785462775,-0.003731343283582156,0.08147937411095288,-0.07828746177370027,0.04000000000000007,-0.020904745985938406,-0.003304702769202583,-0.006054788996552318,1.23732355837619,-3.4857000000000085,-0.06577237740917186,6.485435041716329,-0.007215560693309975,0.01648792158019141,1.0,1.0,1,1,1.0,True
2000-11-01,5.72,5.88,6.17,6.51,-0.36,4882.6,1700944.54,1026949.8,1080.5356,3.9,132556,11832.213,4.4,92.6438,93.1847,80.5963,34.4,135.0,1551.0,1614.0,107.6,174.2,74.457,0,-0.3700000000000001,-0.16999999999999993,1.3099999999999996,0.01670021048103365,0.058504785987825825,-0.061224489795918546,0.023142184859096693,0.026535418102060504,-1.7258000000000067,0.4611307420494699,0.060297572435395574,-0.0366915422885572,-0.043662825955124274,-0.17333333333333326,0.0606370702606196,0.11027449659764255,0.11825554447707964,0.10186659290898747,0.03450327186198687,0.025148561265149194,0.025193798449612448,0.07943456204141165,0.08673565962875851,0.13690000000000008,-0.040801563741127755,-0.004980802020704944,-0.014556301051632303,1.24936292973938,-4.058400000000006,-0.03331098753821338,6.475496728138013,-0.02851047042227517,0.018224173676687494,1.0,1.0,1,1,1.0,True
2000-12-01,5.24,5.35,5.77,6.4,-0.27,4927.3,1716969.72,1034323.35,1084.9217,3.9,132716,11859.86,4.1,92.3415,92.6399,80.0735,28.46,136.2,1532.0,1543.0,98.4,174.6,74.571,0,-0.4500000000000002,-0.16000000000000014,1.0899999999999999,0.016019499333159493,0.05195517713194464,-0.10204081632653061,0.018491278756576968,0.01769463056097087,-1.9629000000000048,0.37765318382058477,0.05222135619641466,-0.05885922330097082,-0.03468899521531099,-0.17333333333333326,0.05869598213317739,0.11512893021846327,0.12206428313484774,0.08023572656230615,0.03444180522565321,0.025663277956855968,0.003731343283581934,0.06397862052516336,0.0060679611650485965,0.20250000000000015,-0.05180801859830849,-0.004525062763589771,-0.012242948193587955,1.0313040178668225,-4.095699999999994,-0.04822383384836271,6.475558194774346,0.009071061321324514,0.016415410238930894,1.0,1.0,1,1,1.0,True
2001-01-01,5.16,4.76,5.15,5.98,-0.66,4976.8,1729851.68,1043090.18,1093.6274,4.2,132703,11932.006,4.2,91.902,92.3203,79.4332,29.58,140.0,1600.0,1699.0,94.7,175.6,74.932,0,-0.5299999999999994,-0.10999999999999943,1.1000000000000005,0.01478020843687644,0.04585963445627894,-0.16326530612244916,0.007397718173229428,0.004807113486708259,-2.3581000000000074,0.09125766871165664,0.06572769953051627,-0.10304449648711944,-0.083184789067142,-0.3833333333333333,0.06212411890237335,0.12139183365206163,0.12376432581111252,0.08422215986245685,0.03436018957345954,0.024847793521432404,-0.06641366223908918,0.06833653079261072,-0.024757034713419168,0.2808999999999993,-0.06433767183559258,-0.004993084517635804,-0.03229035035865979,1.0378758810976272,-4.424900000000008,-0.11227329669536812,6.365639810426541,-0.11979523128978808,0.016868103722369687,1.0,1.0,1,1,1.0,True
2001-02-01,5.1,4.66,4.88,5.49,-0.57,5014.9,1748702.02,1050719.51,1093.8929,4.2,132788,11960.086,4.0,91.3034,91.8104,78.6604,29.61,137.4,1625.0,1656.0,90.6,176.0,75.048,0,0.009999999999999787,0.40000000000000036,0.5300000000000002,0.012914946073230515,0.042855373634738125,-0.1428571428571429,0.003976490637767949,0.00119943997215044,-2.9984000000000037,0.08830022075055188,0.09119251753702251,-0.022004889975550168,-0.01621308627678053,-0.42999999999999994,0.06658665695120125,0.12436073474187381,0.12928435555749274,0.09017057811385887,0.037212049616065945,0.027014432367977514,-0.15446428571428572,0.03529092818413668,0.014686652313007031,0.0,0.0012436073474187117,-0.003785264407803135,-0.019165694221328744,0.463413343048799,-4.640799999999999,-0.19731965934902385,5.942787950383934,-0.5327087777540784,0.014086238144231267,0.0,1.0,1,0,1.0,True
2001-03-01,4.89,4.34,4.42,5.31,-0.69,5072.2,1760541.84,1057981.07,1092.216,4.3,132751,12003.752,4.1,91.1162,91.6592,78.2472,27.24,135.9,1590.0,1659.0,91.5,176.1,75.055,0,0.21999999999999975,0.4399999999999995,-0.2400000000000002,0.012721171446003599,0.04102007396063678,-0.19999999999999996,-0.0056684588652845536,-0.006561577548670705,-3.7712000000000074,0.008858603066439485,0.05855161787365182,-0.0644789867587795,-0.021276595744680882,-0.49999999999999994,0.07185756727296044,0.12878816451968755,0.1275596198553821,0.07637299208247206,0.03529411764705892,0.02537197196376595,-0.18598382749326148,-0.01724581614551052,-0.00561976345780868,0.0,0.02833339619433123,-0.003298327887155894,-0.02415973762186152,-0.31185756727296066,-4.888400000000004,-0.22700390145389826,5.4547058823529415,-1.0208523124214048,0.013659234301224288,0.0,1.0,1,0,1.0,True
2001-04-01,5.14,4.23,3.87,4.8,-0.89,5137.9,1773098.33,1065651.31,1089.279,4.4,132458,11981.996,4.1,90.7891,91.2613,77.7206,27.41,136.4,1649.0,1666.0,88.4,176.4,75.187,1,0.46999999999999975,0.5499999999999998,-0.54,0.008715540561077262,0.041922085637105866,-0.12765957446808518,-0.011222957252491561,-0.014560252006429075,-4.184399999999997,-0.08865841418534637,0.03899082568807333,-0.00872817955112215,0.0048455481526348265,-0.6399999999999999,0.07710602875284023,0.12750396235695427,0.12678273957778674,0.06426126227604723,0.029824561403508643,0.021087000884293827,-0.14565826330532206,-0.041637255526533724,0.09431631693599729,0.0,0.059926862307768475,-0.006064667875799179,-0.01862067542572099,-0.6171060287528403,-5.066399999999987,-0.18758034894242792,5.2801754385964905,-1.0854643718300503,0.006112128704892639,0.0,1.0,0,0,0.0,False
2001-05-01,5.39,4.26,3.62,4.21,-0.43,5139.1,1781177.46,1071586.95,1083.9721,4.3,132408,11953.393,4.0,90.3555,90.7213,77.1128,28.64,136.8,1605.0,1665.0,92.0,177.3,75.385,1,1.2699999999999996,0.9099999999999993,-1.2199999999999998,0.004352309605410776,0.03447178507913384,-0.14583333333333337,-0.020602186217959284,-0.024942358524634556,-4.676099999999991,0.06487956487956503,0.04361132364192821,0.014145141451414434,0.04320601127113344,-0.7166666666666667,0.07794142329640819,0.12898249731010814,0.12792184479162505,0.0522297790342483,0.03218256290228205,0.02373236751810892,-0.19047619047619047,-0.09508853642161796,0.0361500314269646,0.0,0.16380777158383727,-0.00856263646781974,-0.024578676855727233,-1.297941423296408,-5.592999999999989,-0.2249479755553243,4.767817437097718,-1.1749705132862163,0.004621762568234322,0.0,1.0,0,0,0.0,False
2001-06-01,5.28,4.08,3.49,3.97,-0.92,5182.3,1792368.09,1080365.55,1071.93,4.5,132300,11940.34,4.0,89.8784,90.168,76.4807,27.6,135.5,1636.0,1626.0,92.6,177.7,75.518,1,1.7699999999999996,1.13,-2.0599999999999996,0.002293630066992236,0.028307241529411442,-0.14893617021276595,-0.02791181055600911,-0.030956190704063413,-5.060100000000006,-0.00486448922863103,0.03951367781155035,0.01904761904761898,0.0790667530784186,-0.6699999999999999,0.08021019442984767,0.12483015557004595,0.12602960300205912,0.030571982171786694,0.035630841121495394,0.025576491395143286,-0.16892502258355924,-0.16523300052548617,0.08352660580639848,0.0,0.2209493753589813,-0.010427541379011362,-0.022243351690724555,-2.140210194429847,-5.67410000000001,-0.19723226411297068,4.174369158878505,-1.280336723474437,-0.0039580089496416004,0.0,1.0,0,0,0.0,False
2001-07-01,5.24,4.04,3.51,3.77,-0.53,5212.0,1797350.57,1089460.56,1063.9476,4.6,132172,11940.991,4.2,89.3028,89.6173,75.7806,26.45,133.4,1670.0,1598.0,92.4,177.4,75.493,1,1.79,1.2000000000000002,-2.56,0.0017945980327571665,0.0242659186249905,-0.14893617021276595,-0.033422163718917375,-0.03805203617013109,-5.279600000000002,-0.1328934967012252,0.012705530642750373,0.049390635022450224,0.03435114503816794,-0.7466666666666666,0.08511662967460953,0.1135847116436488,0.11333187460635008,0.008621833383987365,0.03193960511033689,0.023917346855763633,-0.12969924812030087,-0.2178985719670004,0.058118814573572375,0.0,0.20331663384213136,-0.006920942528320095,-0.022199206466425814,-2.6451166296746096,-6.306200000000004,-0.15396516674529137,3.9380603948896633,-1.3421150437068272,-0.013919250713305464,0.0,1.0,0,0,0.0,False
2001-08-01,4.97,3.76,3.36,3.65,-0.43,5244.4,1806359.04,1099667.7,1055.8723,4.9,132021,11924.877,4.0,89.2003,89.297,75.4938,27.47,133.4,1567.0,1615.0,91.5,177.4,75.484,1,1.7300000000000004,1.2000000000000002,-2.77,-0.0004235109054058217,0.018893269974922244,-0.1063829787234043,-0.03773511714911293,-0.0447729535333381,-5.625499999999988,-0.1115216661068189,-0.002243829468960179,0.14149008885851,0.03631647211413758,-0.6266666666666666,0.0873284098969418,0.10283723387905108,0.1084996737413213,-0.004387927159903882,0.027214823393167498,0.021017325092305805,-0.1468144044321329,-0.24189969541452877,0.12734494740709557,0.0,0.1779084146107584,-0.004775820510816597,-0.017132930931153645,-2.857328409896942,-7.006299999999996,-0.16570767440705514,3.7427851766068327,-1.0250322604908852,-0.026145263431057053,0.0,1.0,0,0,0.0,False
2001-09-01,4.73,3.12,2.64,3.07,-1.12,5355.9,1814252.38,1106989.75,1059.4897,5.0,131763,11930.997,3.9,88.7485,88.9392,74.9237,25.88,133.3,1562.0,1565.0,81.8,178.1,75.227,1,1.6099999999999999,1.21,-2.85,-0.001610780888425034,0.011981217434872349,-0.13043478260869557,-0.036215277665228585,-0.042177772629176324,-5.912300000000002,-0.1201153106982703,0.003762227238525151,0.016872160934458202,0.04059278350515472,-0.6266666666666666,0.08795950543523356,0.09369229664484857,0.10453482164623584,-0.014867135594374803,0.027214823393167498,0.020964644142072553,-0.1472506989748369,-0.2506845904904157,-0.0021754581131607775,0.0,0.15084459759820618,-0.00390441095541727,-0.008303467109219476,-2.9379595054352334,-7.065400000000011,-0.15923191640970924,3.6227851766068326,-0.5515839822716719,-0.03113785892519738,0.0,1.0,0,0,0.0,False
2001-10-01,4.57,2.73,2.16,2.49,-0.18,5344.0,1829840.26,1124431.74,1045.2292,5.3,131452,11904.934,3.8,88.5052,88.558,74.5431,22.21,130.3,1540.0,1566.0,82.7,177.6,75.492,1,2.0900000000000003,1.6100000000000003,-3.4499999999999997,-0.004337411305983974,0.011569848953786765,-0.15217391304347816,-0.045501574545704804,-0.05106214990664171,-5.909700000000001,-0.23612750885478162,-0.010393466963622644,0.03649635036496357,-0.0031847133757961776,-0.6933333333333334,0.10296752404291687,0.08702905902124747,0.09929032059455567,-0.012845432919236677,0.025921658986175045,0.013130959435436296,-0.23408239700374533,-0.3552379579480632,-0.012894284657486654,0.0,0.18189073335440722,-0.00613200933874114,-0.012079410826787429,-3.5529675240429164,-7.6355000000000075,-0.2456522459575321,3.044078341013825,-0.8939820538758383,-0.026555652622401338,0.0,1.0,0,0,0.0,False
2001-11-01,4.65,2.78,1.87,2.09,-0.81,5387.5,1857842.79,1145184.05,1034.1794,5.5,131144,11910.073,3.8,87.97,88.2521,73.9318,19.67,129.8,1602.0,1651.0,83.9,177.5,75.441,1,2.41,1.8400000000000003,-4.02,-0.006800048355899424,0.006774305150628379,-0.17391304347826086,-0.04440502321905382,-0.052021190844989684,-6.053200000000004,-0.32859733978234573,-0.037666174298375155,-0.005810200129115595,-0.0069752694990488084,-0.5766666666666665,0.09701523176089011,0.08621690527573045,0.10601529136094934,-0.031114698650977046,0.02127659574468077,0.01531881699460702,-0.21833648393194705,-0.3900012316787782,-0.1473002889876256,0.0,0.2077827417145104,-0.006376537450493602,-0.00666990606994089,-4.11701523176089,-8.016100000000009,-0.22511078908257542,2.4687234042553197,-1.274061772351513,-0.016620328603320633,0.0,0.0,0,0,0.0,False
2001-12-01,5.09,3.11,1.69,1.82,-0.32,5440.1,1867852.87,1153012.14,1021.584,5.7,130983,11929.854,3.7,87.9324,88.4161,73.7552,19.33,128.1,1568.0,1680.0,88.8,177.4,75.363,0,2.7800000000000002,1.8700000000000006,-4.42,-0.010652101753221288,0.006580341310623794,-0.13636363636363646,-0.05044913960783126,-0.05293358244432844,-6.1417,-0.42819767441860457,-0.038518518518518396,0.03288201160541582,0.022924411400247813,-0.7033333333333333,0.10340802031704421,0.09224183758513371,0.11513147964973558,-0.04290113162398346,0.01894374282433997,0.013215681534308521,-0.22026022304832704,-0.4570634498013354,0.016009850670957615,0.0,0.25643230848667176,-0.009041320864796254,-0.014233861942602677,-4.523408020317044,-8.627400000000009,-0.22684056435895084,2.07105625717566,-1.5517289194311727,-0.0014504590597148592,0.0,0.0,0,0,0.0,False
2002-01-01,5.04,3.03,1.65,1.73,-0.05,5459.6,1867418.69,1152637.2,1011.7805,5.7,130859,11952.127,3.9,88.5176,89.0258,74.1161,19.67,128.5,1698.0,1665.0,93.0,177.7,75.431,0,3.4,1.98,-4.58,-0.013057958347147292,0.005901756007237857,-0.09756097560975596,-0.04774776238202749,-0.045593745243680095,-5.677999999999997,-0.320801124385102,-0.05947136563876654,0.023498694516971286,0.08878807517822418,-0.4366666666666666,0.10407322468694824,0.08787758353711683,0.11475017942889898,-0.05837997341190626,0.01603665521191311,0.010620750693969505,-0.09756097560975618,-0.47665536906622297,-0.012997655847992284,0.0,0.2987837840261972,-0.008720547041163318,-0.0022461878363226884,-4.684073224686948,-8.804000000000002,-0.10346273161699404,1.803963344788087,-1.240114996225738,0.0008485245158693644,0.0,0.0,0,0,0.0,False
2002-02-01,4.91,3.02,1.72,1.74,-0.1,5488.4,1881905.37,1167083.27,1016.4602,5.7,130737,11953.58,3.9,88.5278,89.0692,74.0132,20.74,128.4,1829.0,1787.0,90.7,178.0,75.558,0,3.39,2.0100000000000002,-4.25,-0.013895691883378691,0.0016863048845265904,-0.07142857142857151,-0.03682618441383212,-0.0356855426163043,-4.544299999999993,-0.33502366463826905,-0.08214285714285718,0.06125000000000003,-0.020011771630370823,-0.3933333333333333,0.09701012698923006,0.07952532092231168,0.1050216195113638,-0.07483984033318858,0.011958997722095743,0.006659371163187933,-0.01795142555438234,-0.41229303970422776,0.06706020012911562,0.0,0.26959083792663663,-0.007095643527479267,0.007578838805221699,-4.34701012698923,-8.443100000000001,-0.01963773043890893,1.7180410022779042,-0.7506824019774154,-0.006691584353418767,0.0,0.0,0,0,0.0,False
2002-03-01,5.28,3.56,1.79,1.73,-0.03,5499.8,1894690.33,1174734.29,1012.0609,5.7,130722,11946.054,4.1,89.1686,89.7358,74.4558,24.42,129.8,1642.0,1691.0,95.7,178.5,75.763,0,3.1900000000000004,1.8900000000000001,-3.75,-0.015445672801759236,-0.000543976021577075,-0.025000000000000022,-0.030399744149724905,-0.029857183935589116,-4.234000000000009,-0.29956095913542724,-0.06550218340611358,0.1255384615384616,0.07910628019323673,-0.1566666666666666,0.09441863247522386,0.07617269750737754,0.11074673963177872,-0.07078636308911057,0.011363636363636465,0.00679565078349853,0.0011037527593820151,-0.3540698717820895,0.09265644993304578,0.0,0.24299090504853438,-0.004793571048537948,0.020049395458106356,-3.844418632475224,-8.546000000000006,0.0016477287809590901,1.7286363636363635,-0.34241989353929636,-0.016069140077756172,0.0,0.0,0,0,0.0,False
2002-04-01,5.21,3.42,1.71,1.75,0.16,5501.3,1903957.99,1178730.28,1000.4763,5.9,130616,11960.946,4.2,89.604,90.044,74.7452,26.27,130.8,1592.0,1669.0,93.0,179.3,76.08,0,3.49,1.7200000000000002,-3.5799999999999996,-0.01528425397925437,-0.004806663783123888,0.0,-0.021374903694403535,-0.020984254717475226,-3.264800000000008,-0.10352422907488978,-0.04488594554819714,0.03270440251572326,0.019288728149487566,-0.05999999999999992,0.08430266945309728,0.07619727458451075,0.11035473441883026,-0.07338759000051265,0.013628620102214661,0.009433082406235416,0.04590163934426239,-0.30180355664208824,0.009205707998751977,0.0,0.26592848829994253,-0.002226295632107078,0.026372858687623957,-3.6643026694530967,-8.103400000000008,0.05070830312738628,1.7163713798977853,-0.08759196489030163,-0.011680308952606078,0.0,0.0,0,0,0.0,False
2002-05-01,5.16,3.26,1.73,1.75,0.07,5530.1,1914613.99,1186249.89,990.7745,5.8,130632,11993.987,4.3,89.964,90.5176,74.9894,27.02,130.8,1764.0,1716.0,96.9,179.5,76.13,0,3.5,1.79,-3.05,-0.01390629482552963,-0.001756802455951334,0.024390243902439046,-0.013053329089064758,-0.013338622176103265,-2.367599999999996,-0.041590660342940566,-0.04105571847507328,-0.03456640388114007,0.0018007202881151763,0.010000000000000064,0.07072928628427966,0.0738028217532638,0.10611254257267322,-0.08152429267432859,0.01643990929705219,0.011877053213986466,0.05203619909502266,-0.21572432316705295,-0.0958164038811401,0.0,0.2583098761364233,-1.0602942150939043e-05,0.02377285532476736,-3.1207292862842797,-7.814000000000007,0.053793001550973996,1.7335600907029478,0.01551908842504357,-0.005722499169047879,0.0,0.0,0,0,0.0,False
2002-06-01,4.93,2.99,1.7,1.75,0.3,5555.3,1927180.98,1194367.6,983.9135,5.8,130674,12023.36,4.3,90.7061,91.4436,75.569,25.52,130.9,1717.0,1758.0,92.4,179.6,76.225,0,3.43,1.9000000000000004,-2.46,-0.013413086822548492,0.0033960232044574212,0.07499999999999996,-0.00433288510383989,-0.0022453381951096363,-1.4912999999999954,-0.056564245810055924,-0.04385964912280704,0.09906542056074774,0.03063063063063054,0.06666666666666675,0.07608336089976842,0.0749147869859077,0.10700292682735624,-0.08597785865521812,0.012408347433727984,0.009882602639782245,0.05326086956521747,-0.18716506781343029,-0.026473040977713858,0.0,0.2569577193616634,0.0020325859792107437,0.026066859045885016,-2.5360833608997684,-7.569800000000001,0.04986484636076005,1.737591652566272,0.00895528892990849,-0.0012579105214698405,0.0,0.0,0,0,0.0,False
2002-07-01,4.65,2.56,1.68,1.73,-0.27,5597.6,1939211.4,1202946.94,976.6361,5.8,130584,11987.388,4.3,90.6769,91.3272,75.5228,26.94,131.2,1655.0,1738.0,88.1,180.0,76.393,0,3.2299999999999995,1.9399999999999995,-2.22,-0.012290249433106526,0.006952900838669729,0.07499999999999996,0.00920910919642548,0.014146925738621308,-0.21160000000000423,-0.07536231884057976,-0.03394833948339482,0.04951100244498785,0.08118081180811809,0.17666666666666675,0.07197576365706349,0.07521495765972941,0.10552173752671035,-0.08211030571026101,0.010692177827799743,0.009362006409068035,-0.002159827213822796,-0.15978619531868096,0.016806599929264587,0.0,0.24294431324092597,0.0029940045461478437,0.030584012890829015,-2.2919757636570637,-6.9902000000000015,-0.009112728052492525,1.7393078221722003,0.022936442274414937,-0.0009823169247813457,0.0,0.0,0,0,0.0,False
2002-08-01,4.26,2.13,1.62,1.74,-0.07,5638.5,1947500.09,1207010.64,972.4398,5.7,130581,11987.158,4.3,90.5762,91.4182,75.4317,28.38,131.5,1633.0,1695.0,87.6,180.5,76.543,0,2.9700000000000006,2.0900000000000003,-2.04,-0.012014647580425475,0.0038855234042134423,0.023809523809523725,0.015386975548359105,0.019080021379800582,-0.04619999999999891,0.018525519848771266,-0.016491754122938684,-0.008982035928143728,0.08760951188986232,0.0333333333333334,0.07398311588641593,0.07892774641065148,0.10416749735300179,-0.08206372193517797,0.01465614430665152,0.011921635118487872,-0.046536796536796654,-0.1509255564082885,0.025584367952996345,0.0,0.23441540683963494,0.0018916472451041555,0.028440304637423863,-2.113983115886416,-7.0364,-0.050422319941010096,1.7153438556933485,-0.018216235009599346,0.005124924657387675,0.0,0.0,0,0,0.0,False
2002-09-01,3.87,2.0,1.63,1.75,-0.34,5662.9,1950651.39,1207325.03,966.4096,5.7,130502,11994.021,4.2,90.6531,91.4934,75.4995,29.67,132.3,1804.0,1803.0,86.1,180.8,76.681,0,2.6399999999999997,2.13,-1.91,-0.010907355647965078,0.005222779237052055,0.07499999999999996,0.015424836015125454,0.023754437439107656,-0.1372999999999962,0.03312704768838737,-0.014242878560719707,0.04211869814933,0.049535603715170184,-0.013333333333333272,0.07514682327816335,0.07813565679611512,0.09761397920480874,-0.07901760468571817,0.01747463359639223,0.01402946319749887,-0.042622950819672156,-0.143530432461292,-0.05694672241141774,0.0,0.20627813394174388,0.0025057311745834143,0.019757721118965343,-1.9851468232781633,-7.127499999999998,-0.04784573005672421,1.7225253664036078,-0.015066286162664255,0.0032208698102074163,0.0,0.0,0,0,0.0,False
2002-10-01,3.94,1.91,1.58,1.75,-0.35,5707.3,1957151.3,1209211.73,963.2747,5.7,130617,12014.38,4.2,90.4643,91.2516,75.3553,28.85,133.2,1648.0,1799.0,80.6,181.2,76.821,0,2.24,1.87,-1.3199999999999998,-0.009570213185795762,0.005282374976709914,0.0769230769230771,0.021460644405257412,0.02871849533164217,-0.069500000000005,0.14644513137557968,-0.0075018754688672695,0.15492957746478875,0.15207667731629404,-0.2266666666666666,0.0573199648985232,0.07518193802782824,0.09063794854469065,-0.08785370919604041,0.01516002245929271,0.019328166748640685,0.05256723716381417,-0.07566235366605062,0.1054185750198009,0.0,0.16840754118233528,0.002720036247310764,0.012251535208831932,-1.377319964898523,-7.0597000000000065,0.04728486218710426,1.7348399775407073,-0.004467844631492968,-3.3019631901165525e-05,0.0,0.0,0,0,0.0,False
2002-11-01,4.05,1.92,1.23,1.34,0.14,5758.0,1965179.13,1215272.9,960.763,5.9,130616,12040.567,4.2,90.9711,91.7517,75.8001,26.27,133.1,1753.0,1771.0,84.2,181.5,76.897,0,2.36,2.0300000000000002,-0.7400000000000002,-0.006352128533609225,0.00919333110120557,0.10526315789473695,0.022135422551443185,0.030416224395311442,-0.2137000000000029,0.29896443043674026,0.022256331542593877,0.07012987012987004,0.14878671775223506,-0.25333333333333324,0.06798278443113781,0.06957494748749271,0.07539807618735495,-0.07840816157834085,0.020270270270270174,0.017604514385630265,-0.02539298669891188,-0.05030726047904199,0.07911190605801377,0.0,0.16419687607048278,0.00566251904681625,0.006748447003084079,-0.807982784431138,-7.203900000000004,-0.03458631780011745,1.7297297297297298,0.014385874036381363,-0.009352798923158767,0.0,0.0,0,0,0.0,False
2002-12-01,4.03,1.84,1.19,1.24,-0.59,5779.0,1972112.21,1221164.76,957.7635,6.0,130465,12067.267,4.3,90.4652,91.1153,75.4073,29.42,132.9,1788.0,1896.0,86.7,181.8,76.971,0,2.82,2.13,-0.7499999999999998,-0.0040261087049350275,0.010956607906601246,0.10526315789473695,0.034115039217915255,0.03965458045757542,0.0,0.33553634977122515,0.025423728813559254,0.09425717852684135,0.07268322228952151,-0.18333333333333324,0.06877030162412989,0.0577747162341975,0.0612031314966357,-0.07099000424877921,0.022535211267605604,0.019299850214074654,0.0035756853396899935,-0.051577726218097406,0.05213848037751134,0.0,0.16292469978043694,0.0068812469430300505,0.0186902032027898,-0.8187703016241297,-6.759100000000004,-0.007380922566911252,1.3174647887323945,-0.4050605776712133,-0.020360940561917618,0.0,0.0,0,0,0.0,False
2003-01-01,4.05,1.74,1.17,1.24,0.39,5811.1,1982561.31,1227771.91,950.111,5.8,130573,12033.66,4.2,91.2361,91.9301,76.0829,32.94,135.3,1853.0,1808.0,82.4,182.6,77.201,0,2.8400000000000003,2.1900000000000004,-0.5800000000000001,-0.00395471168014172,0.011518414223677942,0.16216216216216206,0.02880394484854265,0.03052837661919039,-0.39279999999999404,0.5219865494050702,0.0374707259953162,0.14030612244897966,0.12857142857142856,-0.26666666666666655,0.06229664895865872,0.0558177475723769,0.05910832820892953,-0.06247210214725363,0.024802705749718212,0.0213367302257077,-0.023648648648648574,-0.03613205639602206,-0.014623455015809084,0.0,0.1585224031055504,0.005615501505654041,0.007343300443285239,-0.6422966489586588,-7.024299999999997,-0.035167062872326516,1.2151972942502818,-0.5196426832904255,-0.019364190455451347,0.0,0.0,0,0,0.0,False
2003-02-01,3.9,1.63,1.17,1.26,-0.47,5846.8,1993405.69,1234804.35,941.2787,5.9,130441,11991.075,4.2,91.3445,91.8197,76.2008,35.87,137.6,1629.0,1854.0,79.9,183.6,77.526,0,2.88,2.3099999999999996,-0.49,-0.002185558501898943,0.006821630995052175,0.0769230769230771,0.03071140654513904,0.03262312722828664,0.0,0.6746314184036601,0.052918287937743225,0.091283863368669,0.08588588588588597,-0.019999999999999907,0.06438200600776622,0.06165870600770318,0.06518504695146055,-0.060951461310037036,0.02757456387169399,0.023465153584070197,-0.11397849462365583,-0.03154718294380545,0.021153993238798963,0.0,0.17757707330218514,0.004166570031710282,0.008575983993695857,-0.5543820060077662,-6.348700000000008,-0.12080012561870801,1.212425436128306,-0.5173042936014238,-0.007916241479789532,0.0,0.0,0,0,0.0,False
2003-03-01,3.81,1.57,1.13,1.25,-0.18,5866.3,2001208.15,1241552.94,937.7301,5.9,130235,12008.784,4.1,91.1044,91.9555,76.0272,33.55,141.2,1726.0,1757.0,77.6,183.9,77.725,0,2.73,2.27,-0.48,-0.0022640874427285462,0.003136717201039474,0.0769230769230771,0.031817124112425654,0.030880483938331205,0.0,0.7295081967213115,0.07165109034267902,-0.10934937124111532,0.03749300503637376,-0.22333333333333324,0.06530136287442612,0.05924863267699787,0.05802591960726167,-0.07396403715561128,0.03146067415730336,0.026046216151830226,-0.11907386990077173,-0.03134465417972453,-0.20360654976795667,0.0,0.1617487672082042,0.0017620212622064813,-0.0022979151054896008,-0.5453013628744261,-6.230800000000002,-0.12221058710181121,1.2285393258426967,-0.08892546288969783,0.0014739164428003715,0.0,0.0,0,0,0.0,False
2003-04-01,3.96,1.62,1.13,1.26,-0.64,5904.9,2014099.78,1253347.35,935.3236,6.0,130173,12058.25,4.1,90.5617,91.3398,75.6028,28.25,136.8,1643.0,1803.0,86.0,183.2,77.593,0,2.68,2.24,-0.48,-0.0037254631967075236,0.005251106348590051,0.0,0.021709435832793167,0.024735947080206655,-0.17360000000000753,0.3738738738738736,0.0878274268104775,0.05115712545675999,0.03903015966883494,-0.08666666666666657,0.06663878686497693,0.05621911840337512,0.056879798750064436,-0.07344498735204563,0.03025210084033625,0.025896545807320148,-0.18913270637408575,-0.03198661769518892,-0.08914899699221968,0.0,0.15066723732104534,0.0002292484834341968,-0.007094509015749484,-0.5466387868649769,-6.40440000000001,-0.1943838127226758,1.2197478991596638,0.004550604909381972,0.0004013708309982267,0.0,0.0,0,0,0.0,False
2003-05-01,3.57,1.42,1.07,1.26,0.01,5967.0,2027502.51,1263797.77,923.8687,6.1,130197,12147.017,4.1,90.537,91.396,75.6099,28.14,136.7,1751.0,1835.0,92.1,182.9,77.504,0,2.83,2.34,-0.49,-0.00339162124088932,0.008135142487893487,-0.023809523809523947,0.010688138922369639,0.014390742303762583,-0.597999999999999,0.07537114579368098,0.04587155963302747,0.03203517587939708,0.08028759736369073,-0.4299999999999999,0.07336447748713937,0.05784885516302807,0.06330292117379055,-0.06512168254260498,0.02175125488008911,0.019886961093585676,-0.07526881720430112,-0.03594859396869829,-0.05924868748927192,0.0,0.16371226011136944,-0.0012060627389903766,-0.020023267622769403,-0.5633644774871394,-6.793899999999994,-0.0834039596921946,1.238248745119911,0.0258233089916049,-0.003809850844675111,0.0,0.0,0,0,0.0,False
2003-06-01,3.33,1.23,0.92,1.22,0.14,6003.9,2033268.41,1269453.53,917.2198,6.3,130186,12186.558,4.1,90.6527,91.8251,75.7311,30.72,138.0,1867.0,1875.0,89.7,183.1,77.588,0,2.5,2.15,-0.49,-0.0033299650927797186,0.012758893268768778,-0.04651162790697683,0.0063692143524076705,0.00970419012435153,-0.5909000000000049,0.041450777202072686,0.04510703363914348,-0.007369614512471645,0.0693473193473193,-0.2699999999999999,0.07900399631109734,0.058961503775494695,0.06537229689437529,-0.06752878682283403,0.018941504178273005,0.018048075660055396,-0.049535603715170407,-0.038711958192437695,0.10197975672864368,0.0,0.14740375943873674,-0.0010658776500511724,-0.025447909760017984,-0.5690039963110973,-6.563000000000002,-0.062294496983939185,1.241058495821727,0.012519169979030353,-0.00028712890150317527,0.0,0.0,0,0,0.0,False
2003-07-01,3.98,1.47,0.9,1.01,0.09,6050.4,2040064.39,1275675.74,921.4803,6.2,130184,12197.554,4.0,91.1185,92.1799,76.1369,30.76,137.7,1897.0,1885.0,90.9,183.7,77.816,0,2.41,2.1,-0.53,-0.003734484289147022,0.013573410427700772,-0.04651162790697683,-0.0005887145406980876,0.004171970482351961,-0.4697000000000031,0.20376175548589348,0.0542398777692894,0.08736167734420497,0.06655290102389078,-0.16333333333333325,0.08075171457887054,0.05504798516639564,0.06286668359054604,-0.06778410907056365,0.01948775055679297,0.01788127254837657,-0.02922077922077926,-0.042798408726801386,0.03620455188744498,0.0,0.13266564425101351,-9.021092439498446e-06,-0.022298150373491255,-0.6107517145788706,-6.029200000000003,-0.04279418964848003,1.200512249443207,-0.01923564971645675,-0.0011711332369794825,0.0,0.0,0,0,0.0,False
2003-08-01,4.45,1.86,0.95,1.03,-0.15,6107.0,2049124.34,1282799.94,909.6294,6.1,130153,12216.821,4.1,90.9197,91.8284,75.9832,31.59,138.0,1833.0,1966.0,89.3,184.5,78.079,0,3.08,2.51,-0.72,-0.0030631624088709453,0.01753225973831829,-0.06976744186046513,0.004870038565500057,0.009336758380854793,-0.06390000000000384,0.14179658500371195,0.049542682926829285,0.1462235649546828,0.08457997698504038,0.08000000000000008,0.08089181077604679,0.05200721798562036,0.060458859473885074,-0.056475282861241816,0.020555555555555438,0.018627361145654664,0.03178206583427934,-0.05824210375875369,0.11418838907528572,0.0,0.1601822313957107,0.00032845883201837456,-0.005818100356869582,-0.8008918107760468,-5.269199999999998,0.014249806095961048,0.9894444444444446,-0.24880430067546633,-0.00584163717740771,0.0,0.0,0,0,0.0,False
2003-09-01,4.27,1.71,0.94,1.01,0.35,6080.0,2057090.79,1291048.87,899.9574,6.1,130252,12234.634,4.2,91.5059,92.6407,76.483,28.29,138.5,1939.0,1961.0,87.7,185.1,78.323,0,3.5,2.59,-0.71,-0.0032776590775074332,0.019159086749336307,-0.04651162790697683,0.0037923869625795525,0.004487071502173645,-0.21760000000000446,0.11310782241014805,0.049429657794676896,0.12247397428046547,0.15988200589970503,0.026666666666666745,0.08308947415092671,0.052181897460143345,0.06279091292848915,-0.0645905278660951,0.02216066481994461,0.020067151797029004,0.019406392694063967,-0.058993526647157964,0.12984358879293711,0.0,0.1826366411105017,5.23060152722854e-05,-0.002576827389828118,-0.7930894741509267,-5.4228999999999985,0.00024730594472766043,1.0078393351800554,-0.23321916064167159,-0.00677960631535135,0.0,0.0,0,0,0.0,False
2003-10-01,4.29,1.75,0.92,1.01,0.14,6070.2,2065495.1,1299959.91,887.2289,6.0,130439,12281.469,4.3,91.6186,92.7097,76.5884,30.33,139.3,1967.0,2012.0,89.6,184.9,78.333,0,3.3299999999999996,2.5599999999999996,-0.74,-0.0019156794531884902,0.02006107876582841,0.0,0.009407289987876988,0.012539702317325707,0.0,-0.04651162790697683,0.04686318972033243,0.07483370288248348,0.08763172490293947,0.09666666666666673,0.07365484115912357,0.05456608010311892,0.06934656196103228,-0.06876194110654521,0.02378318584070782,0.02141338793182146,0.018583042973286945,-0.054504582457751444,-0.012527974461721492,0.0,0.18170504674338597,0.0018188048359585318,0.009996004528575075,-0.8136548411591236,-4.350399999999993,-0.0014780357925414656,0.9862168141592922,-0.21429543528391481,-0.0004819050632767219,0.0,0.0,0,0,0.0,False
2003-11-01,4.3,1.93,0.93,1.0,0.48,6075.5,2066400.09,1301392.17,882.0582,5.8,130480,12352.377,4.5,92.2329,93.5573,77.1135,31.09,138.9,2083.0,1918.0,93.7,185.0,78.432,0,3.37,2.54,-0.74,-0.0013627628869136155,0.022230776785818307,0.023809523809523725,0.012759729528664998,0.015978897904255884,0.0,0.05129982668977462,0.04579579579579596,0.19356796116504849,0.11839911061700947,0.1133333333333334,0.06358523294727791,0.05535790717866318,0.07504738644902154,-0.0789450818131111,0.02041942604856528,0.019682118170812668,0.11166253101736978,-0.047053072380985654,0.04734439621036568,0.0,0.18655614719209493,0.0017003995219573298,0.007889690963164941,-0.8035852329472779,-4.0079000000000065,0.08943175423155147,0.9895805739514347,0.0001361295069901569,0.0033506891930428218,0.0,0.0,0,0,0.0,False
2003-12-01,4.27,1.91,0.9,0.98,0.04,6073.5,2077360.69,1309102.38,883.6407,5.7,130589,12356.981,4.5,92.2602,93.4535,77.1489,32.15,139.5,2057.0,1987.0,92.6,185.5,78.605,0,3.3699999999999997,2.37,-0.3400000000000001,-0.0010412200649231318,0.02589662098138734,0.0714285714285714,0.013870339041739621,0.019679199404479597,0.0,0.1834792539017891,0.04357625845229163,0.18824871648602404,0.08300395256916993,0.3233333333333334,0.05514067384508503,0.05150724351525149,0.07086414088555748,-0.08191905808196187,0.019283746556473913,0.01996176703902619,0.11282660332541572,-0.018747829107328914,0.06577474220555857,0.0,0.1735794106463975,0.0022364390125843014,0.010077952079160069,-0.3951406738450851,-2.9599999999999937,0.08692998234402838,0.9807162534435261,-0.02712308173652933,-0.0006746539448918565,0.0,0.0,0,0,0.0,False
2004-01-01,4.15,1.76,0.88,1.0,0.05,6081.3,2088243.04,1317570.54,876.2056,5.7,130756,12332.995,4.5,92.4006,93.362,77.2806,34.27,141.4,1911.0,1952.0,103.8,186.3,78.909,0,3.3699999999999997,2.3599999999999994,-0.26,0.0009504464798988366,0.02400825307006138,0.04651162790697683,0.019841883950955763,0.02566199090602783,0.0,0.0927940176750508,0.04966139954853266,0.15044742729306493,0.04799578059071741,0.22000000000000008,0.05096037376708784,0.053368403413515786,0.0720112657034091,-0.07739154812226612,0.020352035203520247,0.02122877447350291,0.06805074971164937,-0.013249697179442839,0.07561372441058145,0.0,0.1798515195035482,0.0028661259330873268,0.010434593963078775,-0.31096037376708785,-2.2843000000000018,0.04404249664158799,0.9596479647964797,-0.026568849362812452,-0.0011976766896031332,0.0,0.0,0,0,0.0,False
2004-02-01,4.08,1.74,0.93,1.01,0.46,6120.7,2095340.36,1322978.09,874.2704,5.6,130821,12349.224,4.5,92.958,94.046,77.7639,34.74,142.1,1846.0,1966.0,94.4,186.7,79.077,0,3.2700000000000005,2.3900000000000006,-0.24,0.0014015148614185957,0.024874809492706262,0.0714285714285714,0.012763588097255418,0.015575964781937568,0.0,0.040376442015786385,0.04508499630450835,0.03130059363194815,0.07964601769911495,0.19000000000000006,0.046497220835986175,0.053305655399882745,0.07313950520337298,-0.07778606920665054,0.020262869660460092,0.02212406575044379,0.25970873786407744,-0.011159333000636682,-0.16226736753310034,0.0,0.1743094931576166,0.002764277748332211,3.858568590420219e-06,-0.28649722083598617,-1.3797999999999888,0.23483392837137118,0.9797371303395399,-0.00984344361189482,-0.002052251778780434,0.0,0.0,0,0,0.0,False
2004-03-01,3.83,1.58,0.94,1.0,0.55,6156.3,2109720.32,1331627.84,869.4781,5.8,131140,12393.884,4.6,92.5861,93.9999,77.4721,36.76,143.1,1998.0,2066.0,95.8,187.1,79.199,0,3.15,2.34,-0.25,0.0029131944710636404,0.02986796429844696,0.0714285714285714,0.017663898756903773,0.024246430776837746,0.0,-0.03150264845274586,0.032703488372092915,0.13321055862492326,0.06040992448759441,0.18333333333333343,0.04684613805842508,0.05113593811403239,0.07140705327123276,-0.07118858633473801,0.01688453159041381,0.02000619147124838,0.18147684605757197,-0.01171153451460627,-0.05503815786110078,0.0,0.161078205059202,0.003954414535986772,0.003793559715164152,-0.2968461380584251,-0.48329999999999984,0.151608881759125,0.9931154684095862,0.012399214966060113,-0.00037130540121910194,0.0,0.0,0,0,0.0,False
2004-04-01,4.35,2.07,0.94,1.0,0.08,6198.5,2112716.15,1337161.36,864.7031,5.6,131412,12433.863,4.5,92.93,94.2717,77.7807,36.69,144.8,2003.0,2070.0,94.2,187.4,79.346,0,2.89,2.25,-0.25,0.006948976849541211,0.032068192749574065,0.12195121951219523,0.01626375894029275,0.022232492890582822,-0.29180000000000916,0.09567809239940384,0.013456090651558172,0.15758980301274628,0.17586795674445077,0.35333333333333344,0.04943490786355964,0.05422333004190483,0.07255018863714358,-0.07278426916231007,0.017400761283306032,0.018964297201672586,0.23453608247422686,-0.01235872696588991,0.007142375719681349,0.0,0.15670542382110494,0.005998530369642374,-0.0035781250106630136,-0.29943490786355964,-0.29180000000000916,0.2024678897246528,0.982599238716694,0.022951273920214232,0.0008549266283890411,0.0,0.0,0,0,0.0,False
2004-05-01,4.72,2.53,1.02,1.0,0.56,6277.2,2120839.15,1342750.5,862.6597,5.6,131697,12499.431,4.6,93.6013,94.9474,78.3623,40.28,146.8,1981.0,2150.0,90.2,188.2,79.604,0,3.4099999999999997,2.28,-0.26,0.009518102832384523,0.031149876640474305,0.09756097560975618,0.02615123170170186,0.0320988222001799,0.0,0.29876106194690255,0.058479532163742576,0.21911138161898958,0.1480865224625625,0.36333333333333345,0.04972141780555139,0.0489630012272777,0.0668721324539443,-0.07550381493634939,0.022925764192139875,0.022592244145734686,0.09534883720930232,-0.012927568629443362,0.18781078798704143,0.0,0.16696383418501695,0.008116587970965927,0.013387643604446442,-0.3097214178055514,0.0,0.06419896056882801,0.9770742358078601,-0.0026628945316797825,-0.004342654172605043,0.0,0.0,0,0,0.0,False
2004-06-01,4.73,2.76,1.27,1.03,-0.28,6279.3,2127989.41,1348258.19,869.0072,5.6,131794,12511.921,4.6,92.871,94.2172,77.7669,38.02,147.2,1828.0,2020.0,95.6,188.9,79.831,0,3.6999999999999997,2.19,-0.26,0.011521002788082768,0.02901239044944126,0.12195121951219523,0.0338458309862264,0.03885728040614467,0.0,0.43141435678749107,0.07388441843452842,0.13135351227869796,0.17166212534059944,0.3966666666666668,0.051985922574157906,0.04603527716471234,0.062472597969531085,-0.06625292100490032,0.028977583378895444,0.02709537572254317,-0.02062975027144398,-0.013516339869281056,-0.0018570463462252995,0.0,0.17033052550943564,0.008607808317019128,0.016181932229322626,-0.3119859225741579,0.0,-0.04964214072088524,0.9710224166211046,-0.022093051788481644,-0.005100660949320046,0.0,0.0,0,0,0.0,False
2004-07-01,4.5,2.64,1.33,1.26,0.48,6292.3,2137092.98,1351005.83,878.2262,5.5,131854,12556.147,4.6,93.5649,95.0506,78.3594,40.69,147.4,2002.0,2112.0,96.7,189.1,79.905,0,3.4600000000000004,1.9700000000000006,-0.18999999999999995,0.012351558539320573,0.026698514871877688,0.12195121951219523,0.024470313625517992,0.026050611434128568,-0.5953999999999979,0.23763020833333348,0.06666666666666665,-0.020889126941617597,0.07733333333333325,0.12000000000000006,0.045870184380153,0.046585585815499986,0.062077624850119584,-0.052563845656188324,0.03167667941015839,0.02890910965613247,0.06577480490523957,-0.008715335032229068,-0.17847892995436387,0.0,0.16118612692162998,0.005402581689779362,0.008206554685225242,-0.23587018438015295,-0.5953999999999979,0.03907629003336188,0.9983233205898416,0.015724081873147666,-0.007637744226404841,0.0,0.0,0,0,0.0,False
2004-08-01,4.28,2.51,1.48,1.43,0.3,6317.7,2143435.12,1356423.46,882.9512,5.4,131939,12606.222,4.5,93.6277,95.4605,78.4167,44.94,148.0,2024.0,2056.0,95.9,189.2,79.946,0,3.17,1.8599999999999999,0.25,0.012827997296134708,0.02939876306347977,0.1499999999999999,0.026848554355043186,0.031142364007771706,-0.002900000000011005,0.32282184655396606,0.07044299201161963,0.05535055350553497,0.12042440318302394,0.2533333333333334,0.03998082771387024,0.047561533094551134,0.05905112689530334,-0.04693979893004774,0.02939575394665228,0.02684537884239746,0.06380638063806376,0.00999520692846756,-0.1637608281134546,0.0,0.15077005990972708,0.003309894463750185,0.0006973226533413257,0.21001917228612976,-0.002900000000011005,0.03440761757458399,1.2306042460533477,0.2535300102454876,-0.0014014681327265688,0.0,0.0,0,0,0.0,False
2004-09-01,4.13,2.53,1.65,1.61,0.17,6352.3,2160148.3,1366512.48,886.8199,5.4,132089,12621.706,4.6,93.7467,95.5578,78.5109,45.95,147.7,1905.0,2041.0,94.2,189.8,80.104,0,2.8000000000000003,1.7700000000000005,0.3999999999999999,0.013722311433466805,0.03187416759237127,0.09756097560975618,0.029784524146032165,0.039553122998984946,0.0,0.42260208926875586,0.07246376811594213,0.1042007637752318,0.04577822990844349,0.1666666666666667,0.034501391845423335,0.04602491813649534,0.05739283087275471,-0.029328647468958358,0.025474254742547275,0.02391167919671111,0.07390817469204936,0.013800556738169331,-0.027152748503466162,0.0,0.12886977078218698,0.002201308645384037,-0.004061306840194234,0.3654986081545766,0.0,0.04203400709967808,1.4045257452574527,0.4335033286363481,-1.0359028216999633e-05,0.0,0.0,0,0,0.0,False
2004-10-01,4.1,2.58,1.76,1.76,0.44,6379.9,2176719.34,1380022.85,889.5493,5.5,132429,12628.422,4.5,94.5465,96.5274,79.1635,53.13,150.0,2072.0,2097.0,91.7,190.8,80.448,0,2.48,1.6,0.6000000000000001,0.014103430273623374,0.03163739920622066,0.09523809523809512,0.02448803847620762,0.0314883199284981,0.0,0.6242488511841642,0.06642599277978323,-0.01753481175863847,0.040795512493625674,0.3166666666666667,0.04478618421052638,0.05009866871262392,0.05845139696377255,-0.014597913190113276,0.025391680172879516,0.022739169847937557,0.07411630558722915,0.02687171052631583,0.0033543151829791285,0.0,0.12424469840730731,0.0017518717343028012,1.7724850689626592e-05,0.5552138157894737,0.0,0.042478906381008485,1.5846083198271206,0.586284999237279,0.0035130828971239314,0.0,0.0,0,0,0.0,False
2004-11-01,4.19,2.85,2.07,1.93,0.04,6406.3,2183746.35,1386561.38,897.9123,5.4,132503,12595.005,4.4,94.7813,96.5183,79.3296,48.46,151.4,1782.0,2079.0,92.8,191.7,80.758,0,2.34,1.5199999999999996,0.75,0.015256173383727312,0.028250122196294303,0.04651162790697683,0.03195748461556924,0.04117907834886747,0.0,0.7517309594460932,0.07681263460157917,0.053380782918149405,0.04224652087475156,0.3033333333333334,0.05101973575829466,0.053848706782213984,0.06158877622618397,0.0026153341037471467,0.03190914007571655,0.02700011489410592,0.0234375,0.038264801818720995,-0.0019697705873855664,0.0,0.1260059738703807,0.002428176087592604,0.005108930260526057,0.6989802642417053,0.0,-0.004812622196294303,1.7280908599242835,0.49748661387093573,0.00628717368766285,0.0,0.0,0,0,0.0,False
2004-12-01,4.23,3.01,2.19,2.16,0.85,6424.3,2192246.17,1392693.99,906.4778,5.4,132630,13020.595,4.5,95.5365,97.33,79.9179,43.33,150.2,2042.0,2082.0,97.1,191.7,80.801,0,2.1200000000000006,1.3400000000000003,0.9299999999999999,0.015504291845493512,0.01964221137356792,-0.022222222222222143,0.02763005391785356,0.03164905357465431,0.0,0.558700546799614,0.08999280057595382,-0.14450312049927994,0.08394160583941601,0.2166666666666667,0.05444819356431574,0.056787773368708994,0.06544469220219762,0.017973984029625134,0.03621621621621607,0.029656262749897966,-0.009605122732123883,0.050636820014813635,-0.24870388427451173,0.0,0.1203900795416631,0.0017819804120267069,-0.0021544702281786066,0.8755518064356842,0.0,-0.029247334105691802,1.8937837837837839,0.4892580385263312,0.010762855232213653,0.0,0.0,0,0,0.0,False
2005-01-01,4.22,3.22,2.33,2.28,0.19,6429.9,2196777.63,1392141.86,921.2664,5.3,132781,12665.162,4.6,95.8801,97.9499,80.1494,46.84,150.9,2144.0,2139.0,95.5,191.6,80.907,0,2.0400000000000005,1.2200000000000006,1.1800000000000002,0.015629187757008722,0.05370357047566876,0.0,0.03551152067738861,0.041480522398839925,0.0,0.34774494556765156,0.07670250896057329,-0.007292173067574126,0.047810770005032754,0.44333333333333336,0.05775911747756646,0.05530357850374079,0.0638541425614092,0.02584432790386404,0.033423180592991875,0.027937154125055708,0.048596112311015016,0.06815575862352843,0.010242638691064343,0.0,0.11281930014763124,0.0015257574833853482,0.01102348220118099,1.1222408825224337,0.0,-0.005107458164653744,2.126576819407008,0.5419684995798875,0.005204909791116874,0.0,0.0,0,0,0.0,False
2005-02-01,4.17,3.38,2.54,2.5,0.4,6437.7,2211558.71,1407451.42,931.5659,5.4,133034,12674.095,4.6,96.5761,98.8565,80.6584,47.97,151.6,2207.0,2114.0,94.1,192.4,81.132,0,1.8899999999999997,0.9999999999999996,1.2799999999999998,0.015486861023585874,0.02693319830260199,0.022222222222222143,0.037656681883018184,0.04914097812814644,0.0,0.3667931135103588,0.06718528995756712,0.12192569335426473,0.09579918032786883,0.36000000000000004,0.05732326969562429,0.05197411791684936,0.05659759211070403,0.05142719927834283,0.028448738593666034,0.0253203056685547,-0.07996146435452789,0.07337378521039908,0.06854491043611532,0.0,0.09823108286284528,0.00023068763985856222,0.005699197267448941,1.2226767303043755,0.0,-0.10689466265712988,2.251551261406334,0.5234604014820505,-0.0018745888653646237,0.0,0.0,0,0,0.0,False
2005-03-01,4.5,3.73,2.74,2.63,-0.28,6446.6,2220199.19,1415559.22,945.7984,5.2,133154,12716.359,4.5,96.4456,98.3855,80.4638,54.31,153.7,1864.0,2062.0,92.6,193.1,81.375,0,1.63,0.79,1.49,0.016916244333860853,0.02630699710362361,0.022222222222222143,0.03892187869790664,0.05115050081874806,0.0,0.38082901554404125,0.06685432793807178,0.19555796316359686,0.07527975584944047,0.48000000000000004,0.05179146176090965,0.0554651417109151,0.06385089113607312,0.06553521656457773,0.030530262453133394,0.02598732880610055,-0.0031779661016950733,0.07716927802375538,0.3400610836628768,0.0,0.09040818098879161,0.0014119524883673407,0.011291824780053084,1.4382085382390903,0.0,-0.02948496320531868,2.4694697375468664,0.5756859537630825,-0.0013226316577938935,0.0,0.0,0,0,0.0,False
2005-04-01,4.34,3.65,2.78,2.79,0.57,6461.4,2232535.38,1421976.98,958.728,5.2,133520,12759.492,4.5,96.6532,98.811,80.5421,53.04,155.0,2061.0,2150.0,87.7,193.7,81.603,0,1.7599999999999998,0.77,1.63,0.015357633063901144,0.026018881570942565,-0.021739130434782483,0.04168552298887196,0.04665536878230725,-0.1945999999999941,0.47742110990206754,0.07407407407407396,-0.06706706706706711,-0.0019361084220715918,0.10333333333333337,0.04715494696489775,0.05236659520822173,0.06302915685511645,0.08777713895266603,0.032068412613575736,0.02747509438250484,-0.03340292275574119,0.07686256355278333,-0.059774893999492984,0.0,0.09216520756647024,-0.0002715546931075785,0.006174002311483351,1.5828450530351021,-0.1945999999999941,-0.05942180432668376,2.597931587386424,0.4713547679794159,-0.002936983295519058,0.0,0.0,0,0,0.0,False
2005-05-01,4.14,3.64,2.84,3.0,-0.02,6480.6,2232671.52,1423459.97,968.5401,5.1,133689,12815.998,4.4,96.7402,99.0631,80.5094,49.83,154.3,2025.0,2085.0,86.9,193.6,81.649,0,1.56,0.69,1.79,0.016041153014945353,0.026188884339484853,0.0,0.04006456472613795,0.04815124793548864,-0.11629999999999541,0.4456255110384302,0.07044198895027609,0.02895656515227163,0.03864734299516903,0.23,0.042413487133984074,0.05671335924610599,0.06342960732876679,0.10873662879200974,0.03361792956243326,0.02844503818718014,-0.06900212314225052,0.07592014196983149,-0.0929691282019931,0.0,0.08847284042392535,0.000554291991359479,0.0024078828431197685,1.747586512866016,-0.11629999999999541,-0.09519100748173537,2.756382070437567,0.5048308090312328,0.004739241329256627,0.0,0.0,0,0,0.0,False
2005-06-01,4.0,3.64,2.97,3.04,0.41,6513.2,2247833.43,1433651.78,974.9109,5.0,133948,12849.466,4.4,97.1753,99.3453,80.7567,56.26,154.3,2068.0,2178.0,96.0,193.7,81.7,0,1.2999999999999998,0.49999999999999956,2.0,0.015125629285405173,0.02532651286286547,-0.04347826086956508,0.03353479064927534,0.04334715853198712,-0.1490000000000009,0.23709036742800382,0.05108991825613085,0.02221100454316005,-0.03023255813953485,0.09000000000000001,0.03240298222137272,0.05273024595005249,0.060107570244807285,0.12273715811692609,0.02869287991498415,0.025689663835988252,-0.03658536585365846,0.06480596444274545,-0.1733469586204368,0.0,0.06854931973506823,-0.0017906150484556793,-0.0053870880486313055,1.9675970177786273,-0.1490000000000009,-0.06191187871652393,2.971307120085016,0.5018373825381497,-0.00273489576086261,0.0,0.0,0,0,0.0,False
2005-07-01,4.18,3.87,3.22,3.26,-0.05,6545.1,2257230.94,1442322.48,989.8863,5.0,134300,12868.735,4.4,96.8676,98.995,80.3802,58.7,156.3,2054.0,2203.0,96.5,194.9,82.046,0,1.0299999999999998,0.3599999999999999,2.01,0.01634368787653462,0.026977871743275816,-0.04347826086956508,0.046347083589064475,0.05442849076389433,0.0,0.47974750131509714,0.04823369565217406,0.1312910284463895,0.07821782178217829,0.32,0.03724937493032665,0.056317958837962534,0.06333622939090033,0.1218674597862941,0.02541026998411855,0.023411957760769653,0.004184100418409997,0.07487124360995656,0.19835809551345662,0.0,0.0580074976031014,0.0009860548126334745,0.004661560600192516,1.9727506250696731,0.0,-0.02279377132486582,3.0145897300158815,0.41665814262945755,0.003951363629740801,0.0,0.0,0,0,0.0,False
2005-08-01,4.26,4.04,3.44,3.5,0.21,6576.7,2267044.88,1449202.47,995.7735,4.9,134502,12891.416,4.5,97.1833,99.5311,80.5172,64.97,157.6,2095.0,2219.0,89.1,196.1,82.377,0,0.9599999999999995,0.3099999999999996,1.9999999999999998,0.018550821363022774,0.0248952166616081,-0.04347826086956508,0.03529849334526092,0.041497896909646004,-0.37649999999999295,0.4426148930941265,0.060379918588873815,0.025974025974025983,0.043087121212121104,0.11333333333333336,0.04017608823482677,0.056215598069111694,0.06759160321314073,0.12714275661555074,0.03067160232681121,0.02679431825292533,-0.0020682523267838704,0.08035217646965352,-0.0029825391782456467,0.0,0.0539669741463472,0.0025096683480774207,-0.004766071380877035,1.959823911765173,-0.37649999999999295,-0.02696346898839197,3.2293283976731884,0.4729463272356216,-0.0004977611769942936,0.0,0.0,0,0,0.0,False
2005-09-01,4.2,3.95,3.42,3.62,-0.62,6610.2,2271633.28,1451981.53,1000.9306,5.0,134552,12850.144,4.5,95.3005,98.3893,78.8319,65.57,162.2,2151.0,2263.0,76.9,198.8,83.172,0,0.8199999999999998,0.21999999999999975,2.0700000000000003,0.01942564366866506,0.022623272856847843,0.0,0.03797594088074363,0.04264172092121865,-0.2394999999999925,0.4457053849577215,0.06486486486486487,0.035079051383399174,0.07928015564202329,0.19000000000000003,0.040995932063883966,0.057669000030194484,0.068399738530031,0.12777863601068784,0.03646934460887952,0.030408025417156592,-0.07090719499478637,0.08486157937223983,0.012868046840239122,0.0,0.04728858002475947,0.004300014383259887,0.004441150231468294,2.0290040679361163,-0.2394999999999925,-0.09353046785163421,3.4635306553911205,0.4922235353061044,0.004938754080141994,0.0,0.0,0,0,0.0,False
2005-10-01,4.46,4.27,3.71,3.78,0.66,6644.0,2276843.14,1455760.47,1014.7027,5.0,134641,12925.11,4.6,96.4572,99.8738,79.6607,62.37,166.2,2065.0,2170.0,74.2,199.1,83.305,0,0.7800000000000002,0.25,2.01,0.018646518635162757,0.018098821189465264,-0.021739130434782483,0.016574450087309733,0.02963128075363808,-1.9247999999999905,0.4269858541893361,0.09817197020988488,0.12913385826771662,0.10877021068103865,-0.1533333333333333,0.04059946790926117,0.051609873266571515,0.06254538560818701,0.12867404080580513,0.04741833508956805,0.03830020972735437,-0.1836518046709129,0.08160493049761494,-0.002157170178672896,0.0,0.040255701147925795,0.0023028307586281382,-0.02977263350175474,1.9694005320907386,-1.9247999999999905,-0.20175062586037817,3.572581664910432,0.5579919348945506,-0.004708085571391019,0.0,0.0,0,0,0.0,False
2005-11-01,4.54,4.42,3.88,4.0,0.75,6660.6,2283661.27,1457783.19,1022.945,5.0,134997,13010.071,4.6,97.5414,100.8416,80.426,58.3,163.7,2147.0,2218.0,81.6,198.1,83.131,0,0.75,0.1900000000000004,2.0199999999999996,0.01670329006486493,0.02349367165588867,0.022222222222222143,0.020209103457029087,0.034667876685790855,-1.0959999999999894,0.17391304347826075,0.10799999999999987,-0.0033783783783783994,0.03481163567000478,0.08333333333333337,0.04139563316039441,0.04599756990260406,0.05488142460829537,0.14069304534329907,0.04350104821802936,0.03551362370723954,-0.19083969465648853,0.08361917898399668,-0.029352404352404382,0.0,0.03449817742695305,-0.0018475312981578451,-0.01508938988823183,1.9786043668396052,-1.0959999999999894,-0.2143333663123772,3.7364989517819707,0.5071705541087823,-0.010218028166507631,0.0,0.0,0,0,0.0,False
2005-12-01,4.47,4.4,3.89,4.16,0.33,6687.4,2290928.13,1461409.78,1036.2261,4.9,135159,13055.374,4.6,98.0452,100.9959,80.7109,59.43,163.0,1994.0,2120.0,91.5,198.1,83.131,0,0.6600000000000001,0.1200000000000001,2.0700000000000003,0.01882221534606754,0.032954810260099165,0.04545454545454519,0.029120723180627417,0.044792541932462626,-0.3306999999999931,0.20305406520841918,0.08124174372523107,0.2048260381593714,0.06685906685906695,0.26333333333333336,0.039695299939122464,0.045753903606982504,0.05136578230673061,0.1392482317036976,0.03338549817423053,0.02938408578716656,-0.12068965517241381,0.08216927087398351,0.16974698677597222,0.0,0.030197576380608458,-0.0006034283225975212,-0.008855217700116214,2.030304700060878,-0.3306999999999931,-0.15364446543251298,3.9666145018257692,0.5030838464346488,-0.01191509642321198,0.0,0.0,0,0,0.0,False
2006-01-01,4.42,4.4,4.24,4.29,0.48,6728.4,2367471.08,1487893.96,1048.5948,4.7,135427,13214.527,4.6,98.1999,101.7914,80.7078,65.51,164.3,2273.0,2212.0,91.2,199.3,83.534,0,0.5799999999999996,0.0699999999999994,2.0,0.019068084143858854,0.002671076091376845,0.022222222222222143,0.026259073757150198,0.037664646049522243,-0.04579999999999984,0.37156704361873993,0.08521970705725712,-0.02350636630754166,0.018251681075888593,0.5800000000000001,0.040953878243543906,0.045014087081287846,0.049340192815795936,0.14313455883861703,0.03338549817423053,0.028836276778752667,-0.057672502574665274,0.08190775648708781,-0.15264022457525828,0.0,0.026108170507146932,0.0004215655086960979,0.009684623669840464,1.959046121756456,-0.04579999999999984,-0.06034357866604212,4.126614501825769,0.5540328369153373,-0.00659578618528367,0.0,0.0,0,0,0.0,False
2006-02-01,4.57,4.67,4.43,4.49,0.1,6753.1,2374977.32,1489687.58,1058.1951,4.8,135733,13283.182,4.6,98.2413,101.5006,80.6111,61.63,161.8,2119.0,2141.0,86.7,199.4,83.584,0,0.17999999999999972,0.019999999999999574,2.0100000000000002,0.019927549875358608,0.04337607367359375,0.0,0.024194801632455576,0.03921902932009114,-0.04889999999998906,0.39859094790777116,0.08880053015241884,0.060167910447761264,0.03412809724170174,0.52,0.04642373909392061,0.07770174262016694,0.06878041868520479,0.13821018545775687,0.04018789144050117,0.03246937842213904,-0.04502617801047115,0.09331171557878044,0.06354628882613966,0.0,0.013986313671630026,0.0032242598104936793,0.003985698175426489,1.9635762609060796,-0.04889999999998906,-0.0884022516840649,4.249812108559499,0.513313156777528,0.03170417271756287,0.0,0.0,1,0,0.0,True
2006-03-01,4.72,4.73,4.51,4.59,0.23,6766.9,2385807.89,1497564.31,1068.505,4.7,136038,13340.072,4.5,98.4628,101.4364,80.6609,62.9,162.2,1969.0,2118.0,88.9,199.7,83.746,0,0.14000000000000057,-0.09999999999999964,1.9900000000000002,0.02028804666476236,0.0480576325173514,0.0,0.017242361205308532,0.02674685023240775,-0.14560000000000173,0.28476130915155307,0.06728232189973626,-0.03987313094698686,0.012771996215704906,0.3033333333333334,0.04899265265545161,0.0738929557967738,0.058429128587614176,0.1359315535272383,0.0363825363825363,0.030222353695212645,-0.0786397449521784,0.0974953787843487,-0.24469916910635825,0.0,0.010345013811548374,0.0014658313186948213,-0.011878361975318885,1.9410073473445486,-0.14560000000000173,-0.1266973774695298,4.453617463617464,0.48700296179169467,0.02813905218979129,0.0,0.0,1,0,0.0,True
2006-04-01,4.99,4.89,4.6,4.79,-0.09,6806.3,2397680.6,1504153.67,1085.0964,4.7,136210,13347.045,4.5,98.7618,101.8079,80.7713,69.69,164.3,1821.0,1998.0,87.4,200.7,84.135,0,0.20999999999999996,-0.010000000000000675,1.96,0.021659131531910347,0.04904808050795051,0.0,0.02091541760329152,0.03100965081236584,-0.095799999999997,0.15816608359418138,0.05530253741054003,0.05633047210300424,0.027158098933074637,0.27,0.049685105326838785,0.07459182074559734,0.057931232294188284,0.12973864197697949,0.03417918177110302,0.029136712749615823,-0.03995680345572339,0.09738280644060401,0.0798368384105459,0.0,0.015664282356575437,0.002591047388051493,-0.005343656153858678,1.9103148946731612,-0.095799999999997,-0.0890048839636739,4.555820818228897,0.42920631640312745,0.02957773366430949,0.0,0.0,1,0,0.0,True
2006-05-01,5.11,4.97,4.72,4.94,0.02,6815.7,2407161.45,1507690.12,1103.1805,4.6,136249,13336.874,4.5,98.7869,101.5902,80.6521,70.94,165.8,1942.0,1905.0,79.1,201.3,84.361,0,0.39000000000000057,0.10000000000000053,2.0,0.020146794487717168,0.0460483066253734,0.0,0.021816142662632876,0.030329619171954425,0.0,0.31391402714932126,0.06000000000000005,-0.11644832605531297,-0.07069767441860464,0.08000000000000004,0.05337852477791194,0.07397205055715639,0.05779045030672725,0.1318083961248655,0.03613835828600931,0.03102827101944805,-0.0034207525655644,0.10675704955582388,-0.17661623650307423,0.0,0.02884909971729103,0.00021924461235856008,-0.0023786589698227,1.946621475222088,0.0,-0.0494690591909378,4.753861641713991,0.5040495331544923,-0.003729692063010548,0.0,0.0,0,0,0.0,False
2006-06-01,5.11,5.12,4.79,4.99,0.03,6854.0,2395813.18,1498329.88,1118.6426,4.6,136337,13353.303,4.5,99.0997,101.9267,80.7601,70.96,166.1,1802.0,1867.0,84.9,201.8,84.569,0,0.39000000000000057,0.14000000000000057,1.9400000000000004,0.019148920255219304,0.04064264054972555,0.022727272727272707,0.021156664964513183,0.025510003220169608,-0.1191999999999922,0.4236403772827615,0.07453013609850934,-0.04098765432098761,-0.08633093525179858,0.05333333333333337,0.05170817516896564,0.07815297881347094,0.05917282661626255,0.1390137589553595,0.03977272727272729,0.03321534862643749,-0.08975834292289997,0.10031385982779337,-0.0011145233740007532,0.0,0.03047966173725371,-0.0011391264095430564,0.0039143037592046515,1.8882918248310347,-0.1191999999999922,-0.13040098347262552,4.900227272727273,0.44660980910980896,0.004260023016697145,0.0,0.0,0,0,0.0,False
2006-07-01,5.09,5.12,4.95,5.24,-0.28,6896.1,2403099.25,1504422.61,1131.0298,4.7,136529,13342.387,4.6,99.0489,101.6573,80.5643,74.41,166.8,1737.0,1763.0,84.7,202.9,84.858,0,0.3200000000000003,-0.009999999999999787,1.9500000000000002,0.017835279362140577,0.039210734516127,0.022727272727272707,0.01980338625144462,0.025984118020681457,-0.01120000000000232,0.2612868823320298,0.07647440051847032,-0.12862669245647973,-0.14279155188246095,-0.013333333333333294,0.05232451022538842,0.06583216888984511,0.04511423269045145,0.14743060109390504,0.041817243159525175,0.03511627906976744,-0.11562499999999998,0.10203279493950743,-0.18495716455948397,0.0,0.021066294044750453,-0.0038238521697697703,-0.0011120313518468983,1.8976754897746118,-0.01120000000000232,-0.15483573451612698,4.948182756840475,0.392361938611578,-0.008759651855752226,0.0,0.0,0,0,0.0,False
2006-08-01,4.88,4.9,4.96,5.25,0.18,6926.4,2415732.03,1511807.75,1152.1478,4.7,136692,13329.621,4.4,99.4836,102.4705,80.754,73.05,167.9,1650.0,1722.0,82.0,203.8,85.125,0,0.13999999999999968,-0.03000000000000025,1.9800000000000004,0.016597170513775072,0.03680641492734127,0.04545454545454519,0.02251836527383766,0.026893277438254426,-0.20699999999999363,0.2676320272572401,0.06717850287907878,-0.1543330087633885,-0.19972764412165234,-0.07666666666666665,0.05362790484484581,0.06462267879422212,0.043055648692378545,0.1425855676555985,0.041046690610569536,0.034273456353752785,-0.122279792746114,0.10618325159279472,-0.037884682708075545,0.0,0.009047175031191077,-0.0035496239739420954,0.0007022226112047836,1.9263720951551546,-0.20699999999999363,-0.15908620767345527,5.198953309389431,0.44509166767543995,-0.009349371762934267,0.0,0.0,1,0,0.0,True
2006-09-01,4.72,4.77,4.81,5.25,0.0,6952.8,2426813.23,1518998.89,1151.161,4.5,136826,13408.301,4.2,99.3183,102.5967,80.4492,63.87,165.4,1720.0,1655.0,85.4,202.8,84.902,0,-0.08000000000000007,-0.020000000000000462,1.75,0.016282285765267357,0.033991999017020325,-0.022222222222222143,0.023669704568583194,0.029532477788349665,-0.017299999999991655,0.1243650915807295,0.06535532994923865,-0.2124105011933174,-0.2239747634069401,-0.023333333333333307,0.053172563747776236,0.0655863284012268,0.04319981596498379,0.15703802119658739,0.03926568077511483,0.03335882588586636,-0.07968574635241299,0.09305198655860841,-0.17142284687232978,0.006400000000000012,-0.005246906272098149,-0.002866634489951947,0.002513039604070011,1.6968274362522238,-0.017299999999991655,-0.11367774536943331,5.210734319224885,0.3105070464976123,-0.01256665041224414,1.0,0.0,1,1,0.0,True
2006-10-01,4.73,4.8,4.92,5.25,-0.27,7002.1,2429399.86,1517785.34,1161.5644,4.4,136843,13479.95,4.2,99.2044,102.1083,80.1804,58.88,162.2,1491.0,1570.0,93.6,201.9,84.702,0,-0.08999999999999986,-0.04999999999999982,1.63,0.016900529163446087,0.04343585566045016,-0.06666666666666665,0.042159275134967755,0.04276278009905532,-0.32209999999999184,-0.0259264907732194,0.019728729963008673,-0.20037192003719195,-0.26866990720282813,-0.03333333333333331,0.051828991558500626,0.06831206047483174,0.046155793731067485,0.15009072557078396,0.02012072434607637,0.020800269321406217,0.1105331599479844,0.08448125624035602,-0.07174522758071222,0.008099999999999975,-0.006148085442734846,-0.0009347501986944895,0.022355888883523134,1.5781710084414993,-0.32209999999999184,0.06709730428753424,5.229879275653923,0.28169651881344837,0.0024798915849866265,1.0,0.0,1,1,0.0,True
2006-11-01,4.6,4.74,4.94,5.25,-0.11,7037.3,2440749.07,1523402.89,1170.3828,4.5,137060,13547.935,4.1,99.1627,102.2234,79.9663,59.37,164.6,1570.0,1535.0,92.1,202.0,84.731,0,-0.1899999999999995,-0.0699999999999994,1.4700000000000002,0.016354602238545457,0.04292729423579367,-0.08695652173913038,0.028481025781383007,0.02237323502259847,-0.5908999999999907,-0.055956389289722575,-0.024067388688327362,-0.2779661016949152,-0.2764976958525346,-0.02999999999999997,0.0538982540638171,0.0670036144870303,0.042606507923655945,0.1447337234837356,0.014063284781516971,0.0167697016985775,0.2614555256064688,0.07923043347381115,-0.12363309293152669,0.03609999999999981,-0.012730686752535723,-0.00024256827522961544,0.005962660507545348,1.416101745936183,-0.5908999999999907,0.21852823137067512,5.235936715218483,0.03698340582905235,0.0023809356928081726,1.0,0.0,1,1,0.0,True
2006-12-01,4.56,4.67,4.85,5.24,0.78,7079.3,2456715.7,1532838.92,1182.6503,4.4,137249,13627.346,4.2,100.1735,103.7877,80.5985,62.03,165.6,1649.0,1638.0,91.7,203.1,85.032,0,-0.34000000000000075,-0.14000000000000057,1.25,0.01528182107750542,0.04134212641883339,-0.10869565217391308,0.016621660136106442,0.013702678259765788,-0.8049999999999926,0.018353344768439195,0.005497861942577842,-0.26874708896134136,-0.3079350766456267,-0.12666666666666662,0.05655646638440981,0.0687876972227146,0.04501334660060108,0.14413072061547783,0.01968702675416467,0.019246731063020883,0.12867647058823528,0.07069558298051226,-0.05633658776802397,0.11560000000000051,-0.023387817055723018,-0.0010004646877619372,-0.007048044432476752,1.1934435336155902,-0.8049999999999926,0.08733434416940189,5.2303129732458356,0.01957865402095038,0.0032013688214878044,1.0,0.0,1,1,0.0,True
2007-01-01,4.76,4.88,4.98,5.25,-0.48,7115.6,2457945.58,1530316.12,1192.1698,4.6,137472,13651.743,4.1,99.8346,103.433,80.1452,54.57,164.0,1409.0,1626.0,96.9,203.437,85.316,0,-0.29000000000000004,-0.11000000000000032,1.08,0.015463269186661632,0.04381123053234637,-0.08695652173913038,0.021707334984272686,0.02764270628807708,-0.17279999999999518,0.04374894834258791,0.01595092024539868,-0.17301905717151456,-0.22735849056603774,0.1333333333333334,0.05860274546161448,0.07236698865799873,0.048876872850816655,0.1413052614675503,0.025239777889954462,0.022867522344251823,0.002185792349726823,0.06329096509854365,0.027352862865677396,0.08410000000000002,-0.020986426710819635,-0.0014372599767844552,-0.02045194015069507,1.0213972545383856,-0.17279999999999518,-0.041625438182619545,5.214760222110046,-0.015119053543877214,0.004054928183166995,1.0,1.0,1,1,1.0,True
2007-02-01,4.72,4.85,5.03,5.26,0.2,7131.9,2470049.92,1536694.12,1204.7451,4.5,137560,13711.191,4.1,100.7753,103.7703,80.7218,59.26,166.8,1480.0,1598.0,91.3,204.226,85.581,0,-0.22000000000000064,-0.1200000000000001,0.96,0.015100386185915582,0.03308601208351991,-0.10869565217391308,0.016646656462990128,0.01612709914590038,-0.6260999999999939,-0.16699740497633953,-0.0018259281801583649,-0.38011438627364713,-0.2649186256781193,0.0633333333333334,0.05754711372688903,0.03821567273379323,0.02851154796004418,0.13692133510484683,0.020757651781234232,0.02133263102449301,0.0625,0.05524522917781347,-0.10214828457873193,0.04840000000000028,-0.008407448001434534,-0.0012542160526298751,-0.011834369318392879,0.9024528862731109,-0.6260999999999939,0.02941398791648009,5.229242348218766,-0.006694366999717261,-0.028787941753237067,1.0,1.0,1,1,1.0,True
2007-03-01,4.56,4.57,4.94,5.26,0.24,7164.7,2484433.18,1545969.6,1215.5346,4.4,137784,13762.811,4.3,100.9547,104.6813,80.6932,60.56,169.3,1495.0,1596.0,88.4,205.288,85.894,0,-0.3100000000000005,-0.1299999999999999,0.7699999999999996,0.01346024916564148,0.032221872741034385,-0.10869565217391308,0.025793632616832207,0.022361444168802924,-0.04949999999999477,-0.03845529774460499,0.030902348578492056,-0.30155733836715437,-0.25361980382998595,0.16666666666666674,0.05609275740030495,0.04003095069556295,0.031554629729812156,0.13849052977092802,0.02420260782347028,0.02389213246554367,0.053056516724336644,0.04319142319823479,-0.03281024940581301,0.09610000000000031,-0.012409594715624535,-0.0018215719118639395,0.009171972480725765,0.7139072425996946,-0.04949999999999477,0.02083464398330226,5.235797392176529,0.005484418930693735,-0.028756746527151655,1.0,1.0,1,1,1.0,True
2007-04-01,4.69,4.67,4.87,5.25,-0.09,7239.9,2493729.77,1552343.26,1226.4807,4.5,137847,13784.697,4.2,101.6334,105.3577,81.0737,63.97,171.4,1490.0,1470.0,87.1,205.904,86.096,0,-0.3800000000000008,-0.010000000000000675,0.6699999999999999,0.012834649142151378,0.0316894091726041,-0.04444444444444451,0.025308035115800154,0.031989502782038715,-0.07809999999999206,-0.037201907790142985,0.043773119605425626,-0.24073133570340277,-0.2464589235127479,-0.013333333333333289,0.05878615023127276,0.041338319993568406,0.03232267868349514,0.13760309965793316,0.027981972959439272,0.02564898622023759,-0.0056242969628796935,0.039386720654952745,-0.06771227853188821,0.14440000000000058,-0.01570856159755603,-0.0026286200445102548,0.003600700131527468,0.6112138497687272,-0.07809999999999206,-0.03731370613548379,5.23201802704056,0.017257804930514098,-0.031028668664430326,1.0,1.0,1,1,1.0,True
2007-05-01,4.75,4.77,4.73,5.25,0.05,7257.1,2510016.06,1559390.02,1244.5709,4.4,137992,13791.861,4.2,101.7306,105.3756,81.0044,63.46,173.3,1415.0,1493.0,88.3,206.755,86.346,0,-0.17999999999999972,0.020000000000000462,0.45999999999999996,0.012018207180089613,0.03279017939926021,-0.06666666666666665,0.029076019270608766,0.03486762815066413,0.0,-0.08207777299469077,0.04321363359707853,-0.1817682591982427,-0.2642642642642643,0.1166666666666667,0.06370568443941638,0.04005920137986685,0.03203767737374874,0.13029653402223085,0.025929247633283525,0.023307779164438047,-0.003432494279176357,0.02930461484213153,0.19834612707540444,0.0323999999999999,-0.007210656248376021,-0.003082179005825969,0.012429362807618638,0.3962943155605836,0.0,-0.03622267367843657,5.224070752366717,-0.005171595852049293,0.0018435286460736222,1.0,1.0,1,1,1.0,True
2007-06-01,5.1,4.98,4.61,5.25,-0.02,7290.6,2519121.04,1565195.95,1263.7395,4.6,138070,13786.416,4.3,101.7893,105.8434,80.9238,67.48,173.8,1448.0,1407.0,85.3,207.234,86.529,0,0.019999999999999574,-0.019999999999999574,0.3099999999999996,0.012792754442234378,0.03411496577083972,-0.06666666666666665,0.029798485426711263,0.03726146813373732,-0.06929999999999836,-0.10544121793064554,0.04523522316043427,-0.2713697219361483,-0.21627296587926514,0.06666666666666671,0.0647622401220711,0.04272858806375446,0.03429079975665017,0.1281661523204951,0.02709885742672613,0.02352983013477794,0.1163084702907713,0.020076294437842018,0.030187616431006092,0.0,0.0008545717612750709,-0.0006674947234071027,0.004004852809879056,0.2452377598779285,-0.06929999999999836,0.08219350451993157,5.222901142573274,-0.012896249603254972,0.002697637368191508,0.0,1.0,1,0,1.0,True
2007-07-01,5.0,4.82,4.82,5.26,-0.4,7321.8,2533667.67,1575345.36,1282.1926,4.7,138044,13795.953,4.2,101.6672,105.9225,80.7255,74.18,175.1,1354.0,1361.0,90.4,207.603,86.661,0,0.4899999999999993,0.11999999999999922,0.2599999999999998,0.012711149577884218,0.032434896444722305,-0.04444444444444451,0.027140344521729087,0.0384266340419146,-0.14990000000000236,-0.049041713641488016,0.04635761589403975,-0.19644839067702558,-0.2463845741831816,-0.019999999999999962,0.06370002918004092,0.05146806146212102,0.04462706837295416,0.1297080050411097,0.02692765113974227,0.023176341212501006,0.004711425206124664,0.016562007586810625,0.044282945026377196,0.0,0.025219350116439262,-0.0001234995642671599,0.0018323094059289335,0.19629997081995887,-0.14990000000000236,-0.02772347123859764,5.223072348860258,-0.008945678180301897,0.010129741468552611,0.0,1.0,0,0,0.0,False
2007-08-01,4.67,4.31,4.2,5.02,-0.08,7397.0,2552767.07,1584541.45,1307.4676,4.6,138013,13795.066,4.2,101.863,105.6772,80.8082,72.39,172.4,1330.0,1321.0,83.4,207.667,86.72,0,0.17999999999999972,0.17999999999999972,0.019999999999999574,0.011096543591471386,0.03399436697496472,-0.08695652173913038,0.026434417747193573,0.041956652399778305,-0.3482000000000056,-0.0030909823948392923,0.049760191846522694,-0.22049510650546922,-0.22802041973908116,-0.1233333333333333,0.06173054335058947,0.05433334474221141,0.04714283707820632,0.133650589931406,0.023178905864958077,0.021247260128685497,0.06729634002361284,0.001234610867011763,-0.03872684730722653,0.0,0.009780002053598039,-0.0009216635886182267,-0.0026416015234151935,-0.0417305433505899,-0.3482000000000056,0.033301973048648126,5.236821094135042,0.012750341768325235,0.01427414336234456,0.0,1.0,1,0,1.0,True
2007-09-01,4.52,4.01,3.89,4.94,-0.08,7413.8,2566995.36,1591495.59,1349.9739,4.7,138099,13813.791,4.2,102.0894,106.0198,80.9387,79.93,173.5,1183.0,1261.0,83.4,208.547,87.054,0,0.46999999999999975,0.3600000000000003,-0.23000000000000043,0.009664062271383944,0.0349180970711771,-0.045454545454545525,0.023917510021752353,0.03129388458141613,-0.26550000000000296,-0.00903490759753589,0.026801667659321016,-0.19393939393939397,-0.23286875725900114,-0.16666666666666663,0.06794294294294301,0.056726093084090934,0.04811041615575795,0.134808919480643,0.01897448478900876,0.01873715124816444,0.017073170731707332,-0.01562687687687692,0.07743032799675431,0.0,0.026661263749522726,-0.0031286921708504334,-0.00588097540495891,-0.29794294294294343,-0.26550000000000296,-0.01784492633946977,5.001025515210991,-0.22187562736228372,0.013997505020336476,0.0,1.0,0,0,0.0,False
2007-10-01,4.53,3.97,3.9,4.76,-0.27,7429.0,2582326.03,1599473.18,1375.0857,4.7,138175,13796.513,4.1,101.8015,105.8942,80.6837,86.2,174.7,1264.0,1192.0,80.9,209.19,87.318,0,0.6299999999999994,0.5099999999999998,-0.3099999999999996,0.009303787291889076,0.030241713696612216,0.0,0.027901202497425004,0.03336462088936587,-0.13500000000000512,0.2514482542664789,0.04897218863361541,-0.3122093023255814,-0.23806646525679753,-0.18666666666666665,0.06630422275917613,0.05776387250039838,0.04772663132097499,0.17270642420999316,0.028338264299802685,0.025346870509528552,-0.023419203747072626,-0.020554309055344576,-0.11576091164855584,0.0,0.03639123967525095,-0.0034073622859951413,0.0007608579756959166,-0.37630422275917574,-0.13500000000000512,-0.05366091744368484,4.911661735700198,-0.31141061316006,0.006295811038277366,0.0,1.0,0,0,0.0,False
2007-11-01,4.15,3.34,3.27,4.49,-0.08,7454.0,2597649.3,1603084.02,1394.2423,4.7,138290,13787.506,4.2,102.3446,106.4614,81.1065,94.62,179.0,1197.0,1224.0,76.1,210.834,87.781,0,0.6300000000000003,0.56,-0.4900000000000002,0.009733782509883548,0.023483989183936238,-0.023809523809523947,0.026179282370540014,0.037077299298881705,-0.39000000000000057,0.46399456521739135,0.07706535141800241,-0.15224681421864517,-0.24076433121019103,-0.1433333333333333,0.060967424058496755,0.06294812662086846,0.05382041705581364,0.1838221798119848,0.03610698365527476,0.0308847488843238,-0.13568376068376053,-0.029874037788663422,0.06824829228682405,0.0,0.03965731977114715,-0.0013627610815878377,-0.0002551353766535591,-0.550967424058497,-0.39000000000000057,-0.15916774986769677,4.723893016344725,-0.5129280777903169,0.008614781878657052,0.0,1.0,0,0,0.0,False
2007-12-01,4.1,3.12,3.0,4.24,-0.45,7482.7,2609476.53,1607851.24,1417.7973,5.0,138395,13846.539,4.0,102.3803,106.6125,81.1425,91.73,178.6,1037.0,1149.0,75.5,211.445,87.984,0,0.8800000000000003,0.8100000000000005,-0.7599999999999998,0.0089741718955203,0.01768321150049812,0.024390243902439046,0.03208767006142432,0.04145821798140159,0.0,0.5937342091965641,0.08748481166464162,-0.23757961783439485,-0.20260586319218243,-0.1433333333333333,0.05921305045969327,0.06428363813736904,0.052304699251292774,0.19127032625564877,0.04373267326732666,0.035996270550330056,-0.17372421281216066,-0.04500191834936688,-0.043640223895000885,0.0,0.05656960156088477,-0.0006898903758636443,0.00817016003967197,-0.8192130504596931,0.0,-0.19140742431265878,4.4462673267326736,-0.554758188478317,0.007557545053278103,0.0,1.0,0,0,0.0,False
2008-01-01,3.74,2.48,2.75,3.94,-0.23,7513.6,2619427.65,1611393.19,1440.6186,5.0,138391,13862.766,4.1,102.2448,106.3605,81.0549,92.95,181.0,1084.0,1094.0,78.4,212.174,88.206,1,1.0999999999999996,0.9799999999999995,-1.0,0.008349787612295989,0.016084790097793178,-0.04761904761904767,0.022029778334589523,0.027217097979818305,0.0,0.4788005803643398,0.0785024154589371,-0.3711340206185567,-0.2985347985347986,-0.26666666666666666,0.05698303504583779,0.06218091495080191,0.048936857631459496,0.1988305418770029,0.04108813392417532,0.03471634208298058,-0.17666303162486374,-0.05698303504583779,-0.0589247182929753,0.0,0.06839900644588208,-0.0009539996795930872,-0.005871424162835481,-1.0569830350458378,0.0,-0.19274782172265692,4.198911866075825,-0.712749869624373,0.00441704245040353,0.0,1.0,0,0,0.0,False
2008-02-01,3.74,1.97,2.12,2.98,-0.8,7600.3,2634496.42,1619551.97,1448.7286,4.9,138329,13877.177,4.0,101.8438,105.5496,80.7602,95.35,182.7,1103.0,1014.0,70.8,212.687,88.382,1,0.9900000000000002,1.2600000000000002,-1.31,0.006684997672253168,0.015457586624652908,0.0,0.024141930753466267,0.028303346127444673,-0.0875999999999948,0.7033168407549937,0.10365853658536595,-0.23066004258339246,-0.32718327183271834,-0.25333333333333335,0.05593344201472816,0.06569798424910611,0.05298060246532588,0.20840051475888766,0.04294695655165981,0.03387406817009708,-0.19091847265221873,-0.0732728090392939,-0.07841322836474729,0.0,0.06504100440661506,-0.0030487848376303806,-0.002037351617073746,-1.3659334420147282,-0.0875999999999948,-0.20637605927687164,3.89705304344834,-0.8268399728963849,0.002749857628237651,0.0,1.0,0,0,0.0,False
2008-03-01,3.51,1.62,1.26,2.61,-0.79,7664.9,2645603.64,1628831.64,1470.4477,5.1,138259,13893.695,4.1,101.5336,105.1411,80.5381,105.56,187.9,1005.0,967.0,69.5,213.448,88.635,1,1.62,1.7700000000000002,-2.28,0.005590287874382094,0.012105877600275594,-0.024390243902438935,0.010602796518591306,0.017146524583623535,-0.38230000000000075,0.6090111373607829,0.0953237410071941,-0.25472972972972974,-0.36545682102628285,-0.49333333333333335,0.06567674813163404,0.06657618482463712,0.05391954646120456,0.20251877347332625,0.04142959270611968,0.032729227281756534,-0.22453450164293542,-0.1497429857401256,-0.017150111895334885,0.0,0.10785341941591214,-0.003383884021138206,-0.021484873542833016,-2.345676748131634,-0.38230000000000075,-0.23664037924321102,2.9385704072938803,-1.5076969194387932,0.002292546687268082,0.0,1.0,0,0,0.0,False
2008-04-01,3.68,2.05,1.29,2.28,-0.67,7711.4,2654243.23,1635711.27,1490.025,5.0,138040,13854.44,4.0,100.8785,104.1184,80.0376,112.57,190.9,1013.0,1008.0,62.6,213.942,88.799,1,2.25,1.8899999999999997,-2.65,0.003447424955002054,0.009509975832698636,-0.04651162790697683,0.005734255066876637,0.004392379536746205,-0.6043999999999983,0.7430647291941876,0.10986414648552856,-0.3277591973244147,-0.3941102756892231,-0.6066666666666666,0.06981450723686966,0.06487212507764051,0.05359875123029578,0.209712746967466,0.03974903550134434,0.03191142571075978,-0.21380090497737558,-0.1850084441777046,0.043374823294141995,0.0,0.14596228142469114,-0.004902362657293935,-0.016295523267712886,-2.71981450723687,-0.6043999999999983,-0.22331088081007422,2.5702509644986558,-1.6286609015771694,0.0026912101268385946,0.0,1.0,0,0,0.0,False
2008-05-01,3.88,2.45,1.73,1.98,-0.84,7728.3,2660193.15,1640556.19,1491.351,5.4,137851,14441.892,3.9,100.2674,103.5516,79.5579,125.39,196.6,973.0,995.0,59.8,215.208,89.18,1,2.39,1.6300000000000003,-2.97,0.0014001030127606118,0.005059451070995591,-0.04761904761904767,-0.007427676334748168,-0.011762785254423758,-1.1049000000000007,0.7597311239643583,0.11376896149358218,-0.3201342281879195,-0.3142857142857143,-0.7533333333333333,0.06512520891172535,0.06436682191110066,0.05370462329317549,0.21487847301633045,0.039037609759888126,0.0313951867682587,-0.28128587830080365,-0.1934218704678243,-0.08947418560452702,0.0,0.15383670436753058,-0.005284894659492556,-0.031569607088214435,-3.0351252089117255,-1.1049000000000007,-0.28634532937179924,2.240962390240112,-1.6560906532082282,-0.0013311623380054538,0.0,1.0,0,0,0.0,False
2008-06-01,4.1,2.77,1.86,2.0,-0.72,7747.3,2662409.52,1643087.46,1498.0892,5.6,137700,14094.894,3.9,100.0335,102.8599,79.3571,133.93,200.5,1046.0,1180.0,56.4,217.463,89.827,1,2.15,1.4299999999999997,-3.27,-0.001021798365122617,0.04713149298705943,-0.07142857142857151,-0.014383086308347726,-0.017309509981437987,-1.5845999999999947,0.9758903246139301,0.13444893248701661,-0.31236749116607776,-0.33355659745478905,-0.7666666666666667,0.06492951730029906,0.05983112713629413,0.05204994835095844,0.1982852885279578,0.04088413823123993,0.03282143932550441,-0.32276330690826727,-0.21231952157197792,-0.05763776143634802,0.0,0.12863692334303237,-0.006612086239504711,-0.024985882826939032,-3.3349295173002993,-1.5845999999999947,-0.3698947998953267,1.93911586176876,-0.9994545455251203,-0.0067450576883429925,0.0,1.0,0,0,0.0,False
2008-07-01,4.01,2.57,1.63,2.01,-1.21,7794.9,2665321.26,1646957.35,1512.6195,5.8,137497,13867.615,3.8,99.676,101.8548,79.0325,133.44,205.5,923.0,921.0,61.2,219.016,90.245,1,2.2399999999999993,1.3299999999999996,-3.25,-0.002679800101397789,0.022375503539135977,-0.09302325581395343,-0.01724935725071297,-0.028187870004175997,-1.7853999999999957,0.9847362181387078,0.15362485615650168,-0.27762430939226523,-0.1613361762615494,-0.7433333333333333,0.06264230653169833,0.05688034744055015,0.04976470198507732,0.18544146163034392,0.04935966105947864,0.038114389395462744,-0.33880422039859315,-0.20358749622801958,0.050134887932149486,0.0,0.1274119782668323,-0.006127225056399843,-0.022983612317589608,-3.312642306531698,-1.7853999999999957,-0.3611797239377291,1.9506403389405214,-0.6196106255581344,-0.007991777637090358,0.0,1.0,0,0,0.0,False
2008-08-01,3.89,2.42,1.72,2.0,-1.26,7808.8,2662237.78,1644807.26,1513.4864,6.1,137211,13780.34,3.7,98.1111,100.5497,77.7251,116.61,199.0,844.0,858.0,63.0,218.69,90.172,1,2.38,1.44,-3.25,-0.003962504708643566,0.005194421871399513,-0.09523809523809534,-0.019585471027037116,-0.038402605678680146,-2.1099999999999994,0.7988676193043944,0.17361507709880075,-0.3183161004431314,-0.3232916972814107,-0.9233333333333332,0.06461525854298111,0.05196166472771857,0.045457962309928046,0.17971317257641317,0.054975120783418374,0.04135655023597695,-0.3230088495575222,-0.20999959026468862,0.0018181277447880673,0.0,0.1236687620519702,-0.005362607721404178,-0.012157794692288948,-3.314615258542981,-2.1099999999999994,-0.3282032714289217,1.9550248792165814,-0.2859375110235305,-0.012405157183382087,0.0,1.0,0,0,0.0,False
2008-09-01,3.69,2.08,1.13,1.81,-2.59,7873.6,2657389.13,1644828.19,1530.8106,6.1,136760,13789.923,3.5,93.7895,96.9448,74.2216,103.9,196.9,820.0,797.0,70.3,218.877,90.247,1,2.17,1.4700000000000002,-3.0199999999999996,-0.005811046785447749,-0.0010674831131652907,-0.11904761904761907,-0.036832804845724265,-0.048520399859193875,-3.4174000000000007,0.610857853294654,0.154292343387471,-0.3654135338345864,-0.3504920514761545,-1.0633333333333332,0.055671218061376315,0.042883156589762716,0.038033596407339276,0.15757086447113489,0.053080171620912386,0.03980627306273066,-0.24460431654676262,-0.16812707854535644,-0.05304604266850865,0.0,0.0930564497997851,-0.004789248420325132,-0.02244971853737654,-3.075671218061376,-3.4174000000000007,-0.24353683343359733,1.9469198283790876,0.007803966610327562,-0.01694797054653141,0.0,1.0,0,0,0.0,False
2008-10-01,3.81,1.61,0.67,0.97,-1.13,7976.3,2660729.5,1644268.17,1586.9279,6.5,136291,13883.254,3.4,94.7219,96.395,74.8669,76.65,186.4,777.0,736.0,57.6,216.995,89.651,1,2.56,1.6099999999999999,-3.1300000000000003,-0.009695942765697074,-0.0017278385057366563,-0.16666666666666674,-0.08130031129578574,-0.08559721863274594,-6.920900000000003,0.2998874014762918,0.13487031700288177,-0.3068469991546915,-0.3679619349722443,-1.6866666666666665,0.06201947719118395,0.03521384238107861,0.03351099452308248,0.13395570092132902,0.04953319875136075,0.03667838353206054,-0.15707434052757807,-0.19412096360840578,-0.029222689762426257,0.0,0.09014743649556124,-0.007016142664299285,-0.06405095404507277,-3.1920194771911845,-6.920900000000003,-0.15534650202184141,1.7604668012486393,-0.19017353769188206,-0.02166650505947154,0.0,1.0,0,0,0.0,False
2008-11-01,3.53,1.21,0.19,0.39,-2.35,8027.8,2651481.39,1640999.33,1576.1354,6.8,135541,13982.019,3.2,93.4715,93.9577,73.782,57.44,176.8,652.0,626.0,55.3,213.153,88.593,1,3.14,2.2,-3.79,-0.013634883300162826,0.006287168359135453,-0.1707317073170731,-0.06954317961916079,-0.08970462971531967,-6.275599999999997,-0.11078886310904867,0.0669719519175731,-0.38528481012658233,-0.3825503355704698,-1.66,0.07367074976443666,0.03036156902310294,0.028006090105243242,0.1540574525645928,0.03731057889956513,0.026718431480336147,-0.2880098887515451,-0.27921214160721497,-0.06696870968345092,0.0,0.09533532673254323,-0.00967237859151926,-0.04995770859212367,-3.8636707497644367,-6.275599999999997,-0.29429705711068055,0.9326894211004348,-1.0223354581161466,-0.02160009570461563,0.0,1.0,0,0,0.0,False
2008-12-01,2.42,0.82,0.03,0.16,-2.68,8203.0,2643788.96,1639791.92,1558.9545,7.3,134847,13891.878,2.9,90.8357,90.7372,71.607,41.02,170.9,560.0,554.0,60.1,211.398,88.098,1,3.34,2.32,-4.1000000000000005,-0.01987851616168923,0.014107917704623274,-0.23809523809523814,-0.08669827230747884,-0.11744820188349947,-7.360500000000002,-0.39294018177975065,-0.012290502793296021,-0.45530492898913955,-0.488562091503268,-2.0233333333333334,0.07697880332707263,0.02072338633240456,0.023651480226220434,0.1304601789803681,0.010999174706166848,0.009250293343662008,-0.2733245729303547,-0.3156130936409978,-0.08989139515455313,0.0,0.06921611035023122,-0.014067469376241482,-0.049865467461754576,-4.176978803327073,-7.360500000000002,-0.287432490634978,0.37900082529383317,-1.5679190030852546,-0.022159770257358158,0.0,1.0,0,0,0.0,False
2009-01-01,2.52,0.81,0.13,0.15,-3.05,8284.2,2647028.86,1639813.61,1544.44,7.8,134079,13762.24,2.9,88.57,87.761,69.7304,41.74,171.2,490.0,545.0,61.2,211.933,88.108,1,2.39,1.6,-4.08,-0.02563676433397155,0.003274392250655511,-0.275,-0.11276192783181926,-0.1489065541095087,-9.447900000000004,-0.5528180529815763,-0.04311310190369533,-0.45998071359691417,-0.5178416013925152,-2.0533333333333332,0.09626204444919617,0.013149162142493065,0.01986544476589769,0.09956091748799367,-0.0002222800255385904,0.0012956901254774777,-0.20397350993377483,-0.3927491413527204,-0.15313371444222268,0.0,0.03142649752055843,-0.015940821568274477,-0.03146161653603352,-4.176262044449196,-9.535499999999999,-0.20724790218443034,0.1602222800255386,-1.6002445212231007,-0.022064680238585543,0.0,1.0,0,0,0.0,False
2009-02-01,2.87,0.98,0.3,0.22,-1.24,8314.7,2638532.74,1639656.56,1532.3235,8.3,133318,13603.699,2.7,88.031,87.7622,69.2326,39.16,169.3,582.0,558.0,56.3,212.705,88.266,1,2.39,1.71,-3.79,-0.031158095540894992,-0.007251510989942367,-0.2926829268292682,-0.13374567704176643,-0.1748722505065321,-11.029799999999994,-0.5509413663259817,-0.05414364640883984,-0.5479704797047971,-0.5018281535648994,-2.6933333333333334,0.10256068994889267,0.010537114854078933,0.017637172712638982,0.07206723556116801,-0.0011358601902212717,-0.0011110355304627673,-0.21938775510204078,-0.3887050149063032,-0.16268566957821473,0.0,0.02518370450124865,-0.017523212240732167,-0.06420249742260564,-3.8925606899488927,-11.412099999999995,-0.21213624411209842,0.15113586019022127,-0.7815535609102136,-0.01982445416902401,0.0,1.0,0,0,0.0,False
2009-03-01,2.82,0.93,0.21,0.18,-2.35,8380.5,2622827.85,1638315.23,1510.9136,8.7,132494,13570.847,2.6,86.6528,86.2344,68.0889,47.98,168.1,505.0,513.0,57.3,212.495,88.169,1,2.5700000000000003,1.8900000000000001,-2.76,-0.03622523115181919,-0.019707034074725627,-0.32499999999999996,-0.13562730377303278,-0.16852171869907595,-11.305499999999995,-0.58930256948086,-0.07334428024083184,-0.47234814143245696,-0.4497041420118343,-2.3233333333333337,0.09399628962014672,0.001532103049887823,0.012413673887846866,0.057702250097085184,8.463140671510772e-05,-0.0013124844425335125,-0.20480225988700562,-0.25942975935160495,-0.017043212443317413,0.0,0.003937504838211705,-0.016346714990129962,-0.04892903146555394,-2.8539962896201465,-11.909899999999993,-0.18509522581228,0.2199153685932849,-0.15908545670054827,-0.019191283282516736,0.0,1.0,0,0,0.0,False
2009-04-01,2.93,0.93,0.16,0.15,-1.61,8390.2,2615973.01,1635306.87,1491.5275,9.0,131822,13601.477,2.9,85.9344,85.6368,67.4762,49.79,169.1,478.0,521.0,65.1,212.709,88.295,1,2.61,1.8899999999999997,-2.4299999999999997,-0.041697104709277566,-0.023237015063307442,-0.36585365853658525,-0.14656035046526472,-0.17982216278886187,-11.948700000000002,-0.5454717696097007,-0.10537519957424168,-0.49751243781094523,-0.4694932781799379,-2.2133333333333334,0.09336064397448118,-0.008608919966560102,0.005822326732307426,0.02751944186794275,-0.004464787676623838,-0.005257516782309568,-0.1755395683453238,-0.22686636485798925,-0.03753172421403106,0.0,-0.022469281112721867,-0.016060340375306015,-0.03379842263344546,-2.523360643974481,-13.053600000000003,-0.15230255328201636,0.18446478767662383,0.024242507651085238,-0.021758082109053167,0.0,1.0,0,0,0.0,False
2009-05-01,3.29,0.93,0.18,0.18,-1.2,8452.9,2610010.78,1643250.44,1469.5967,9.4,131466,13779.884,2.8,85.0665,84.711,66.7676,59.16,170.8,540.0,556.0,68.7,213.022,88.387,1,2.77,2.0,-2.13,-0.04504491451753112,-0.0182586232283658,-0.275,-0.1481395936696125,-0.17750560899898582,-12.081699999999998,-0.5576974327085369,-0.11419591409114727,-0.5281342546890424,-0.4831349206349206,-1.7333333333333334,0.08802552065772762,-0.014418505270144433,-0.0002472318968615994,0.0010083723427458668,-0.005763244243767063,-0.005675739591662121,0.03993610223642152,-0.18749435900095981,0.01983622501575466,0.0,-0.03993925959830008,-0.013886818976636128,-0.01439391662784606,-2.2180255206577275,-13.666299999999993,0.05819472546478732,0.15576324424376706,0.004627384053545791,-0.024955620124223366,0.0,1.0,0,0,0.0,False
2009-06-01,3.72,1.18,0.18,0.21,-0.94,8462.9,2591475.41,1628328.32,1436.2143,9.5,131008,13544.781,2.8,84.7459,84.4343,66.5138,69.68,174.1,585.0,601.0,70.8,214.79,88.912,1,3.11,2.36,-1.8,-0.04631812609266528,-0.04583942325562329,-0.28205128205128205,-0.15160361194166794,-0.18194407425863046,-12.589500000000001,-0.5281920408326023,-0.13123092573753803,-0.44501541623843777,-0.44120603015075377,-1.72,0.09375930023420409,-0.01886418285078284,0.0016422784031555615,-0.014586975165470806,-0.01015761495855172,-0.008892128279883504,0.1488294314381271,-0.16876674042156736,0.027332725194019192,0.0,-0.05866760866593463,-0.010092894940846087,-0.015976308168635156,-1.8937593002342041,-14.374899999999997,0.1946688546937504,0.1901576149585517,-0.02975775363473318,-0.020396285900670663,0.0,0.0,0,0,0.0,False
2009-07-01,3.56,1.02,0.18,0.16,0.14,8467.3,2590854.98,1630637.63,1395.692,9.5,130662,13493.206,3.0,85.7027,85.8216,67.29,64.09,172.5,594.0,595.0,66.0,214.726,88.922,0,3.54,2.54,-1.79,-0.048598402323892564,-0.039029239950296835,-0.28205128205128205,-0.15282480369076357,-0.17913297601883726,-12.518699999999995,-0.47972821623236017,-0.13167082294264343,-0.4407265774378585,-0.4906779661016949,-1.25,0.09236766357311565,-0.026642824654563246,-0.008982565054692748,-0.041302547271550805,-0.012291746182109153,-0.01018624689681269,0.25531914893617014,-0.16533811779587704,0.05678586037308675,0.0,-0.0943155992771539,-0.0069012976146149985,-0.006264453225498845,-1.8823676635731157,-14.628699999999995,0.29434838888646697,0.22229174618210915,0.037826958505485314,-0.018033904688003144,0.0,0.0,0,0,0.0,False
2009-08-01,3.59,1.12,0.17,0.16,-0.01,8466.2,2582126.01,1630080.98,1363.3444,9.6,130472,13468.487,3.0,86.6426,86.8203,68.0795,71.06,175.0,586.0,616.0,65.7,215.445,89.18,0,3.38,2.54,-1.8499999999999999,-0.04971017549473811,-0.026998802605927574,-0.21052631578947367,-0.14018720654921957,-0.15741231635622466,-10.435099999999991,-0.5197092326139088,-0.16058394160583944,-0.3564463705308776,-0.35396308360477746,-0.6666666666666665,0.08626152997472691,-0.02793895096908494,-0.009909011912178634,-0.07730133057255972,-0.01958761003762277,-0.014660091971854472,0.07843137254901955,-0.15958383045324478,0.17168788415816483,0.0,-0.0944336542755071,-0.004665260977206986,0.007952387120392923,-1.9362615299747268,-13.852499999999992,0.10543017515494713,0.17958761003762277,0.023824365793855717,-0.013520445698940509,0.0,0.0,0,0,0.0,False
2009-09-01,3.4,0.96,0.12,0.15,-0.21,8462.7,2576594.39,1628671.13,1337.6028,9.8,130246,13502.606,3.1,87.4063,87.7576,68.7549,69.46,174.1,585.0,609.0,73.5,215.861,89.324,0,3.42,2.4699999999999998,-1.84,-0.049114138079308534,-0.022630283432774623,-0.18918918918918926,-0.11689299172061052,-0.13654342081577564,-6.787400000000005,-0.39061830031729694,-0.12060301507537685,-0.3056872037914692,-0.28205128205128205,-0.26999999999999996,0.08418707099682421,-0.030091891341125776,-0.008953194917196594,-0.09920274143196794,-0.014838355663267633,-0.011001197711041022,0.04285714285714293,-0.15490421063415655,0.13932821244696858,0.0,-0.10291426838665015,-0.0027960119866432542,0.03471062022105742,-1.9241870709968243,-13.063000000000002,0.06548742628991755,0.17483835566326764,-0.015319259295284077,-0.011227708490342936,0.0,0.0,0,0,0.0,False
2009-10-01,3.39,0.95,0.07,0.12,-0.29,8489.2,2563422.73,1623030.62,1308.1836,10.0,130061,13460.827,3.3,87.6419,87.8323,69.0357,75.82,175.2,534.0,583.0,70.6,216.509,89.663,0,3.28,2.44,-1.6600000000000001,-0.0476308862240421,-0.020835286752507676,-0.11428571428571421,-0.06805879122929537,-0.09476733151236583,-6.111999999999995,-0.3314725697786334,-0.11579481970543426,-0.28658536585365857,-0.23588456712672523,-0.02666666666666666,0.07481965047754535,-0.03040380465468362,-0.009822946918243258,-0.12621273983861891,-0.01377942862886472,-0.010227486786264395,0.045519203413940224,-0.1242006197927253,0.1541412115841999,0.0,-0.09972447926736226,0.0009675160998504628,0.0847660124614682,-1.7348196504775455,-12.387599999999992,0.0663544901664479,0.16377942862886471,-0.05851231755324443,-0.003760980000120373,0.0,0.0,0,0,0.0,False
2009-11-01,3.4,0.8,0.05,0.12,0.06,8517.9,2551569.29,1626748.38,1290.5626,9.9,130057,13494.222,3.4,88.0221,88.7957,69.447,78.08,177.4,588.0,623.0,67.4,217.234,89.887,0,3.3200000000000003,2.4400000000000004,-0.85,-0.04571101540087019,-0.030427088634984334,-0.02941176470588236,-0.07474512230012276,-0.08882929612531765,-4.746299999999991,-0.010828440965427455,-0.06008583690987135,-0.3127413127413128,-0.20788043478260865,-0.17,0.06430299763048031,-0.03657146282626622,-0.012916110879893639,-0.17565026111142157,-0.002239682942003385,0.00013385238313023962,0.22569444444444442,-0.05465754798590826,0.043705057789564794,0.0,-0.12141725658320386,0.003999160093867915,0.06544208424909681,-0.9143029976304803,-12.106799999999993,0.25612153307942875,0.12223968294200338,-0.057347927095619394,-0.00863251185718128,0.0,0.0,0,0,0.0,False
2009-12-01,3.59,0.87,0.05,0.12,-0.29,8510.6,2555016.64,1638940.01,1265.4159,9.9,129808,13551.644,3.5,88.3793,88.7374,69.8541,74.3,178.1,581.0,664.0,72.5,217.347,89.939,0,3.35,2.5999999999999996,-0.27,-0.04046008218915309,-0.03488745080377875,0.0625,-0.0583001235670767,-0.05493961644442136,-2.1599999999999966,0.3593314763231199,0.0033936651583710287,-0.09815950920245398,-0.004792332268370614,-0.14666666666666664,0.061050350033633016,-0.0376816146539124,-0.008684311894265218,-0.18118544891511223,0.019145871744709275,0.014606120122357291,0.21880650994575057,-0.016483594509080917,0.2075276945890152,0.0,-0.12623340909060654,0.008654055890155443,0.05859286815353382,-0.33105035003363303,-11.695499999999996,0.2536939607495293,0.10085412825529072,-0.07398422740797692,-0.007589723312786623,0.0,0.0,0,0,0.0,False
2010-01-01,3.73,0.93,0.06,0.11,0.16,8473.1,2543508.02,1633976.87,1238.4221,9.8,129802,13610.249,3.6,89.3426,89.7715,70.7532,78.22,181.9,614.0,636.0,74.4,217.488,90.136,0,3.54,2.7199999999999998,-0.04000000000000001,-0.03736827663945064,-0.02449157702075988,0.2068965517241379,-0.02704223119324234,-0.0220394722341003,0.0,0.8113115553388588,0.0421299005266238,0.03750000000000009,0.1985559566787003,-0.1733333333333333,0.03749847616725588,-0.0335776876835131,-0.000519523233167285,-0.1882919610546684,0.028141231232083674,0.020897182682921178,0.2063227953410982,-0.0014999390466902355,0.32408536585365866,0.0,-0.11886501439963638,0.010262609584591464,0.04101656003605303,-0.07749847616725589,-11.288399999999996,0.2308143723618581,0.09185876876791632,-0.0719206598609484,-0.003173883028829483,0.0,0.0,0,0,0.0,False
2010-02-01,3.69,0.86,0.11,0.13,-0.35,8523.4,2530024.28,1627694.05,1223.3033,9.8,129706,13610.405,3.4,89.6779,89.8215,71.1612,76.42,181.0,604.0,650.0,73.6,217.281,90.134,0,3.67,2.8,-0.039999999999999994,-0.0318991042594291,-0.011044059687957741,0.24137931034482762,0.0087230439200634,0.022908809152129228,0.0,0.8739817920459989,0.0625,0.25306122448979584,0.16697247706422025,-0.023333333333333327,0.022802443205137468,-0.03910831557763972,-0.003559392338498779,-0.19814165652275262,0.026211113889767157,0.02301720615608116,0.21568627450980404,-0.0009120977282054986,0.5658025372311086,0.0,-0.14352751816993775,0.013811911141441091,0.08346816622018616,-0.06280244320513746,-10.389299999999992,0.22673033419776178,0.08378888611023284,-0.03845079683177054,-0.0025368527513734973,0.0,0.0,0,0,0.0,False
2010-03-01,3.73,0.96,0.15,0.16,0.48,8519.0,2536551.95,1638672.35,1209.6994,9.9,129866,13661.363,3.6,90.2928,91.0021,71.7964,81.24,183.3,636.0,687.0,73.6,217.353,90.261,0,3.58,2.83,-0.09,-0.027093115708306414,0.0004929541590121822,0.2592592592592591,0.018708182344855606,0.023464543960839634,0.0,0.9514811031664967,0.06910809214412272,0.037800687285223455,0.16487455197132617,-0.16,0.02510012387698879,-0.04112454560635859,-0.007295741249618737,-0.20166772877920358,0.02151336357866529,0.021163301837627158,0.3072824156305505,-0.002259011148928991,0.13596019648767743,0.0,-0.14722587327076375,0.013366966480846676,0.0770083059119323,-0.11510012387698879,-9.981300000000005,0.3067894614715383,0.10848663642133471,0.007632508166043994,-0.003442930952446188,0.0,0.0,0,0,0.0,False
2010-04-01,3.85,1.06,0.16,0.2,0.41,8554.3,2532764.79,1636161.88,1207.4859,9.9,130120,13776.728,3.8,90.5991,91.8003,72.1905,84.48,184.4,687.0,637.0,72.2,217.403,90.31,0,3.58,2.77,-0.01999999999999999,-0.019834860446510838,0.006669885822159882,0.3846153846153846,0.04200672107537207,0.0552876810182481,0.0,0.693205502292622,0.09042236763831069,0.2594059405940594,0.3391812865497077,0.09666666666666666,0.01652646023506943,-0.03289422902841299,0.0002179800281780775,-0.19935898386247908,0.022861714393279886,0.023727160339801934,0.28446771378708546,-0.0003305292047013884,0.22190594059405933,0.0,-0.11776133992171851,0.0175334161929398,0.0690489522686144,-0.03652646023506942,-9.346099999999993,0.2777978279649256,0.13713828560672012,0.045279516838803796,0.0006834586551001109,0.0,0.0,0,0,0.0,False
2010-05-01,3.42,0.83,0.16,0.2,0.3,8612.0,2521687.94,1639092.5,1196.8682,9.6,130642,13885.106,4.0,91.823,92.9906,73.3146,73.84,184.8,583.0,575.0,73.6,217.29,90.339,0,3.69,2.79,0.05000000000000002,-0.012911350153995582,0.012884703624466587,0.31034482758620685,0.054282103558062955,0.07197256319713019,0.0,0.6967262502510545,0.09047900650502672,0.4372384937238494,0.2226487523992322,0.17999999999999997,0.01955853257371687,-0.031807751716826704,0.0005228437644855255,-0.190436716721616,0.022067707525304403,0.02282122430488709,0.10906298003072212,0.0009779266286858439,0.18417726923405353,0.0,-0.11737060383509054,0.01898775410543352,0.045559059637999555,0.030441467426283148,-8.951999999999998,0.09617827640625554,0.1779322924746956,0.09414340636446276,0.007300563860813014,0.0,0.0,0,0,0.0,False
2010-06-01,3.2,0.72,0.12,0.18,-0.17,8631.0,2518416.41,1641373.29,1190.1011,9.4,130510,13898.726,3.8,91.9928,92.9321,73.5918,75.35,183.5,536.0,587.0,76.0,217.199,90.301,0,3.26,2.59,0.020000000000000018,-0.006267780262577349,0.0076359133357000175,0.4285714285714286,0.0794260960542632,0.09773937269067767,0.0,0.24814063556457078,0.08196721311475419,0.07962962962962972,0.03417266187050361,0.39666666666666667,0.01882194276520499,-0.033840028813980516,-0.0025303142471697626,-0.1855805065430537,0.020035489292185682,0.0220846957131704,0.07132459970887917,0.00037643885530410016,0.04182894234440626,0.0,-0.11031849393357647,0.020825335445729065,0.0607179137094076,0.0011780572347950269,-7.8279,0.06368868637317915,0.17996451070781433,0.07147787428647961,0.007284516792378071,0.0,0.0,0,0,0.0,False
2010-07-01,3.01,0.62,0.16,0.18,0.15,8642.3,2521104.8,1647881.52,1189.1453,9.4,130415,13928.888,3.8,92.3421,93.443,74.0009,76.37,184.1,546.0,579.0,67.8,217.605,90.378,0,3.08,2.4800000000000004,-0.03,-0.003801294577430392,0.026131467168055256,0.3571428571428572,0.08551328146848403,0.10064393261980031,0.0,0.08137198622273223,0.05399195864445727,-0.0837606837606838,-0.02329450915141429,0.17999999999999997,0.01986316747214323,-0.028192048328176122,0.008011265197426454,-0.17136244918324517,0.011215605940686268,0.015622188231059875,0.07344632768361592,-0.0005958950241642968,-0.3431666243547432,0.0,-0.08683150885078246,0.016033565869080446,0.04350656039311196,-0.04986316747214323,-7.550699999999992,0.047314860515560664,0.16878439405931372,0.03164610845259361,0.004702180700236869,0.0,0.0,0,0,0.0,False
2010-08-01,2.7,0.52,0.16,0.19,-0.16,8690.5,2520422.13,1653637.2,1187.684,9.5,130415,13980.745,3.9,92.6805,93.6275,74.3883,76.82,184.9,599.0,580.0,68.9,217.923,90.502,0,2.8499999999999996,2.3899999999999997,0.01999999999999999,-0.001890373635793141,0.032288990474169,0.2666666666666666,0.07747013804699288,0.08880514928642658,0.0,0.19160555468871898,0.06724637681159407,-0.08080808080808077,-0.026890756302521024,0.09333333333333332,0.02066774532613702,-0.026921684362279596,0.010574936873007257,-0.1479887396359656,0.013407784804821077,0.016373900721981194,0.027272727272727337,0.00041335490652274023,-0.5180465745319301,0.0,-0.07672680043249684,0.011020976518202441,0.02318803448892992,-0.0006677453261370314,-7.141599999999997,-0.005016263201441662,0.16659221519517892,-0.011340077279516692,0.004886067354547108,0.0,0.0,0,0,0.0,False
2010-09-01,2.65,0.48,0.15,0.19,-0.19,8719.6,2522094.23,1660003.55,1185.8716,9.5,130341,13989.519,4.0,92.9537,93.7421,74.7076,75.31,184.9,594.0,563.0,68.2,218.275,90.592,0,2.54,2.18,0.03,-0.000436875344901555,0.03803381924042415,0.30000000000000004,0.06968742858593813,0.07840562633393344,0.0,0.08105826062482402,0.056571428571428495,0.022184300341296925,-0.058441558441558406,-0.060000000000000005,0.026493586260659896,-0.023896540974776004,0.01445095077423697,-0.12884521328579923,0.011501775395112546,0.014823951558645243,0.0487062404870624,0.0007948075878197969,-0.05744532928833279,0.0,-0.06069721407593105,0.005830904917675794,-0.00973866746832508,0.003506413739340103,-6.754199999999997,0.010672421246638253,0.17849822460488746,-0.0014662861029268726,0.009943487839204512,0.0,0.0,0,0,0.0,False
2010-10-01,2.54,0.38,0.13,0.19,-0.12,8769.8,2530106.0,1674725.61,1185.2037,9.4,130620,14000.339,4.0,92.6903,93.7752,74.58,81.9,186.6,543.0,558.0,67.7,219.035,90.881,0,2.5,2.17,0.04000000000000001,0.0007293890023494232,0.036060668585012445,0.29032258064516125,0.06346682104150392,0.06819352397968959,0.0,0.08422113446587987,0.06203331418724867,0.01538461538461533,-0.07553366174055831,-0.06666666666666667,0.030356741938152076,-0.02115201376340814,0.019238027507738842,-0.11343516924456198,0.011183122472331775,0.01419551296404098,-0.07210884353741498,0.0012142696775260832,0.09914529914529913,0.0,-0.05288003440852035,0.004530683579779815,-0.022046460426980108,0.009643258061847931,-6.434899999999999,-0.10816951212242742,0.17881687752766823,0.010032483468354503,0.007040034564767983,0.0,0.0,0,0,0.0,False
2010-11-01,2.76,0.45,0.14,0.19,-0.19,8790.3,2531232.26,1680208.56,1187.4418,9.8,130749,14018.501,4.0,92.7709,93.9046,74.7131,84.14,187.7,545.0,560.0,71.6,219.59,91.062,0,2.41,2.16,0.07,0.004297983254011539,0.04008015257903552,0.21212121212121215,0.05760258506490601,0.06766189659157273,-0.12760000000000105,0.08018992350303367,0.06506849315068486,0.016853932584269593,-0.04288164665523153,-0.15666666666666665,0.03305376242755487,-0.012996970655713924,0.03185090248020095,-0.09400813463798208,0.011666951489314625,0.013584198610352205,-0.04107648725212454,0.002313763369928841,0.09766201339235037,0.0,-0.03132269928027056,0.00618835688980468,-0.019867552982086867,0.03694623757244514,-6.5625,-0.08115663983116006,0.17833304851068538,0.01174083331550646,0.013924713706565672,0.0,0.0,0,0,0.0,False
2010-12-01,3.29,0.62,0.14,0.18,0.09,8822.0,2646811.26,1807708.59,1192.5957,9.3,130830,14104.762,4.0,93.6787,94.3885,75.4968,89.04,189.7,539.0,632.0,74.5,220.472,91.268,0,2.6199999999999997,2.3099999999999996,0.07,0.0053207439814850765,0.03885211018464063,0.17647058823529416,0.0539500875348351,0.057535443720810875,0.0,0.07761270491803285,0.058060879368658336,-0.0731292517006803,-0.101123595505618,-0.16666666666666666,0.03197971330961846,-0.007970400835166092,0.032863213916340284,-0.0799037567026969,0.01084544776600338,0.013071968137772894,0.062314540059347,0.0022385799316732924,-0.09531355204197722,0.0,-0.020882450188135157,0.0057576193263866315,-0.015737341051103027,0.038020286690381544,-6.429400000000001,0.02346242987470637,0.17915455223399662,0.0006563276291091658,0.015926140139609912,0.0,0.0,0,0,0.0,False
2011-01-01,3.39,0.61,0.15,0.17,0.02,8844.5,2657360.1,1821941.83,1195.8753,9.1,130837,14289.288,4.0,93.4814,94.4812,75.3741,89.42,192.7,630.0,576.0,74.2,221.187,91.542,0,3.15,2.67,0.06,0.007873166522864627,0.040815564517485914,0.1428571428571428,0.05996200467756596,0.06368340744714174,0.0,0.19838492597577395,0.06513194834362723,-0.07228915662650603,-0.048192771084337394,-0.07333333333333333,0.036589664653490894,0.035927210243139385,0.10297422661614086,-0.0575464556751657,0.01437793022217937,0.01477668197333748,0.02758620689655178,0.0021953798792094534,-0.08767377201112136,0.0,0.11317071226588905,0.007143777520515204,-0.003504816363937957,0.023410335346509104,-5.55810000000001,-0.013229357620934135,0.16562206977782062,-0.013194807749847604,0.057079224006547524,0.0,0.0,0,0,0.0,False
2011-02-01,3.58,0.77,0.13,0.16,-0.38,8909.9,2663779.92,1830034.93,1199.5177,9.0,131057,14331.186,4.2,93.1102,94.681,75.0928,89.58,195.8,517.0,542.0,77.5,221.898,91.797,0,3.24,2.7800000000000002,0.06000000000000001,0.007973682994098619,0.049891739673535884,0.11111111111111116,0.04632504538708293,0.05246319823106438,-0.1226999999999947,0.14318588596266935,0.059373282023089446,0.026058631921824116,-0.09433962264150941,-0.02666666666666667,0.04383283567997531,0.04476183251822419,0.11503526362646732,-0.0343556530523802,0.017007834915029774,0.015598650927487467,-0.0026881720430107503,0.0026299701407985192,0.009204699337554523,0.0,0.14502833735904638,0.0036756997400870794,-0.011277539677823079,0.0161671643200247,-5.386099999999999,-0.052579911716546635,0.15299216508497024,-0.02534088342571514,0.05775880317393811,0.0,0.0,0,0,0.0,False
2011-03-01,3.41,0.7,0.1,0.14,0.41,8967.7,2672031.38,1836363.45,1206.426,9.0,131283,14298.318,4.2,94.0788,95.3244,75.8747,102.94,199.2,600.0,583.0,67.5,223.046,92.166,0,3.45,2.81,0.03,0.010415863568377759,0.052958086111324354,0.23529411764705888,0.03827364378514675,0.054101746241155935,-0.40399999999999636,0.17220622873593294,0.08176795580110507,-0.14403973509933776,-0.1661538461538462,-0.09000000000000001,0.04534575404181429,0.052867334537991084,0.12431137166103179,-0.01944374710670682,0.02124898173333145,0.018450307320212023,0.052989130434782705,0.0013603726212544286,-0.07091048339865746,0.0,0.18239230415606925,0.005095119586892682,-0.01567644374968835,-0.015345754041814291,-5.445300000000003,3.1044323458351286e-05,0.13875101826666855,-0.04040353396732807,0.060837735373157176,0.0,0.0,0,0,0.0,False
2011-04-01,3.46,0.73,0.06,0.1,-0.48,9033.6,2679950.15,1845724.01,1214.8878,9.1,131597,14275.294,4.1,93.7749,94.7934,75.6127,110.04,203.1,554.0,581.0,69.8,224.093,92.557,0,3.31,2.71,-0.01999999999999999,0.010911246977653999,0.04662455715436309,0.16666666666666674,0.04193025357503588,0.0474967061199687,0.0,0.2671097981290005,0.08674304418985268,-0.05660377358490565,-0.15138282387190682,0.016666666666666663,0.052670501232539024,0.053410863514937956,0.1206410177116859,-0.0027059614975423196,0.02619241510354109,0.021105460830258993,-0.08288043478260865,-0.00105341002465078,0.015685383041600387,0.0,0.17678995823444463,0.0030380804547893714,-0.01803175110253008,-0.07267050123253901,-4.162899999999993,-0.12950499193697174,0.11380758489645892,-0.0518144848813617,0.01748365327179857,0.0,0.0,0,0,0.0,False
2011-05-01,3.17,0.56,0.04,0.09,-0.34,9109.4,2683973.45,1851462.73,1229.0372,9.0,131703,14260.443,4.2,93.888,94.7881,75.6684,101.33,204.1,561.0,618.0,74.3,224.806,92.838,0,3.4,2.73,-0.1,0.011351060559483539,0.03618899930375341,0.07894736842105265,0.03505332834432129,0.032604468612847715,-0.26200000000000045,0.3025568181818181,0.101409978308026,-0.19359534206695783,-0.08791208791208793,-0.15,0.05603030055060043,0.05811252611419948,0.1280815379954947,0.0061300094684335615,0.030772344447868694,0.02488096556306063,-0.033240997229917024,-0.0056030300550600435,-0.21965397398878195,0.0,0.19758258878827822,0.0033773775653849203,-0.011271717042761642,-0.15603030055060044,-3.9452,-0.06942999653367043,0.06922765555213131,-0.08376450953283893,0.013350693595975294,0.0,0.0,0,0,0.0,False
2011-06-01,3.0,0.41,0.04,0.09,0.01,9184.2,2693088.33,1856839.9,1233.6317,9.1,131931,14324.383,4.0,94.172,94.9349,75.8425,96.29,203.9,608.0,636.0,71.5,224.806,92.819,0,3.13,2.61,-0.11000000000000001,0.008121431086480557,0.027031626550060084,0.050000000000000044,0.02248891889831528,0.019329910765174096,-0.20629999999999882,0.3722914409534126,0.10443722943722933,-0.037735849056603765,0.07478260869565223,-0.1366666666666667,0.05775661867162096,0.06435590519578738,0.12956573835826846,0.02687764617691424,0.034589718808965,0.027662471357885243,0.009510869565217517,-0.006353228053878307,0.106303886042734,0.0,0.20143398326281448,-0.0022944324818972017,-0.01578472488683147,-0.16775661867162098,-3.688699999999997,-0.017520756984842567,0.055410281191035,-0.08334073707563355,0.011488570657796293,0.0,0.0,0,0,0.0,False
2011-07-01,3.0,0.41,0.04,0.07,0.17,9346.9,2717525.97,1881066.75,1244.38,9.0,131992,14386.123,4.1,94.636,95.4946,76.1431,97.19,204.6,623.0,621.0,63.7,225.395,92.977,0,2.96,2.59,-0.09,0.010888054555206583,0.030625612736016272,0.05263157894736836,0.023688810428642126,0.021551218577864795,-0.032200000000003115,0.2779031187790313,0.11117166212534069,0.13432835820895517,0.08347529812606469,-0.27,0.06409454292665973,0.06935783903981152,0.13127215564717742,0.036577228606880396,0.03502318150636041,0.027884519551278464,-0.05921052631578949,-0.005768508863399375,0.19093213179386082,0.0,0.2052992035578421,-2.3192422447415595e-05,-0.018241443146393754,-0.15409454292665972,-3.1899999999999977,-0.08983613905180576,0.054976818493639584,-0.05883076640281934,0.015946975524873563,0.0,0.0,0,0,0.0,False
2011-08-01,2.3,0.23,0.02,0.1,0.01,9532.5,2709151.87,1872938.27,1263.1735,9.0,132125,14378.666,4.1,95.2749,95.9868,76.5667,86.33,203.2,585.0,647.0,55.8,226.106,93.196,0,2.96,2.59,-0.10999999999999999,0.012092167312042434,0.03282638212038158,0.07894736842105265,0.02484132372991299,0.021955630705349893,0.0,0.2726201387979572,0.11135252580119492,0.14102564102564097,0.07253886010362698,-0.05333333333333334,0.08152922254492445,0.077910751667285,0.14150606531469556,0.04644907565122636,0.035798809769996165,0.028756998384562582,-0.06047197640117985,-0.00896821447994169,0.3346209830925988,0.0,0.2306158249351636,0.0007411067525588955,-0.010212004614408299,-0.19152922254492444,-1.5819999999999936,-0.09329835852156143,0.03420119023000384,-0.03502646532212747,0.019798225553085524,0.0,0.0,0,0,0.0,False
2011-09-01,1.98,0.21,0.01,0.08,-0.27,9553.3,2720060.44,1881767.36,1269.6595,9.0,132344,14359.76,4.1,95.1961,96.2364,76.3992,85.61,203.7,650.0,610.0,59.5,226.597,93.327,0,2.28,2.07,-0.09,0.013111988651612227,0.02846207408832635,0.05128205128205132,0.027992943499441703,0.025198793089637128,0.0,0.12379588648789386,0.09897241752298536,-0.023372287145242088,0.11551724137931041,0.06333333333333334,0.09688740578792943,0.07488021064154049,0.13261740241450792,0.06356025676863553,0.0375499603070808,0.029767297960266115,-0.1901306240928884,-0.008719866520913649,0.014363561911361677,0.0,0.1707268802627123,0.00499055756513167,0.005504024601126423,-0.18688740578792942,0.0,-0.21859269818121474,0.06245003969291921,0.007039758501884208,0.010524305445753113,0.0,0.0,0,0,0.0,False
2011-10-01,2.15,0.28,0.02,0.07,0.16,9586.2,2727962.54,1889727.44,1280.399,8.8,132553,14364.71,4.1,95.8568,96.7654,76.8123,86.41,201.1,610.0,671.0,60.8,226.75,93.329,0,1.97,1.77,-0.11,0.0153673824813374,0.026465598995933926,0.02499999999999991,0.024123837996766095,0.026608108843305223,-0.16750000000000398,0.1367680254946222,0.10167658193618156,0.09427609427609429,0.08348134991119016,-0.03,0.0956121840451396,0.07849278890741518,0.13359237093197796,0.07065511982916206,0.03812621692818685,0.030190303779583205,-0.12756598240469208,-0.010517340244965357,-0.040052263932860876,0.0,0.1546307941476079,0.004479327926130816,0.00043502756812396903,-0.2056121840451396,-0.16750000000000398,-0.154031581400626,0.04187378307181315,-0.013103035421826434,0.009134949867603659,0.0,0.0,0,0,0.0,False
2011-11-01,2.01,0.25,0.01,0.08,-0.35,9639.5,2746799.26,1904729.61,1293.2102,8.6,132690,14349.583,4.1,95.8485,96.5632,76.6783,97.21,201.4,711.0,706.0,63.7,227.169,93.52,0,2.13,1.8699999999999999,-0.12,0.014798652580003013,0.02602586980215249,0.02499999999999991,0.03416215073206175,0.03188689546916468,0.0,0.05506715506715487,0.07770632368703101,0.12338858195211788,0.20250896057347667,-0.03333333333333333,0.09309220278683683,0.07820088960699678,0.12838033210706068,0.08031977962944259,0.035222681306640524,0.026936323323907052,-0.10192023633678005,-0.01117106433442042,-0.017637059073523087,0.0,0.16656789486290313,0.002706485267960579,0.009320827002148757,-0.21309220278683683,0.0,-0.12794610613893254,0.03477731869335948,0.0005761284633556407,0.0002901379397117765,0.0,0.0,0,0,0.0,False
2011-12-01,1.98,0.26,0.01,0.07,0.28,9683.5,2756224.85,1916060.62,1303.9801,8.5,132888,14479.33,4.0,96.3571,97.2084,76.9495,98.57,199.8,694.0,697.0,69.9,227.223,93.574,0,1.9999999999999998,1.7599999999999998,-0.11,0.014845237822086688,0.023617503754502778,0.02499999999999991,0.03317419578768788,0.028311712099300612,-0.13400000000000034,0.1553363441882576,0.07298881193393725,0.30458715596330266,0.2607142857142857,-0.15333333333333332,0.09660648669556227,0.08516286845996501,0.1336268933185294,0.08907249180549304,0.03451432214581729,0.026992598449408156,-0.11033519553072613,-0.01062671353651185,0.32795944310854475,0.0,0.17032573691993,0.0017332491704744601,0.005181252288246174,-0.20660648669556225,-0.13400000000000034,-0.1339526992852289,0.04548567785418271,-0.016964361838736494,0.010282657818424523,0.0,0.0,0,0,0.0,False
2012-01-01,1.97,0.24,0.03,0.08,0.37,9753.3,2770124.65,1929640.14,1321.2902,8.3,133246,14518.055,4.1,96.9318,98.0951,77.2652,100.24,200.7,723.0,712.0,75.0,227.842,93.894,0,1.97,1.72,-0.10999999999999999,0.01573033707865168,0.02655613756545483,0.0,0.02859134467066693,0.029875461523384717,0.0,0.10703054806828383,0.05324196099103862,0.287569573283859,0.10284810126582289,0.030000000000000027,0.09765359328950352,0.04133788897361734,0.05993888096753475,0.09339661378956832,0.03062066838419386,0.025266248849541872,-0.06174496644295291,-0.010741895261845385,0.19329347900776472,0.0,0.08143564127802616,0.00036295459731428004,0.004467506673900834,-0.2076535932895035,0.0,-0.08830110400840774,0.039379331615806146,-0.0024944514560070047,-0.037154899933797836,0.0,0.0,0,0,0.0,False
2012-02-01,1.97,0.28,0.09,0.1,0.0,9806.3,2777643.62,1934911.81,1344.1741,8.3,133509,14591.389,4.1,97.2435,98.5224,77.3673,102.25,201.6,704.0,738.0,75.3,228.329,94.104,0,1.94,1.73,-0.09000000000000001,0.018412222842162373,0.016009685017196018,0.02499999999999991,0.03691001632410296,0.03824993755371442,0.0,0.12100201297248936,0.041515308770109005,0.14761904761904754,0.23611111111111116,0.10000000000000002,0.10275312341002873,0.04243480211808692,0.05911182685783101,0.10487289101129527,0.030087663379855023,0.02569312446745764,0.010781671159029615,-0.009247781106902588,0.024230465666929657,0.0,0.08232351610908863,0.00361357026215936,0.00274786559204121,-0.19275312341002876,0.0,-0.005228013858166403,0.04991233662014498,0.015135017926785496,-0.03576608748890986,0.0,0.0,0,0,0.0,False
2012-03-01,2.17,0.34,0.08,0.13,-0.39,9849.3,2791565.95,1948791.0,1350.4907,8.2,133748,14635.02,4.2,96.74,98.0069,76.8194,106.19,204.2,695.0,806.0,76.2,228.807,94.284,0,1.88,1.69,-0.06,0.018709416513425392,0.018156417759144228,-0.023809523809523947,0.04439148449901298,0.04057202606647592,0.0,0.14143782094217472,0.02962206332992845,0.36170212765957444,0.36162361623616235,0.21666666666666667,0.1006071897552161,0.042745160418507844,0.05730867661635286,0.12059546932904763,0.028981784423473878,0.025131540246413397,-0.0283870967741936,-0.006036431385312966,0.05711497169627178,0.0,0.08036090158679474,0.0038641786913387044,0.011217288711325102,-0.1606071897552161,0.0,-0.046543514533337826,0.07101821557652613,0.025532537722343415,-0.04241770804145717,0.0,0.0,0,0,0.0,False
2012-04-01,2.05,0.29,0.08,0.14,0.06,9905.0,2802317.58,1964040.83,1368.579,8.2,133825,14689.558,4.2,97.4359,98.5366,77.2234,103.33,203.7,753.0,732.0,76.4,229.187,94.408,0,2.09,1.8299999999999998,-0.010000000000000009,0.018776231499889606,0.02354836422018325,0.0,0.028286925428470555,0.02814074885338913,-0.5478999999999985,0.03157178939187877,0.025100401606425793,0.15833333333333344,0.3825042881646654,-0.006666666666666672,0.09830837338447962,0.044735466392614054,0.06122292948054486,0.11941445227473557,0.025828752813320977,0.022980274721697835,0.12888888888888883,-0.000983083733844797,-0.12923623995052558,0.0,0.09349712476056336,0.003045894421237927,-0.0003044192421963743,-0.10830837338447963,-0.5478999999999985,0.10534052466870558,0.10417124718667903,0.06479191557087288,0.003397577418996711,0.0,0.0,0,0,0.0,False
2012-05-01,1.8,0.29,0.09,0.16,-0.17,9951.9,2817982.27,1978007.14,1379.0244,8.2,133932,14687.217,4.2,97.6609,98.2793,77.2546,94.7,201.9,708.0,796.0,79.3,228.713,94.302,0,1.9699999999999998,1.7599999999999998,0.04000000000000001,0.01693047713853657,0.029019647511287827,0.024390243902439046,0.0390402975636337,0.039487981230760916,-0.14390000000000214,-0.06097782624500192,0.002954209748892156,0.3592057761732852,0.2598967297762478,-0.11,0.0964620970598653,0.045660338122334165,0.06410320251509338,0.12650649714319306,0.022731633741348567,0.019998487418563693,0.09455587392550147,0.003858483882394613,0.21158672855423766,0.0,0.0899508661009983,-0.001481745703625803,0.0021302812395307402,-0.056462097059865296,-0.14390000000000214,0.06553622641421364,0.11726836625865145,0.06735602963850647,0.0032255360042472425,0.0,0.0,0,0,0.0,False
2012-06-01,1.62,0.29,0.09,0.16,-0.33,10023.7,2829850.8,1991032.28,1397.9793,8.2,134013,14680.673,4.2,97.6663,98.6278,77.1149,82.41,199.8,757.0,794.0,73.2,228.524,94.254,0,1.71,1.51,0.07,0.016924443634541264,0.02992712077738413,0.0,0.040185114178595605,0.03683162759882319,-0.1127000000000038,-0.06542978387446952,-0.010779029887310054,0.26203208556149726,0.28802588996763756,-0.16666666666666666,0.0924868816826574,0.04992926438970535,0.06834834315028315,0.12203633868852792,0.01737942937466075,0.01576940476959887,0.06729475100942128,0.006474081717786019,-0.09967004209807717,0.0,0.08537904210639614,-0.001784972878884128,-0.004206370320417374,-0.02248688168265739,-0.1127000000000038,0.03736763023203715,0.14262057062533925,0.07160235504881313,0.0071841039711975085,0.0,0.0,0,0,0.0,False
2012-07-01,1.53,0.25,0.1,0.16,-0.28,10076.0,2840049.63,2002559.37,1413.8052,8.2,134157,14586.106,4.2,97.8713,98.4571,77.1372,87.93,200.1,740.0,849.0,72.3,228.59,94.288,0,1.53,1.33,0.07,0.015780976419492054,0.024872973586366642,0.050000000000000044,0.037105509068513065,0.038899287827764084,-0.2523999999999944,-0.14414788659258504,-0.020107896027464434,0.2450657894736843,0.2484276729559749,-0.1466666666666667,0.09140698155527982,0.050782764336585906,0.07226922471883546,0.13322258174785895,0.01653870448297634,0.015460196726963193,0.023776223776223793,0.006398488708869588,0.08673245614035086,0.0,0.07769762943497643,-0.002995255080397552,0.00881858364004251,-0.021406981555279814,-0.2523999999999944,-0.0010967498101428497,0.14346129551702366,0.039290048330344635,0.006047297943971852,0.0,0.0,0,0,0.0,False
2012-08-01,1.68,0.27,0.1,0.13,-0.45,10147.8,2857102.48,2015693.33,1425.6514,8.1,134339,14553.669,4.1,97.4525,98.3137,76.672,94.16,202.7,754.0,840.0,74.3,229.918,94.605,0,1.43,1.28,0.09,0.016402509242984475,0.013901104557496158,0.024390243902439046,0.03418677881567289,0.031022696571324282,-0.2300999999999931,-0.09527729190245904,-0.021994134897360684,0.187800963081862,0.36714975845410636,-0.26,0.07800447207095407,0.04508647253148412,0.06458708602445928,0.13615230074414564,0.014175114798464783,0.014100261354958565,0.13500784929356358,0.007020402486385866,-0.1714048130914232,0.0,0.0644736557200223,-0.000527967895552095,-0.0048535187479608055,0.01199552792904593,-0.2300999999999931,0.12110674473606742,0.14582488520153522,0.028556518942883774,-0.0005738655908500423,0.0,0.0,0,0,0.0,False
2012-09-01,1.72,0.26,0.11,0.14,-0.11,10228.4,2865789.74,2024222.19,1434.3665,7.8,134517,14662.932,4.2,97.381,98.1136,76.4846,94.72,204.4,847.0,930.0,78.3,231.015,94.893,0,1.5799999999999998,1.41,0.03,0.01675685903500468,0.012171017812083518,0.0,0.02285596731143258,0.02424187492446883,-0.6953000000000031,0.09069848256689439,-0.002460629921259838,0.288888888888889,0.2982998454404946,-0.35333333333333333,0.06454760031471274,0.05461141239010714,0.0762198425258298,0.12862674842371202,0.016859349154821235,0.0151186746212284,0.3315412186379929,0.0019364280094413822,0.02685680332739171,0.0,0.08628603157636927,-0.00016758459953658544,-0.017329146867163026,-0.03454760031471274,-0.6953000000000031,0.3193702008259094,0.11314065084517877,-0.029479919780160485,0.004682148000401787,0.0,0.0,0,0,0.0,False
2012-10-01,1.75,0.28,0.1,0.16,-0.26,10294.4,2881779.34,2038369.66,1449.5782,7.8,134669,14761.628,4.1,97.7193,97.9828,76.6227,89.57,203.5,915.0,887.0,82.6,231.638,95.174,0,1.6099999999999999,1.46,0.06000000000000001,0.01641933143927954,0.021112609124386505,0.024390243902439046,0.022951570495009843,0.019506132814610666,-0.8826999999999998,0.10641280224272864,0.0034364261168384758,0.303076923076923,0.5245901639344261,-0.28,0.0706666806234495,0.05357575804455306,0.07570267878384285,0.12972533187047408,0.019497168982819613,0.016779710051753494,0.31596638655462184,0.004240000837406971,0.05801113360323873,0.0,0.08625697045173042,0.0006383550197874843,-0.014153938573503222,-0.010666680623449484,-0.8826999999999998,0.29485377743023533,0.1205028310171804,-0.022958464499843262,0.0027929937079671507,0.0,0.0,0,0,0.0,False
2012-11-01,1.65,0.27,0.09,0.16,0.28,10365.6,2903346.97,2057519.2,1457.5606,7.7,134825,14962.471,4.1,98.0777,98.5509,76.78,86.66,201.8,833.0,917.0,82.7,231.249,95.109,0,1.65,1.47,0.09,0.015963425950374477,0.027631466280906514,0.0,0.019430024786973865,0.012580943188370997,-0.7446000000000055,0.03656984145353537,0.011934361014420691,0.5,0.3219076005961252,-0.2733333333333334,0.07387703156620962,0.05638523174148857,0.07865802065085115,0.1321300625820545,0.021556780595369363,0.019768774978838444,0.35855263157894735,0.006648932840958866,0.312199036918138,0.0,0.09303563237345613,-0.00043908329260999857,-0.014756754028699026,0.01612296843379038,-0.7446000000000055,0.33092116529804083,0.13844321940463064,-0.00738166579690458,0.01129875921000445,0.0,0.0,0,0,0.0,False
2012-12-01,1.72,0.26,0.07,0.16,0.14,10485.4,2912905.02,2072924.19,1474.5712,7.9,135074,15333.647,4.2,98.3101,99.2403,76.8435,88.25,201.5,976.0,941.0,72.9,231.221,95.094,0,1.5599999999999998,1.38,0.08,0.016090134900896835,0.04271120631170944,0.0,0.023257536633332743,0.020584446248674393,-0.587299999999999,-0.10852792922538834,0.0019860973187686426,0.1715893108298172,0.2988668555240792,-0.02999999999999999,0.07532548368691327,0.0569927742007621,0.08021589479044211,0.12708715102927592,0.017960197033926262,0.016991017964071764,0.2982731554160125,0.006026038694953062,-0.11729957805907176,0.0,0.08890872775318887,-0.0006667241341078434,0.0004015693219001637,0.004674516313086727,-0.587299999999999,0.2555619491043031,0.14203980296607374,0.028899152120894972,0.0023813618106549583,0.0,0.0,0,0,0.0,False
2013-01-01,1.91,0.27,0.07,0.14,-0.33,10502.3,2931381.51,2086586.85,1485.0905,8.0,135257,14568.746,4.2,98.3342,99.0467,76.7502,94.69,202.5,888.0,940.0,73.8,231.679,95.275,0,1.65,1.46,0.09,0.016449942808981932,0.05900252290679209,0.050000000000000044,0.020268355938483085,0.02090251459750392,-0.5237999999999943,-0.10469716952419594,0.008508508508508372,0.40634005763688763,0.3500717360114778,0.053333333333333344,0.08281096710899982,0.0568459318549428,0.08186774904856597,0.13082339216679761,0.017595049796895523,0.016243828413875505,0.0429184549356223,0.007452987039809984,0.10326313455996461,0.0,0.09379578756065561,3.061136970239353e-05,-0.0026832145565267584,0.007189032891000174,-0.5237999999999943,-0.01608406797116979,0.14240495020310448,0.02190211918592408,0.0032701738103897426,0.0,0.0,0,0,0.0,False
2013-02-01,1.98,0.27,0.1,0.15,0.23,10523.0,2953480.76,2103074.32,1491.2758,7.7,135546,14539.752,4.3,98.7941,99.4999,77.0029,95.32,204.3,962.0,980.0,77.6,232.937,95.614,0,1.8399999999999999,1.64,0.06000000000000001,0.015092385512510686,0.0034915834111386435,0.024390243902439046,0.014467904237824847,0.009700790355481548,-0.6170999999999935,-0.055367118914604885,0.008968609865470878,0.22821576763485485,0.3202247191011236,0.03000000000000001,0.07679452082884763,0.058212853345787074,0.08133470420033873,0.12396996511440106,0.01684061762098299,0.014708075063369241,-0.016000000000000014,0.004607671249730859,-0.27178423236514515,0.0,0.10711165015624821,-0.0008710404378637904,-0.004962120549149018,-0.016794520828847623,-0.6170999999999935,-0.019491583411138658,0.12315938237901702,-0.015283837025613617,0.0018276216042985016,0.0,0.0,0,0,0.0,False
2013-03-01,1.96,0.26,0.09,0.14,-0.26,10578.7,2963147.07,2113583.43,1499.1908,7.5,135689,14590.576,4.3,99.1921,99.4239,77.2135,93.05,204.0,1010.0,936.0,78.6,232.282,95.488,0,1.88,1.71,0.04999999999999999,0.015257398377637399,-0.003538868026888964,0.04878048780487809,0.015945538776370727,0.00992160158502009,-0.2516999999999996,-0.06777506112469445,0.013392857142857206,0.3664772727272727,0.3279132791327912,0.013333333333333336,0.07308566941659955,0.06330442780128842,0.08690965093649394,0.10943649338281403,0.020181404902574807,0.016046076681118793,0.030544488711819362,0.003654283470829977,0.1948879618974555,0.0,0.11901232426642222,-0.0008327365232594364,-0.007311997856962016,-0.023085669416599564,-0.3644000000000034,0.034083356738708326,0.1298185950974252,-0.012221207868648554,0.0063116536005263235,0.0,0.0,0,0,0.0,False
2013-04-01,1.76,0.23,0.06,0.15,-0.29,10608.9,2972772.62,2124916.39,1507.4345,7.6,135873,14650.083,4.4,99.1065,99.1189,77.0553,92.07,203.5,835.0,1012.0,76.4,231.797,95.391,0,1.8699999999999999,1.7,0.010000000000000009,0.014512366540060384,-0.0030368253681922752,0.023809523809523725,0.02534732272069462,0.01445816570057823,-0.041100000000000136,-0.12374046520387982,-0.0009794319294808007,0.4532374100719425,0.16129032258064524,-0.12,0.07405602428599001,0.06146411120969564,0.08456136650877388,0.11010819993058818,0.015187472411246183,0.01276992915022701,0.03149606299212593,0.0007405602428599007,0.046897352435054884,0.0,0.11493788796213084,-0.001937576268921548,0.005078966782211536,-0.06405602428599,-0.15380000000000393,0.034532888360318204,0.12481252758875383,-0.01759242261435065,0.004618179354752838,0.0,0.0,0,0,0.0,False
2013-05-01,1.93,0.25,0.04,0.11,0.14,10646.5,2988661.4,2136909.76,1510.4068,7.5,136096,14720.7,4.3,99.1839,99.3881,77.0307,94.8,204.1,930.0,1003.0,84.5,231.893,95.461,0,1.7,1.53,0.009999999999999981,0.015303568092658315,-0.0026872830346563736,0.04761904761904767,0.017145631127746475,0.005909479320374222,-0.19929999999999382,-0.10897125713732703,-0.0009818360333824216,0.10889774236387773,0.3825136612021858,-0.10666666666666665,0.07106511862695597,0.06082645350995519,0.08191049673850204,0.1014596161419985,0.01138808047576867,0.010412253198881505,0.0,0.0007106511862695583,-0.11931802527097712,0.0,0.10340497096692382,0.00021118258014762858,0.0026777268899216278,-0.06106511862695599,-0.3119999999999976,0.0026872830346563736,0.13861191952423133,0.015452537145214301,0.0026136001641681172,0.0,0.0,0,0,0.0,False
2013-06-01,2.3,0.33,0.05,0.09,-0.14,10705.6,3000936.05,2150247.57,1521.75,7.5,136279,14720.82,4.3,99.3897,99.6551,77.1119,95.8,204.3,839.0,942.0,84.1,232.445,95.673,0,1.89,1.68,-0.05,0.016157453035869018,0.0022797375431982125,0.023809523809523725,0.015594777439077445,0.011282131639114068,-0.1828000000000003,0.001055966209081216,0.0108964834076275,0.31355932203389836,0.26005025125628145,-0.13666666666666663,0.06979571740069734,0.06056785091128347,0.08033470495965944,0.09527199083642035,0.013903888279197085,0.012290301372187118,0.06557377049180335,-0.0034897858700348675,-0.05291795069337435,0.0,0.11447323822232576,0.0009000546582316193,-0.00035076133729328163,-0.11979571740069735,-0.33660000000000423,0.06329403294860514,0.09609611172080292,-0.03372248337662227,-0.002736576890004949,0.0,0.0,0,0,0.0,False
2013-07-01,2.58,0.34,0.04,0.09,-0.52,10743.0,3014697.69,2163842.81,1531.9036,7.3,136391,14690.118,4.3,99.0814,98.7947,76.8008,104.61,204.4,880.0,997.0,85.1,232.9,95.792,0,2.25,1.9699999999999998,-0.07,0.01690880735451028,0.002734683893578893,0.023809523809523725,0.017645800035426706,0.010415927355167831,-0.10159999999999059,0.16248028151923322,0.022522522522522515,0.10832232496697491,0.18639798488664994,-0.09666666666666664,0.06802877181080835,0.06045733930566244,0.07996620225564599,0.08853543110402273,0.017157935271568725,0.015055063976064709,0.1489071038251364,-0.004762014026756585,-0.3449150851049676,0.0,0.1360290134377405,0.002396440814449896,-0.007701522685267914,-0.13802877181080836,-0.2553999999999945,0.1461724199315575,0.07284206472843127,-0.05197046286032256,-0.001006771904033199,0.0,0.0,0,0,0.0,False
2013-08-01,2.74,0.36,0.04,0.08,0.3,10803.6,3030269.0,2177890.61,1533.107,7.2,136646,14715.624,4.4,99.6543,99.6198,77.1772,106.57,204.2,917.0,964.0,82.1,233.456,95.934,0,2.54,2.24,-0.07,0.016652131457918662,0.007130895661940251,0.023809523809523725,0.012364196654177428,0.0034289045685889086,-0.41270000000000095,0.18969634936881596,0.02148925537231383,0.18918918918918926,0.17432273262661946,-0.17333333333333334,0.066196903533148,0.06149472113274301,0.08053865589013709,0.08353229992363875,0.01885471805415806,0.015951128457492025,0.1770401106500692,-0.00463378324732036,0.08029144682531153,0.0,0.15619659167716726,0.0013485633652603468,-0.004781434473569046,-0.136196903533148,-0.5665000000000049,0.16990921498812894,0.07114528194584194,-0.06746663757838939,0.0006682676227878215,0.0,0.0,0,0,0.0,False
2013-09-01,2.81,0.4,0.02,0.08,0.1,10865.8,3045861.58,2192597.96,1540.0211,7.2,136821,14776.266,4.3,100.161,99.644,77.5046,106.29,203.9,850.0,1004.0,77.5,233.544,95.976,0,2.7,2.3800000000000003,-0.05,0.017172972852261825,0.01112812171281341,0.07317073170731736,0.022593571227008002,0.01328502538303411,-0.03629999999999711,0.13179694137638065,0.007400098667982302,0.21618037135278523,0.14761904761904754,-0.12000000000000001,0.0646248447939457,0.060609138528345596,0.08046724052016385,0.0753729838865238,0.01538809488600279,0.014047883304264985,0.10497981157469716,-0.003231242239697285,-0.09737895068111313,0.0,0.16364467402653313,0.001015519816392807,0.006998793787930557,-0.1146248447939457,-0.19010000000000105,0.09385168986188375,0.06461190511399721,-0.031484206606805704,4.128761706212458e-05,0.0,0.0,0,0,0.0,False
2013-10-01,2.62,0.34,0.05,0.09,0.01,10989.2,3063380.14,2206415.52,1549.6386,7.2,137041,14726.182,4.3,100.082,99.8771,77.3802,100.54,202.5,925.0,1044.0,73.2,233.669,96.103,0,2.79,2.41,-0.06000000000000001,0.01712794665358275,0.007729286339185126,0.023809523809523725,0.02854766330187619,0.015598245299326408,0.0,0.12214949324324342,-0.0024461839530333096,0.0035419126328217754,0.0795698924731183,-0.04000000000000001,0.062316686871846994,0.06283497965206619,0.0831804783248622,0.07365941689240496,0.010947341081747997,0.011412854478201728,-0.010217113665389466,-0.0037390012123108204,-0.10478041233415314,0.0,0.17530959322926468,0.00021913929907246832,0.010901863266449485,-0.122316686871847,0.0,-0.017946400004574592,0.069052658918252,-0.0037894058101792666,0.002377640346403753,0.0,0.0,0,0,0.0,False
2013-11-01,2.72,0.3,0.07,0.08,0.3,10999.8,3075875.88,2223436.04,1558.8519,6.9,137317,14763.876,4.4,100.3158,99.8721,77.4988,93.86,201.2,1100.0,1029.0,75.1,234.1,96.246,0,2.5700000000000003,2.2800000000000002,-0.07,0.017613556200758884,-0.0024012256642695906,0.04878048780487809,0.024178437626957816,0.019332984972872724,-0.12439999999999429,0.12247404264820827,-0.004914004914004955,0.010928961748633892,0.17700112739571594,0.1366666666666667,0.06749300590612384,0.06301689982967273,0.08244130753005807,0.06902725220343409,0.00876799143491147,0.009761069199571093,-0.11380145278450349,-0.004724510413428669,-0.17826022744055536,0.0,0.16195343256225894,0.0009614247428402223,0.011814240972780388,-0.13749300590612384,-0.12439999999999429,-0.1114002271202339,0.08123200856508853,0.010086726619246589,0.0015221786969297213,0.0,0.0,0,0,0.0,False
2013-12-01,2.9,0.34,0.07,0.09,-0.15,11062.4,3090467.79,2236328.98,1574.3331,6.7,137372,14797.116,4.5,100.5175,99.6773,77.5927,97.63,202.0,1002.0,1005.0,82.5,234.719,96.414,0,2.6500000000000004,2.4200000000000004,-0.08,0.018483218987576544,-0.013272874513841959,0.07317073170731736,0.02281966236973343,0.013406270262372066,-0.005799999999993588,0.08308331410108472,-0.0029732408325074955,0.3205282112845138,0.12213740458015265,0.1366666666666667,0.061183144246353294,0.05942414454170453,0.08063926693855406,0.06949371436082985,0.012328701961954458,0.011954704602088029,-0.09189842805320447,-0.004894651539708263,0.10434783993172858,0.0,0.15747398303551702,0.0013102461353147188,0.0002260911427254264,-0.1411831442463533,-0.005799999999993588,-0.07862555353936251,0.06767129803804554,0.003059392924048332,-0.0011849939866410697,0.0,0.0,0,0,0.0,False
2014-01-01,2.86,0.39,0.04,0.07,-0.7,11127.5,3113002.96,2252106.41,1586.7887,6.6,137561,14872.775,4.4,100.1599,98.6228,77.254,94.62,203.8,888.0,976.0,81.2,235.288,96.614,0,2.83,2.56,-0.07,0.01701289663443739,-0.0349904363912904,0.0714285714285714,0.02245344069429267,0.004403453032689297,0.0,0.10628895184135967,0.002481389578163684,0.026639344262294973,0.0680127523910734,0.05333333333333335,0.05502889732389793,0.06095728105820619,0.07882815531232712,0.06765485450956854,0.015128383667573297,0.013881001955959427,0.13168724279835375,-0.0038520228126728553,0.023097431629473197,0.0,0.17250910539472353,-0.0001150500191453574,-0.0060942226075835215,-0.12502889732389794,0.0,0.16667767918964416,0.0748716163324267,0.005818957414174694,-0.00187769859386,0.0,0.0,0,0,0.0,False
2014-02-01,2.71,0.33,0.05,0.07,0.44,11191.9,3133891.8,2267194.15,1619.7163,6.7,137712,14955.901,4.3,100.9168,99.5446,77.7747,100.82,205.7,944.0,1039.0,81.6,235.547,96.66,0,2.82,2.4699999999999998,-0.07,0.01703423852369923,0.020868577158253743,0.04761904761904767,0.01856627704298197,-0.0042797993269841905,-0.3386999999999887,-0.000739254409124479,0.006419753086419844,0.0,0.038297872340425476,-0.18333333333333332,0.05952981727812001,0.06195762966383733,0.07932550710745634,0.0684794630360912,0.01557758795574915,0.014054054054054133,0.10027100271002709,-0.004167087209468401,-0.010928961748633892,0.0,0.17472051565202126,-0.0005793176770596542,-0.005612160583975845,-0.12952981727812002,-0.3386999999999887,0.07940242555177335,0.054422412044250856,-0.02680959652083767,-0.001059270165835402,0.0,0.0,0,0,0.0,False
2014-03-01,2.72,0.4,0.05,0.08,0.48,11228.8,3150697.02,2281943.64,1633.327,6.7,137985,15033.859,4.5,101.8942,100.4304,78.4628,100.8,207.0,970.0,1067.0,80.0,236.028,96.815,0,2.66,2.38,-0.07999999999999999,0.015979814970563444,0.028621464795272944,0.0,0.02148610089064018,0.00044924668265999834,0.0,0.05770037767519942,0.006852667645619093,-0.018711018711018657,0.060204081632653006,-0.13666666666666663,0.06356552313978892,0.061084210347116086,0.07803805525997776,0.08612793153352327,0.011204746347724948,0.010939820528374389,0.05154639175257736,-0.005085241851183113,-0.33923922999553247,0.0,0.1624839995233288,-0.0025034040170131,-0.0013335614790932482,-0.1435655231397889,0.0,0.022924926957304415,0.05879525365227506,-0.008876044385770485,0.0016600658054115591,0.0,0.0,0,0,0.0,False
2014-04-01,2.71,0.42,0.03,0.09,0.05,11276.0,3173234.63,2298148.18,1651.1633,6.2,138298,15078.809,4.4,101.9928,100.4384,78.4705,102.07,208.3,1043.0,1090.0,84.1,236.468,96.987,0,2.6700000000000004,2.3200000000000003,-0.06000000000000001,0.016921047395146216,0.030381459923172427,0.04651162790697683,0.02724108069090181,0.010123320449107354,0.0,0.08328855454056949,0.014705882352941124,-0.03960396039603964,0.1399572649572649,0.07333333333333336,0.06145367578246841,0.06329417527021364,0.07965628780501932,0.08947240071110363,0.016126949139408042,0.0138970341823057,0.01781170483460559,-0.003687220546948105,-0.06624330465833461,0.0,0.16899544797147042,-9.184923929117517e-05,0.004787639996609139,-0.12145367578246842,0.0,-0.012569755088566836,0.06387305086059196,-0.01099856547183474,0.0023368942120074454,0.0,0.0,0,0,0.0,False
2014-05-01,2.56,0.39,0.03,0.09,0.12,11343.1,3192546.34,2313991.15,1663.6719,6.3,138513,15120.855,4.6,102.3836,100.7026,78.6999,102.18,208.0,1007.0,1018.0,81.9,236.918,97.147,0,2.68,2.29,-0.06,0.017847548813965997,0.029264407580489316,0.0,0.029123215934373725,0.013312294627967125,0.0,0.10861301183881822,0.02358722358722365,0.24910179640718555,0.07707509881422925,0.32333333333333336,0.06288116581360947,0.06743267502241723,0.08152404998862095,0.09534663031793422,0.02015125303606169,0.016731138157687786,0.10078534031413589,-0.003772869948816568,0.24910179640718555,0.0,0.1807195690600782,0.0008133102902667666,0.010556938891391754,-0.12288116581360947,0.0,0.07152093273364657,0.06984874696393831,0.015426334919687451,0.0054750453585799,0.0,0.0,0,0,0.0,False
2014-06-01,2.6,0.45,0.04,0.1,0.14,11398.4,3209899.68,2331484.59,1676.7948,6.1,138849,15177.06,4.5,102.735,101.0359,78.8952,105.79,208.3,911.0,1010.0,82.5,237.231,97.253,0,2.5300000000000002,2.17,-0.020000000000000004,0.017759522689865914,0.02718315025780016,0.06976744186046502,0.03226027611336124,0.013225929462380437,0.0,0.07784810126582298,0.019108280254777066,0.08279569892473115,0.014955134596211339,0.21666666666666667,0.06542995350584713,0.06821948448225013,0.08286797754155062,0.1014727290687516,0.02166947687079812,0.017661662878033946,-0.03076923076923066,-0.0013085990701169428,0.10150671763574981,0.0,0.17259529574009283,0.0017797077193024702,0.01077417522272106,-0.08542995350584713,0.0,-0.05795238102703082,0.06833052312920188,0.009535269476926816,0.00713527413513404,0.0,0.0,0,0,0.0,False
2014-07-01,2.54,0.51,0.03,0.09,0.3,11452.5,3231535.62,2347363.86,1694.9228,6.2,139072,15218.177,4.4,102.9632,101.516,78.9933,103.59,208.0,1085.0,1076.0,81.8,237.498,97.391,0,2.56,2.15,0.010000000000000009,0.018858371429200327,0.030992838714147597,0.04651162790697683,0.03365841732090935,0.013855788614932862,0.0,0.10427974947807939,0.0195790504160549,0.08581644815256251,0.0721868365180467,0.10333333333333335,0.06471379464952909,0.06963281673396549,0.08428658287008317,0.10188585510103487,0.020589816945944195,0.01651458614238077,-0.019024970273483932,0.0006471379464952914,0.12542040854860215,0.0,0.17826001083895165,0.001937324034054111,0.006417336630007542,-0.05471379464952908,0.0,-0.05001780898763153,0.07941018305405581,0.015537132193463851,0.0063386414637518484,0.0,0.0,0,0,0.0,False
2014-08-01,2.42,0.47,0.03,0.09,-0.23,11477.8,3248721.35,2362587.83,1711.7606,6.1,139269,15295.125,4.4,102.7688,100.9258,78.7669,96.54,207.0,984.0,1047.0,82.5,237.46,97.379,0,2.5100000000000002,2.0300000000000002,0.0,0.01965672221774173,0.035946545834417254,0.023255813953488413,0.03917788807990186,0.027544999883597043,0.0,-0.009750501864066452,0.017612524461839474,0.23295454545454541,0.07923771313941819,0.18666666666666668,0.06604300474727731,0.07192692345878315,0.08481256085325328,0.10641609563421617,0.019742378703305974,0.016692416903290486,-0.03877790834312567,0.0,-0.016147250952640135,0.0,0.18053657788154573,0.0018091734037757323,0.010054672145528132,-0.06604300474727731,0.0,-0.07472445417754292,0.07025762129669402,0.0004088743327557154,0.004494248436365922,0.0,0.0,0,0,0.0,False
2014-09-01,2.53,0.57,0.02,0.09,0.01,11520.7,3265101.43,2377932.28,1725.7492,5.9,139563,15348.309,4.5,103.0641,100.9676,78.9218,93.21,206.4,1023.0,1077.0,84.6,237.477,97.413,0,2.39,1.95,0.009999999999999995,0.019195585673931204,0.03937998144013477,0.0,0.031253041765382905,0.013109843625463968,-0.22639999999999816,-0.09411654311719986,0.013712047012732764,0.0730643402399127,0.08609958506224058,0.07000000000000002,0.06240512421785316,0.07209008507165549,0.08480555412284918,0.11653041829435273,0.017150983482969062,0.015062438759980923,0.004872107186358221,0.0006240512421785313,-0.009731358684818447,0.0,0.17229530332125662,0.0014360629840652894,-0.0010072343479783363,-0.05240512421785316,-0.22639999999999816,-0.03450787425377655,0.07284901651703093,0.004518493387829059,0.0038706005894053597,0.0,0.0,0,0,0.0,False
2014-10-01,2.3,0.45,0.02,0.09,0.04,11596.5,3275438.44,2385640.01,1730.8227,5.7,139798,15426.259,4.4,103.0764,100.8816,78.8663,84.4,203.4,1074.0,1094.0,86.9,237.43,97.384,0,2.51,1.96,0.009999999999999995,0.02004078321310332,0.03871363712591536,0.04651162790697683,0.0289843352202952,0.013283288507085267,-0.07150000000000034,-0.12305955405024005,0.012260912211868646,0.20352941176470596,0.07270916334661348,0.026666666666666675,0.06027167810929712,0.07197958418057859,0.08452727010655425,0.12060100994720147,0.016840509711232077,0.014972493123280861,0.0916129032258064,0.0006027167810929709,0.11771296361214345,0.0,0.18066875629325224,0.0011824117839029924,-0.004674082100614152,-0.05027167810929713,-0.07150000000000034,0.05289926609989104,0.07315949028876792,-0.006250692765287891,0.002346767446613107,0.0,0.0,0,0,0.0,False
2014-11-01,2.33,0.53,0.02,0.09,0.27,11638.9,3283048.38,2400874.63,1751.6755,5.8,140089,15514.307,4.5,103.7126,101.593,79.2962,75.79,200.9,1001.0,1059.0,88.8,236.983,97.291,0,2.28,1.8499999999999999,0.0,0.02011806685590445,0.047539613458532415,0.023255813953488413,0.029919466037849007,0.010057360496049661,-0.12700000000000955,-0.16053312114581264,0.004444444444444473,0.161081081081081,0.04789272030651337,-0.05999999999999999,0.055263349470389134,0.06922363216730898,0.08122880227020879,0.11692022901339705,0.016095417021513292,0.013329448612426242,0.18715846994535523,0.0,-0.07187346437346442,0.0,0.15782988134146447,0.00046134463816271953,-0.00925842204205285,-0.055263349470389134,-0.12700000000000955,0.13961885648682282,0.0739045829784867,0.003646961681792682,-0.0027032912914741747,0.0,0.0,0,0,0.0,False
2014-12-01,2.21,0.64,0.03,0.12,0.06,11721.2,3309539.83,2422158.19,1773.1944,5.6,140364,15620.73,4.5,103.7044,101.3884,79.2419,59.29,197.0,1073.0,1072.0,93.6,236.252,97.12,0,2.31,1.8,0.009999999999999995,0.020186866884653654,0.05082886093055783,0.022727272727272707,0.0338610667511996,0.01723103849823926,0.0,-0.19252077562326864,-0.0014910536779323413,-0.08999999999999997,0.029154518950437414,0.10666666666666669,0.05810105638284346,0.06735398568813511,0.07980377524149507,0.12369590722505475,0.01231524989320798,0.010857594081832067,0.18242343541944073,0.0005810105638284343,-0.16306434023991268,0.0,0.15558770693959212,0.00099128121072245,0.0026080249858166926,-0.04810105638284347,0.0,0.1315945744888829,0.07768475010679202,0.004835733589761082,-0.004736099383520376,0.0,0.0,0,0,0.0,False
2015-01-01,1.88,0.55,0.03,0.11,-0.26,11806.2,3319930.47,2438896.88,1791.5675,5.7,140568,15758.015,4.5,102.8905,100.7857,78.5803,47.22,192.0,1085.0,1049.0,98.1,234.747,96.654,0,2.18,1.5699999999999998,0.03,0.021780275456424913,0.05566044085888078,0.0,0.03170492700276073,0.017166395959762104,-0.054299999999997794,-0.3927071596845232,-0.024752475247524774,0.07085828343313372,0.06666666666666665,0.12333333333333335,0.05955308070581444,0.07088636895322575,0.08309564990746576,0.1263146280796612,0.006531213919623191,0.007322588005891362,0.13454545454545452,0.0017865924211744333,-0.13267112833157224,0.0,0.15453228431803215,0.0017394922433215942,0.0027205917824655312,-0.029553080705814444,-0.054299999999997794,0.07888501368657375,0.1134687860803768,0.040309295791608885,-0.0010932152273528395,0.0,0.0,0,0,0.0,False
2015-02-01,1.98,0.62,0.02,0.11,-0.48,11920.7,3337844.15,2453092.51,1807.9295,5.5,140827,15815.476,4.4,102.2335,100.0389,78.055,50.58,191.1,886.0,1127.0,95.4,235.342,96.825,0,1.8499999999999999,1.3299999999999998,0.039999999999999994,0.021859393287341655,0.05952083588973811,0.022727272727272707,0.027262407410550527,0.02193103420304432,-0.7159000000000049,-0.5009511731135067,-0.05789990186457317,0.22184684684684686,0.07479508196721318,0.023333333333333355,0.060993035272972396,0.06647199268965687,0.08294033939541956,0.1290523432641031,-0.002299309782054282,0.0004140186722421113,0.20812807881773399,0.0024397214109188954,0.06076576576576587,0.0,0.12297318647586519,0.0017413264314372068,-0.002657058627298481,-0.020993035272972402,-0.7159000000000049,0.14860724292799588,0.11229930978205428,0.03839472680356758,-0.0027516394776521125,0.0,0.0,0,0,0.0,False
2015-03-01,2.04,0.64,0.03,0.11,0.01,11919.1,3360575.76,2469797.79,1833.4666,5.4,140923,15786.489,4.3,101.8914,100.3616,77.7804,47.82,191.5,960.0,1072.0,93.0,235.976,97.008,0,1.96,1.3599999999999999,0.039999999999999994,0.02261967003601728,0.05747396963914109,0.023255813953488413,0.0130473816054415,0.004965613403439262,-1.241199999999992,-0.498313826621702,-0.07097715119105497,-0.06144067796610164,0.08469682386910482,-0.22666666666666666,0.0651185232176843,0.0650795761359726,0.08199490105423912,0.11620133723418102,-0.0008703146293520536,0.001707014276846719,0.1691176470588236,0.0026047409287073713,0.028559322033898327,0.0,0.12755596922650628,0.0024328031513636272,-0.0208136851457581,-0.025118523217684305,-1.241199999999992,0.11164367741968251,0.11087031462935205,0.03318556452256004,-0.002274409552162515,0.0,0.0,0,0,0.0,False
2015-04-01,1.94,0.54,0.02,0.12,0.0,11953.4,3382639.53,2484037.47,1847.8935,5.4,141196,15833.624,4.3,101.3355,100.3447,77.3487,54.45,190.9,1190.0,1166.0,95.9,236.222,97.094,0,2.0100000000000002,1.4,0.03,0.021292169438707154,0.050062329306134856,-0.04444444444444451,-2.7479483621140055e-05,-0.0006850515381797706,-1.5157999999999987,-0.525595238095238,-0.0748792270531401,-0.010309278350515427,0.004686035613870709,-0.24333333333333332,0.061475847819891793,0.06661343146222287,0.082321993719354,0.12253492411501177,-0.00022031284423873476,0.001993492743892933,0.1625000000000001,0.0018442754345967538,-0.08116756178364914,0.0,0.133892997239068,-0.00048810601771775985,-0.03173240648638187,-0.031475847819891795,-1.5157999999999987,0.11243767069386523,0.11022031284423874,-0.003248473236138069,-0.004272937491002882,0.0,0.0,0,0,0.0,False
2015-05-01,2.2,0.61,0.02,0.12,-0.34,11981.9,3399365.69,2499023.24,1863.5024,5.6,141538,15866.779,4.3,100.8883,100.3722,77.0092,59.27,193.4,1079.0,1272.0,90.7,237.001,97.327,0,1.92,1.4,0.03,0.02095474988792323,0.05005799861248983,-0.022727272727272818,-0.0064445725580629665,-0.0009329101220250102,-1.9475000000000051,-0.46654256882531586,-0.08353336533845412,0.14093959731543615,0.06972477064220173,-0.15666666666666665,0.0600744945015963,0.06599099165888034,0.0808865553656335,0.11914642240413165,-0.0010403098939391064,0.0011032406404982709,0.14030915576694425,0.001802234835047889,-0.08090724953141071,0.0,0.12670270398505024,-0.0009046433994184255,-0.03370697996861349,-0.0300744945015963,-1.9475000000000051,0.09025115715445442,0.1210403098939391,0.00874100011188482,-0.0004810010307765289,0.0,0.0,0,0,0.0,False
2015-06-01,2.36,0.69,0.02,0.13,-0.14,12020.9,3425250.89,2519760.18,1880.1388,5.3,141709,15873.338,4.4,100.571,99.9743,76.7774,59.82,194.8,1205.0,1379.0,96.1,237.657,97.516,0,2.18,1.5900000000000003,0.03,0.02183910535473199,0.049330808343840404,-0.06521739130434778,-0.01460487812501221,-0.0032809480589378603,-2.286999999999992,-0.4199451947543551,-0.07019230769230766,0.07149950347567025,0.24950884086444014,-0.10999999999999999,0.05631617459072036,0.06478194142672966,0.07996231532691911,0.12011412827252776,0.0003503321824429584,0.0018528621573490334,0.10744810744810751,0.0016894852377216107,0.1329401814417719,0.0,0.14122463231027066,-0.0007805646812852896,-0.02765225973045371,-0.02631617459072036,-2.286999999999992,0.058117299104267106,0.11964966781755704,0.008779353188204983,-0.0002976347092429332,0.0,0.0,0,0,0.0,False
2015-07-01,2.32,0.67,0.03,0.13,0.35,12063.5,3444143.74,2532701.38,1889.5119,5.2,141991,15899.39,4.3,101.2228,100.7102,77.2924,50.9,193.9,1146.0,1140.0,93.1,238.034,97.605,0,2.34,1.67,0.03,0.020597915721395132,0.045877001211038326,-0.022222222222222143,-0.021063902272837942,-0.010507156367192239,-2.518799999999999,-0.4345401266660365,-0.06481036965914544,0.32272228320526897,0.36534653465346545,-0.16,0.05461292813026386,0.06708970107128076,0.0807535210858934,0.12126946004364991,0.001795718097550525,0.0027042867572208973,0.1648484848484848,0.0016383878439079158,0.3330315615557844,0.0,0.15698990050679698,-0.0006942537173120211,-0.021036422789216802,-0.02461292813026386,-2.518799999999999,0.11897148363744647,0.12820428190244948,0.017983969058210744,0.00047626960905788884,0.0,0.0,0,0,0.0,False
2015-08-01,2.17,0.7,0.07,0.14,-0.28,12110.1,3460249.09,2545654.98,1903.4148,5.1,142125,15930.975,4.3,101.0367,100.4099,77.1715,42.87,191.9,1130.0,1165.0,91.9,238.033,97.612,0,2.29,1.65,0.04000000000000001,0.0209891279337322,0.044763114530735226,-0.022727272727272818,-0.016903126553953207,-0.007937664998620919,-2.0037999999999982,-0.5086398300994305,-0.06778846153846152,0.05622119815668203,0.059479553903345694,-0.043333333333333335,0.05335079676926435,0.0657916684204769,0.0789555991545341,0.11480705787897838,0.0022568611104094582,0.002197328295222345,0.13814180929095343,0.0021340318707705743,-0.08471839915875412,0.0,0.1506629206828921,3.4378045808969304e-05,-0.01045855399589024,-0.013350796769264345,-2.0037999999999982,0.0933786947602182,0.12774313888959055,0.006702828995651444,-0.00019932323840343713,0.0,0.0,0,0,0.0,False
2015-09-01,2.17,0.71,0.02,0.14,-0.12,12172.7,3487879.79,2567180.93,1915.3652,5.0,142275,15973.484,4.2,100.7547,100.1731,76.9791,45.48,189.1,1224.0,1144.0,87.2,237.498,97.477,0,2.1,1.47,0.05000000000000002,0.020507076233763355,0.0415720695319588,-0.022727272727272818,-0.016854337113987983,-0.005111676102641738,-2.1247000000000043,-0.5559353635798634,-0.07294685990338157,0.14837398373983746,0.11270296084049658,-0.023333333333333334,0.055088954329227,0.06511107516192483,0.07748586007064961,0.11196320326569031,0.002413037985344868,0.0023927130079379744,0.11393939393939401,0.002754447716461351,0.07687448026416721,0.0,0.13673325784004214,-0.0013320291209686363,-0.002249458988975772,-0.005088954329226986,-2.1247000000000043,0.07236732440743521,0.13758696201465515,0.017937294197098108,0.000329133735195164,0.0,0.0,0,0,0.0,False
2015-10-01,2.07,0.64,0.02,0.12,-0.26,12228.4,3502824.92,2581093.68,1930.1898,5.0,142579,16012.028,4.3,100.2675,100.0112,76.6282,46.22,187.5,1058.0,1160.0,90.0,237.733,97.477,0,2.15,1.46,0.05000000000000002,0.019432084434986452,0.040732500238299885,-0.06666666666666665,-0.022407414414912674,-0.007868860901913077,-2.3170999999999964,-0.5120695204377212,-0.08381782945736438,0.19648093841642233,0.062209842154131945,-0.016666666666666663,0.05659378336385812,0.06823014989767096,0.07958538247354974,0.10987459823246626,8.842961634170088e-05,0.0006569964994405098,0.030732860520094718,0.002829689168192907,-0.12624134478884663,0.0,0.14669482227999256,-0.0011658312864086806,-0.001343512142074732,-0.006593783363858102,-2.3170999999999964,-0.009999639718205167,0.1399115703836583,0.011707288481208833,0.0011404488263901946,0.0,0.0,0,0,0.0,False
2015-11-01,2.26,0.88,0.12,0.12,-0.37,12322.7,3510642.87,2592823.32,1946.3805,5.1,142808,16009.52,4.2,99.5298,99.7327,76.0819,42.44,185.7,1172.0,1244.0,91.3,238.017,97.538,0,2.05,1.4299999999999997,0.03,0.0198929884547705,0.03797220051860917,-0.022727272727272818,-0.027250660674994598,-0.008627936115208401,-2.667999999999992,-0.45236966824644553,-0.07817109144542778,-0.014897579143389184,0.06032906764168189,-0.21999999999999997,0.05449057905402488,0.06942169244371454,0.08192923877060587,0.11518632151057417,0.0012761656067050708,0.0009549823379610967,0.035673187571921616,0.0016347173716207463,-0.07111877730007121,0.0,0.1423144695096148,-0.0010961394789616996,-0.01034753412104139,-0.02449057905402488,-2.667999999999992,-0.002299012946687551,0.11872383439329492,-0.009019304496295621,0.0036300240232376435,0.0,0.0,0,0,0.0,False
2015-12-01,2.24,0.98,0.23,0.24,-0.3,12393.6,3400230.33,2502147.67,1952.877,5.0,143077,16077.429,4.2,99.0417,99.4727,75.7214,37.19,183.5,1146.0,1211.0,92.6,237.761,97.456,0,2.1399999999999997,1.38,0.03,0.0194090899356838,0.03191976283568443,-0.06666666666666665,-0.04033068306068888,-0.018311300975460965,-3.1599999999999966,-0.44003166644676084,-0.07565953210552523,0.17082917082917093,0.17469310670443816,-0.25,0.05875125656204627,0.06932413527210968,0.07994948490917242,0.11115357838823448,0.004363182169185187,0.002538775426298434,0.028153153153153143,0.001762537696861388,0.022455187089333473,0.0,0.1483536494823147,-0.0010979862980795563,-0.023476345946700894,-0.028751256562046273,-3.2142999999999944,-0.0037666096825312856,0.11563681783081481,-0.021950144183840337,0.004213060110184852,0.0,0.0,0,0,0.0,False
2016-01-01,2.09,0.9,0.26,0.34,0.09,12522.2,3419541.48,2516150.21,1963.8522,4.8,143210,16098.568,4.3,99.5607,99.9002,76.1248,31.68,182.6,1092.0,1171.0,92.0,237.652,97.496,0,2.0100000000000002,1.2600000000000002,0.12,0.01932831780228539,0.029236725812429976,-0.06666666666666665,-0.04496144811599123,-0.018894666450994357,-2.8588999999999913,-0.37274413897790526,-0.06852791878172593,0.06803355079217144,0.1296641791044777,-0.31,0.057366139985666864,0.02740275224305133,0.03302405281795395,0.10133271343514272,0.006387247515364791,0.0034596375617792496,-0.010683760683760646,0.006883936798280023,-0.1284473876242509,0.0,0.05507953200853318,-0.00010376663270106334,-0.022554033701078557,0.06263386001433313,-3.574799999999996,-0.03992048649619062,0.2336127524846352,0.09370118210097689,-0.040827397654619624,0.0,0.0,0,0,0.0,False
2016-02-01,1.78,0.73,0.31,0.38,-0.23,12604.4,3438079.8,2530831.86,1987.1485,4.9,143406,16107.427,4.3,99.0445,99.569,75.7291,30.32,181.3,1225.0,1172.0,91.7,237.336,97.445,0,1.8299999999999998,1.19,0.23000000000000004,0.018795173866029247,0.021611414889502356,-0.04444444444444451,-0.03236256019749162,-0.00878596864436132,-1.9302000000000135,-0.3290978398983482,-0.048958333333333326,0.006451612903225712,0.11630123927550051,-0.19333333333333333,0.06064610120106395,0.030003944630804247,0.031675521270911666,0.09616422490361098,0.012375025026943876,0.008711486332691809,-0.06218144750254839,0.013948603276244712,0.021349192046614895,0.0,0.05490721867437177,-0.0010978145887412527,-0.005111899522497021,0.1693538987989361,-3.1714000000000055,-0.08379286239205075,0.32762497497305615,0.20890114057976122,-0.0394177478129103,0.0,0.0,0,0,0.0,False
2016-03-01,1.89,0.88,0.29,0.36,-0.34,12662.2,3469147.01,2548219.18,2017.6484,5.0,143662,16106.421,4.3,98.3096,99.5203,75.1587,37.55,182.1,1111.0,1118.0,91.0,238.08,97.673,0,1.47,1.05,0.27,0.01831324958992231,0.018459830105650887,-0.022727272727272818,-0.031193297695960798,-0.00469717279978088,-2.0512999999999977,-0.40055357848952156,-0.05128205128205121,0.3826185101580135,0.03992901508429458,-0.14666666666666664,0.05735401444546029,0.03003005697554806,0.031690345832086075,0.09912941848672752,0.008472775790126619,0.00640330493157748,-0.038784067085953944,0.01548558390027428,0.21178933932884259,0.0,0.04414418375405565,-0.0010958403457614896,0.009137385364728079,0.21264598555453973,-3.5670999999999964,-0.05724389719160483,0.3715272242098734,0.2558904063790586,-0.03929407829656162,0.0,0.0,0,0,0.0,False
2016-04-01,1.81,0.77,0.23,0.37,-0.1,12741.9,3490038.19,2563260.62,2033.3866,5.1,143854,16081.685,4.3,98.6421,99.4128,75.3969,40.75,183.2,1163.0,1160.0,89.0,238.992,97.993,0,1.5999999999999999,1.0099999999999998,0.25,0.019436145980429087,0.02026619091806925,0.0,-0.03515311400177057,-0.008382688199470634,-2.1899999999999977,-0.2147636971978253,-0.04908616187989556,0.1572916666666666,0.042910447761194126,-0.16,0.06234531130706178,0.03230733593103108,0.03175215004140086,0.1004554977985419,0.008916160965521946,0.006855104733630268,-0.021505376344086002,0.015586327826765445,0.08925811587449517,0.0,0.05169173748964972,0.0001078281781436985,0.009808334114220663,0.18765468869293822,-4.137500000000003,-0.04177156726215525,0.35108383903447804,0.11747108654984284,0.004904583687979747,0.0,0.0,0,0,0.0,False
2016-05-01,1.81,0.82,0.27,0.37,-0.35,12800.7,3503723.51,2577515.58,2048.0749,4.8,143900,16074.046,4.2,98.4184,99.334,75.2034,46.71,185.3,1148.0,1205.0,94.7,239.557,98.153,0,1.58,1.04,0.25,0.01882489588940195,0.015666722918265652,0.0,-0.026579036961380753,-0.009286987753214682,-1.8954999999999984,-0.2516069788797062,-0.04033525405971716,-0.02268907563025213,-0.005145797598627766,-0.2233333333333333,0.0659644954573595,0.03174995711115569,0.03189289652703997,0.10038083904727202,0.011726257503534843,0.009259068531526138,-0.07194994786235664,0.016491123864339874,-0.029140688533477843,0.0,0.05016493223562599,2.9722023372702466e-05,0.005783523236110866,0.1840355045426405,-3.8992999999999967,-0.0876166707806223,0.35827374249646515,0.030648767523409004,0.0017460124803514443,0.0,0.0,0,0,0.0,False
2016-06-01,1.64,0.73,0.27,0.38,0.13,12849.3,3525125.97,2590211.23,2050.748,4.9,144147,16090.905,4.3,98.8833,99.5908,75.5298,48.76,187.6,1203.0,1208.0,93.5,240.222,98.325,0,1.54,0.9900000000000001,0.25,0.016688097895971366,0.013062953734970462,-0.023255813953488302,-0.02448153056399993,-0.010343501487463658,-2.0889999999999986,-0.21191159102412693,-0.041882109617373264,0.06394810009267848,-0.05267295597484278,-0.2633333333333333,0.06833640741451696,0.03069920376821833,0.031409207703086306,0.09904602215698777,0.010784764621246223,0.008486853596638255,0.044101433296582115,0.01708410185362924,-0.31867041006533503,0.0,0.04727677380305623,-0.0016251516939509436,0.006711767131960866,0.18166359258548304,-4.092799999999997,0.031038479561611654,0.35921523537875377,-0.012311988831119614,0.0006691467926702721,0.0,0.0,0,0,0.0,False
2016-07-01,1.5,0.67,0.3,0.39,0.05,12907.3,3544185.32,2603291.48,2057.7682,4.8,144520,16159.383,4.3,98.9992,99.6224,75.5839,44.65,187.7,1239.0,1198.0,90.0,240.101,98.342,0,1.3699999999999999,0.9099999999999999,0.25,0.017204270723807147,0.013706442841449062,-0.022727272727272818,-0.01678117946525337,-0.003835985848362977,-1.7626000000000062,-0.18488799732530925,-0.03696098562628347,-0.0016597510373443924,-0.12400290065264685,-0.10666666666666663,0.06891330931960171,0.029158471366750094,0.027959426678454635,0.09074287494093536,0.010792865347959424,0.008296074490339977,-0.027055150884495283,0.017228327329900428,-0.158951417704011,0.0,0.03994710577244762,-0.00223187525662194,0.018371934536517198,0.1810866906803983,-3.7664000000000044,-0.040761593725944345,0.3692071346520406,0.01812329561756254,-0.0031488645642809843,0.0,0.0,0,0,0.0,False
2016-08-01,1.56,0.74,0.3,0.4,-0.22,12986.7,3565315.2,2619865.0,2051.3578,4.9,144661,16177.334,4.3,98.85,99.1988,75.432,44.72,186.6,1171.0,1201.0,89.8,240.545,98.479,0,1.2,0.83,0.26,0.017810988020367402,0.016352388362069314,0.0,-0.02196738284260069,-0.010801289243790646,-1.5875999999999948,-0.12278978388998041,-0.03197524497163495,0.08115183246073299,0.050877192982456076,-0.05666666666666662,0.06994653292991249,0.02904686550625768,0.02787146584174094,0.08904749422324354,0.008683633430518256,0.007550842682239489,-0.03329752953813103,0.018186098561777247,0.10384090809098512,0.0,0.034856238607509214,-0.001013907869034547,0.004611654118780062,0.19005346707008752,-3.712299999999999,-0.04964991790020035,0.38131636656948176,0.023042624073016604,-0.0027030916048980114,0.0,0.0,0,0,0.0,False
2016-09-01,1.63,0.77,0.29,0.4,-0.09,13052.7,3588380.68,2637997.43,2070.3357,5.0,144967,16215.456,4.3,98.7457,99.3936,75.3145,45.18,186.9,1068.0,1303.0,91.2,241.176,98.666,0,1.26,0.8200000000000001,0.26,0.017843447669305235,0.01546415081311725,0.0,-0.02164263084601936,-0.012061559666925126,-1.5471000000000004,0.043153720550501484,-0.027618551328817187,0.036283185840708,0.03090128755364807,-0.013333333333333308,0.0723858597369138,0.030363741819523282,0.029151640965894066,0.07772504448321005,0.010553158595656864,0.008882104659263312,-0.022850924918389692,0.01882032353159759,-0.027664914251970485,0.0,0.038258314692599334,0.0011553497733338691,0.0028388997179805697,0.1876141402630862,-3.8641999999999967,-0.03831507573150694,0.38944684140434316,0.030231606025589386,-0.0003354619486950483,0.0,0.0,0,0,0.0,False
2016-10-01,1.76,0.84,0.33,0.4,-0.07,13124.5,3601186.93,2652167.16,2086.2929,4.9,145065,16243.304,4.4,98.7611,99.4863,75.2918,49.78,186.7,1313.0,1254.0,87.2,241.741,98.868,0,1.3399999999999999,0.8599999999999999,0.26,0.01892110349674936,0.015148354610678538,0.023809523809523725,-0.019939516469206886,-0.007781530171273476,-1.3137000000000114,-0.00659630606860151,-0.011634056054997344,-0.12745098039215685,0.13898601398601396,-0.08666666666666663,0.07229291775859092,0.028814321608257032,0.027585317097225337,0.08090911331165462,0.015486446201652182,0.012197749212634612,0.04587155963302747,0.01879615861723364,-0.12579122935481246,0.0,0.03861119095506442,0.0017168327729422117,-0.0031583370039535152,0.18770708224140908,-3.9817000000000036,0.03072320502234893,0.38451355379834784,0.01530641914630726,-0.00034414975849306195,0.0,0.0,0,0,0.0,False
2016-11-01,2.14,0.98,0.45,0.41,-0.22,13214.2,3617030.41,2663602.96,2089.4631,4.7,145183,16286.542,4.3,98.3491,99.3724,74.9498,45.66,186.3,1140.0,1230.0,93.8,242.026,98.901,0,1.43,0.92,0.28,0.01743594779034785,0.01444389180433614,0.023255813953488413,-0.015023811304759715,-0.005248412177836115,-0.8329999999999984,0.077022933794894,-0.004266666666666752,0.24102079395085063,0.08103448275862069,-0.12666666666666662,0.07328023290046115,0.02808076688000738,0.027536187683044444,0.08087448187737789,0.01685924966243646,0.014270032930845167,-0.03111111111111109,0.020518465212129123,0.15986896149011764,0.0,0.04015549663841055,-0.0003750402300195521,0.006943571537840976,0.20671976709953888,-4.004400000000004,-0.04555500291544723,0.38314075033756356,0.0018243837680818054,-0.0009660986262503002,0.0,0.0,0,0,0.0,False
2016-12-01,2.49,1.2,0.51,0.54,0.38,13240.6,3636437.75,2676342.26,2083.6854,4.7,145408,16334.247,4.2,99.0214,99.3843,75.4424,51.97,188.2,1252.0,1248.0,98.2,242.637,99.071,0,1.6900000000000002,1.1600000000000001,0.29,0.01663072096801299,0.017303579370274713,0.023809523809523725,-0.011862778785850958,-0.0036126566311750485,-1.1749999999999972,0.07587181903864271,0.003231017770597866,-0.027303754266211566,-0.0112540192926045,-0.12666666666666665,0.07234615790370613,0.03030429010855218,0.02729828887839547,0.07351214215308866,0.016843334719788938,0.013974040886628902,0.027382256297918905,0.020980385792074778,-0.06358694010691956,0.0,0.05121425028345319,-0.0012127267012922438,0.009779852060168404,0.21765384209629385,-4.346400000000003,0.010078676927644192,0.39315666528021104,0.003709823875867879,-5.9451710971103466e-05,0.0,0.0,0,0,0.0,False
2017-01-01,2.43,1.21,0.51,0.65,-0.11,13318.9,3653334.44,2689922.3,2082.226,4.7,145628,16383.236,4.1,98.7611,99.5441,75.2339,52.5,190.7,1190.0,1303.0,98.5,243.618,99.451,0,1.9800000000000002,1.2900000000000003,0.30000000000000004,0.016291926724770533,0.015973822680230843,0.0,-0.0002049641716570516,-0.0008886860414968334,-0.682399999999987,0.3974186609303576,0.025613079019073615,0.0924956369982548,0.030553261767134687,0.030000000000000027,0.06834172476116707,0.06946806453549859,0.06961802937873762,0.06698240595797889,0.020507989115119862,0.01657158102117884,0.06047516198704117,0.020502517428350124,0.21994661739041166,0.0,0.1375467677802872,-0.002629176771978825,0.019734552297549834,0.23165827523883298,-3.8537999999999926,0.04450133930681033,0.5194920108848802,0.13497845708653233,0.040653742927241554,0.0,0.0,0,0,0.0,False
2017-02-01,2.42,1.2,0.52,0.66,-0.09,13395.2,3670049.5,2700855.31,2082.6018,4.6,145846,16431.536,4.2,98.3646,99.4265,74.9346,53.47,191.6,1271.0,1234.0,96.3,244.006,99.586,0,1.9200000000000002,1.2200000000000002,0.31,0.016884295789400205,0.01768281501808122,-0.04651162790697683,-0.008031281419274894,-0.0035645574283134085,-0.495199999999997,0.6571969696969697,0.04435925520262862,0.08974358974358965,0.11272416737830904,0.016666666666666687,0.06362300554215694,0.0683696809550034,0.06906268525200643,0.06027632833061469,0.025103933482571117,0.020052104701731244,0.07065217391304346,0.01972313171806865,-0.15127720420726098,0.0,0.13126978743360654,-0.0005516520009476444,0.006992529885484822,0.24637699445784306,-4.062299999999993,0.05296935889496224,0.6248960665174289,0.24175531617986534,0.04028891407499602,0.0,0.0,0,0,0.0,False
2017-03-01,2.48,1.31,0.74,0.79,0.02,13464.6,3687391.01,2712522.16,2064.8835,4.4,145970,16491.77,4.2,99.0137,99.1019,75.4439,49.33,191.5,1190.0,1272.0,96.9,243.892,99.535,0,1.9,1.22,0.28,0.01701462979233792,0.020121711555793453,-0.023255813953488302,-0.006864591168616152,-0.001431168335526145,-0.6492999999999967,0.7635224274406331,0.05681191395477092,0.03755102040816327,0.05290102389078499,0.060000000000000026,0.06273999555710708,0.06747071432140705,0.06718085570489074,0.04803531291194396,0.028103616813294208,0.021971368464261953,0.05016357688113415,0.01756719875598998,0.06485477467437484,0.0,0.1281943572106734,0.00038390882432493,0.004998187617234806,0.21726000444289295,-4.361599999999996,0.0300418653253407,0.6318963831867058,0.23873971790649479,0.037166424212854876,0.0,0.0,0,0,0.0,False
2017-04-01,2.3,1.24,0.8,0.9,0.34,13520.3,3702096.52,2723992.37,2067.4224,4.4,146175,16521.43,4.3,100.0224,100.3189,76.2392,51.06,193.0,1146.0,1251.0,97.0,244.193,99.725,0,1.74,1.17,0.43000000000000005,0.016065487045982874,0.023925178660113344,-0.023255813953488302,0.007162067590550603,-0.004204167390974511,-0.14000000000000057,0.3137150466045273,0.05161998901702369,0.07110711071107101,0.13774597495527718,-0.05999999999999998,0.06336971458356366,0.0629099889312561,0.06447756978267472,0.023410966945479617,0.0244119623655914,0.019063610209576698,0.06483516483516483,0.027248977270932378,-0.021388526287183796,0.0,0.10946338074038561,-0.00022643967878765991,0.007367031762207654,0.3666302854164364,-3.8522999999999996,0.04090998617505148,0.7655880376344086,0.24609602674952846,-0.006558075604242486,0.0,0.0,0,0,0.0,False
2017-05-01,2.3,1.3,0.89,0.91,0.02,13567.4,3713714.97,2733434.98,2071.6618,4.4,146380,16626.085,4.4,100.1408,100.1472,76.368,48.48,192.8,1157.0,1208.0,97.1,244.004,99.682,0,1.4999999999999998,1.0599999999999998,0.53,0.01613441405869831,0.027344460484084898,0.0,0.013993011097695573,0.00911452046416561,0.0,0.2530061349693251,0.053493449781659486,-0.014617368873602765,0.07844827586206904,0.09000000000000002,0.061089790376631425,0.060761034251032076,0.0627059725202661,0.016738479539503137,0.02176223471915395,0.0176747318686028,0.0898876404494382,0.03237758889961466,-0.10436095861719241,0.0,0.0911415513765481,-0.0007498817307018957,0.022024292516970467,0.4689102096233686,-3.057000000000002,0.0625431799653533,0.8782377652808461,0.25334169876341717,-0.007608646703971322,0.0,0.0,0,0,0.0,False
2017-06-01,2.19,1.34,0.98,1.04,0.16,13577.0,3730076.97,2745048.45,2072.8115,4.3,146583,16642.946,4.3,100.3471,100.1949,76.5758,45.18,193.6,1249.0,1353.0,95.0,244.163,99.766,0,1.4099999999999997,0.9999999999999998,0.54,0.017234190410006844,0.03434350007459219,0.04761904761904767,0.017500792534729248,0.008186522238105676,0.0,0.03789338471419379,0.0404749055585536,0.007839721254355503,0.0024896265560165887,0.1266666666666667,0.059895161983329004,0.05993379882877825,0.06049212707377705,0.011516619826745567,0.018563431667619756,0.01557772049759043,0.025343189017951406,0.032343387470997666,-0.02971129915380777,0.0,0.08450665634857732,0.00021956061766892354,0.0243653837033454,0.48010483801667103,-2.928200000000004,-0.009000311056640786,0.8914365683323803,0.25954018514567445,-0.007536915492628804,0.0,0.0,0,0,0.0,False
2017-07-01,2.32,1.37,1.07,1.15,-0.17,13638.5,3746255.82,2758085.38,2076.0702,4.3,146772,16698.803,4.4,100.1068,99.8077,76.4534,46.63,193.5,1206.0,1256.0,93.4,244.243,99.803,0,1.21,0.8499999999999999,0.66,0.016899415180336774,0.03430764149064336,0.0,0.014803308546539107,0.006065821340927036,0.0,-0.07342083675143563,0.031982942430703654,0.038237738985868575,0.12003311258278138,0.17333333333333334,0.05663343528441245,0.05814004995685296,0.0597778351845073,0.010758757292461008,0.01640565809959127,0.014655479277905004,0.016042780748663166,0.037378067287712216,-0.032869371725202434,0.0,0.07034946044779207,0.0008339281343539007,0.007641240955988504,0.6033665647155876,-2.720399999999998,-0.018264860741980193,1.0235943419004088,0.25800630426600013,-0.004769938974403143,0.0,0.0,0,0,0.0,False
2017-08-01,2.21,1.34,1.01,1.16,0.01,13695.0,3758689.36,2766166.26,2084.0873,4.4,146919,16729.216,4.4,99.6925,99.6412,76.2067,48.04,193.8,1159.0,1319.0,96.8,245.183,100.027,0,1.2499999999999998,0.9499999999999997,0.7599999999999999,0.015582618322723452,0.03338122501335605,0.023255813953488413,0.011187969195710634,0.0018600234485417477,-0.12239999999999895,0.04434490481522957,0.03090037293553549,-0.0266343825665859,0.048414023372287174,0.0033333333333333457,0.056650112726906565,0.05701465407570727,0.05946084070462976,0.00889410187211559,0.017251073506566073,0.014856317748266346,0.03777777777777791,0.043054085672448984,-0.012017013692983136,0.0,0.07126831759463408,-0.0005517957359748582,-0.0028050419019849393,0.7033498872730933,-2.842799999999997,0.004396552764421857,1.1327489264934338,0.25451116121258777,-0.003746380175324804,0.0,0.0,0,0,0.0,False
2017-09-01,2.2,1.38,1.03,1.15,0.18,13743.0,3774834.53,2775987.56,2102.931,4.3,147008,16774.796,4.4,99.7954,99.6858,76.3591,49.82,194.8,1181.0,1273.0,95.1,246.435,100.4,0,1.2,0.8699999999999999,0.7599999999999999,0.015608906339649176,0.034114520971131546,0.023255813953488413,0.008523014668689877,0.004459731367718156,-0.3691000000000031,0.0742397137745976,0.03858520900321549,-0.010247651579846306,0.09825145711906735,1.214306433183765e-17,0.054540414423987604,0.05423760569612468,0.05584305298173753,0.015955042070183945,0.0192812155729698,0.015719087318108338,0.07795100222717144,0.04145071496223057,-0.01808737283420181,0.0,0.06508512683534962,-0.0016252840703576688,-0.008977777866039371,0.7054595855760123,-3.089500000000001,0.043836481256039894,1.1407187844270301,0.24928221609464984,-0.005696193132653571,0.0,0.0,0,0,0.0,False
2017-10-01,2.36,1.55,1.07,1.15,0.54,13801.5,3796900.76,2791056.13,2112.9901,4.2,147149,16841.324,4.5,101.0247,100.7464,77.3753,51.58,194.9,1257.0,1356.0,100.7,246.626,100.531,0,1.1700000000000002,0.8200000000000003,0.7499999999999999,0.01407906627025457,0.03449425042379306,0.023255813953488413,0.010630336308315114,0.002939827111604787,-0.216700000000003,0.1027003098716246,0.04226859283039053,0.10580524344569286,-0.023023791250959325,0.006666666666666672,0.05288560987381907,0.05196044305979264,0.05230866733634376,0.015743968478155512,0.021805652303711787,0.01757444307056133,0.042763157894736725,0.0396642074053643,0.06756750445982429,0.0,0.060793718379957395,-0.0028203489100822043,-0.004172972238223993,0.6971143901261808,-2.937100000000001,0.008268907470943665,1.1281943476962881,0.10460000579587936,-0.006179606897060319,0.0,0.0,0,0,0.0,False
2017-11-01,2.35,1.7,1.23,1.16,0.23,13849.1,3815576.66,2803765.97,2106.2782,4.2,147372,16883.564,4.5,101.2664,100.8253,77.6337,56.64,195.9,1273.0,1299.0,98.5,247.284,100.675,0,1.2899999999999998,0.8099999999999998,0.7499999999999999,0.01436597387378069,0.03681640139222919,0.022727272727272707,0.022919955326540453,0.012666065578878616,0.0,0.03615910004017664,0.043920728441349866,-0.04265041888804266,0.08133971291866038,0.24333333333333337,0.051582917444474186,0.054347034409568895,0.05236810563629768,0.012796477426539665,0.02020757753132485,0.016820407007323013,0.15481651376146788,0.03868718808335563,-0.01601603632145676,0.0,0.07010767438834387,-0.0012166444489427608,0.011731986130829819,0.6984170825555257,-1.9209000000000032,0.11800011236923869,1.129792422468675,-0.002956504024758777,-0.0026676196661383766,0.0,0.0,0,0,0.0,False
2017-12-01,2.4,1.84,1.32,1.3,0.2,13887.3,3830784.99,2813978.39,2105.4279,4.1,147523,16919.258,4.4,101.4644,100.5601,77.8538,57.88,196.3,1177.0,1311.0,95.9,247.805,100.821,0,1.12,0.6500000000000001,0.75,0.01507752285047137,0.03665738251864625,0.04651162790697683,0.029662701539719283,0.01462075988906375,0.0,0.24047306176084104,0.05152979066022545,0.1166666666666667,0.056097560975609806,0.3166666666666667,0.04804679814139323,0.0548920599205025,0.05262158516297788,0.008047569732148041,0.02172493864295566,0.017937129048240186,0.05010660980810244,0.036035098606044924,0.126914318246513,0.0,0.061479107110962807,-0.0005313834891778058,0.021139686871029406,0.7019532018586068,-1.6081999999999965,0.01344922728945619,1.1382750613570443,-0.002443723069985859,0.0006544542243778206,0.0,0.0,0,0,0.0,False
2018-01-01,2.58,2.03,1.41,1.41,-0.23,13902.4,3847852.48,2825206.62,2109.6791,4.0,147660,16938.615,4.5,101.4625,100.2412,77.9138,63.7,197.9,1299.0,1317.0,95.7,248.859,101.199,0,1.0799999999999998,0.5599999999999998,0.76,0.014545279489436513,0.035814996552948175,0.04761904761904767,0.02467143465957866,0.011830842497255745,0.0,0.1137194535308832,0.04303931987247611,-0.05990415335463262,0.05048076923076916,0.32333333333333336,0.04884219748349761,0.05344440173628717,0.05142695389041929,0.010434636629886862,0.021299307195522532,0.01766409948420833,-0.023421588594704668,0.037120070087458185,-0.16570939680032548,0.0,0.05771995387519014,0.00046621321918194347,0.014041098351263548,0.7111578025165024,-0.7264999999999873,-0.05923658514765284,1.2787006928044775,0.1505063451081894,0.0014839586764945345,0.0,0.0,0,0,0.0,False
2018-02-01,2.86,2.18,1.57,1.42,0.47,13949.8,3863895.27,2839063.36,2112.0828,4.1,148054,16963.881,4.7,101.7085,101.1146,78.1508,62.23,199.3,1277.0,1321.0,99.7,249.529,101.416,0,1.1700000000000002,0.5500000000000003,0.7599999999999999,0.013953360617463773,0.03389922479295304,0.09756097560975618,0.027352874765469437,0.007002926341189486,0.0,0.21333333333333337,0.03775563712637653,0.09159663865546208,0.01074443591711427,0.06666666666666667,0.043809924242993015,0.05324397292244609,0.05029302147500703,0.0131844958232199,0.02151318868063945,0.017576494957315614,-0.028426395939086246,0.03329554242467469,0.13424705754350474,0.0,0.06229544831926193,-0.00041261325631691825,0.004432919438928984,0.7161900757570069,-0.14120000000001198,-0.06232562073203929,1.3884868113193605,0.2586943888506854,-0.0011030614871228028,0.0,0.0,0,0,0.0,False
2018-03-01,2.84,2.28,1.7,1.51,0.11,14014.5,3876825.89,2848059.87,2123.3118,4.0,148280,17008.963,4.6,102.2067,101.06,78.5697,62.73,199.3,1318.0,1385.0,101.4,249.577,101.524,0,1.2899999999999998,0.6799999999999997,0.7599999999999999,0.015139256476008889,0.0323977624489884,0.11904761904761907,0.033994953469032696,0.016978370957440925,0.0,0.1638301851505517,0.04018789144050117,0.00472069236821393,0.07050243111831445,0.14666666666666664,0.0414028905876731,0.052818298499788696,0.051171956338527336,0.014155850628766453,0.02263468931091861,0.018376076958608545,0.03530633437175501,0.03146619684663155,-0.11194597429845277,0.0,0.0681356050647274,6.173362553751893e-05,0.004332251929313413,0.7185971094123268,0.0,0.002908571922766612,1.3973653106890813,0.25909024933203706,-0.0020737614207138044,0.0,0.0,0,0,0.0,False
2018-04-01,2.87,2.38,1.76,1.69,0.4,14034.8,3884786.86,2859660.6,2166.9722,4.0,148420,17028.008,4.8,103.3329,101.8116,79.4597,66.25,200.3,1276.0,1378.0,98.8,250.227,101.766,0,1.14,0.56,0.72,0.015825169555388152,0.03136067262640685,0.09523809523809512,0.03224806264183644,0.019758450645245063,0.0,0.271639975674032,0.04073107049608371,0.1075630252100841,0.08883647798742134,0.11666666666666664,0.04084042600597115,0.05137368927956465,0.04996741114181358,0.028296172641216755,0.023309497646499366,0.01998292058070028,0.04643962848297223,0.02940510672429923,0.1674671785647167,0.0,0.058566005778703696,0.0012798900659516388,0.0075766279822577776,0.6791595739940288,0.0,0.01507895585656538,1.4866905023535006,0.20798980954902313,-0.0020707124567225232,0.0,0.0,0,0,0.0,False
2018-05-01,2.98,2.51,1.86,1.7,-0.14,14091.0,3900697.67,2873414.49,2173.5387,3.8,148742,17072.967,4.5,102.4024,100.9887,78.7526,69.98,203.2,1357.0,1338.0,98.0,250.792,101.941,0,1.11,0.4900000000000002,0.7899999999999999,0.015358303403454787,0.030661873699794784,0.11627906976744184,0.03309758614070435,0.014879549117863045,0.0,0.2974931453192322,0.03782383419689128,0.11343804537521818,0.10151878497202249,0.32666666666666666,0.038053889336775004,0.04934780576709552,0.04980492291173344,0.04815165009337252,0.024709963021052994,0.020466282276259795,0.01855670103092777,0.03006257257605225,0.021841406719756096,0.0,0.05477606440147603,0.0014049427859910146,0.005744711375234912,0.7519461106632249,0.0,-0.012105172668867015,1.665290036978947,0.2768032256595865,-0.0038961671553505717,0.0,0.0,0,0,0.0,False
2018-06-01,2.91,2.53,1.9,1.82,0.22,14133.2,3903142.23,2877795.26,2190.9059,4.0,148960,17140.662,4.5,103.198,101.7103,79.356,67.87,204.2,1192.0,1345.0,98.2,251.018,102.029,0,1.1199999999999999,0.4700000000000002,0.7899999999999999,0.016136084164503295,0.026878366133699094,0.022727272727272707,0.022584201444366236,0.008402631326687171,-0.707099999999997,0.4434818481848186,0.053941908713692754,0.1728608470181503,0.10761589403973515,0.12333333333333334,0.0385925085130534,0.05034923291380111,0.05121011146202581,0.04917641479897927,0.02781921607842497,0.022662065367869744,0.009268795056642798,0.030488081725312186,0.16814015464993637,0.0,0.05639114086345724,0.000996827688494406,-0.01141075202466646,0.7514074914869465,-0.707099999999997,-0.017609571077056296,1.672180783921575,0.27481547323249367,-0.0024690655859875843,0.0,0.0,0,0,0.0,False
2018-07-01,2.89,2.61,1.96,1.91,0.05,14170.0,3925600.56,2889775.78,2204.0475,3.8,149020,17219.586,4.5,103.3646,101.7704,79.4588,70.98,204.3,1208.0,1334.0,97.9,251.214,102.137,0,1.0100000000000002,0.38000000000000034,0.78,0.01621606871192438,0.02990552273617908,0.04651162790697683,0.028410387544831828,0.015124522306025456,-0.10370000000000346,0.5022133687472334,0.05475206611570238,-0.04563650920736584,-0.00591278640059123,0.16,0.040966340134050316,0.04639723560449749,0.04835864008156188,0.05697305326605928,0.028075506935940187,0.022683078403463952,0.03368421052631576,0.031953745304559245,-0.15319953441744993,0.0,0.046861207960542474,0.00039089915653622853,-0.0038376750970046114,0.7390336598659497,-0.10370000000000346,0.003778687790136681,1.7919244930640599,0.30523399071055923,-0.004976453675067161,0.0,0.0,0,0,0.0,False
2018-08-01,2.89,2.64,2.03,1.91,0.3,14221.3,3945836.92,2903562.13,2209.5234,3.8,149277,17282.357,4.5,104.0327,102.0029,79.9322,68.06,203.4,1288.0,1273.0,96.2,251.663,102.208,0,0.9300000000000002,0.28000000000000025,0.76,0.01531627285858339,0.031186846146996183,0.022727272727272707,0.032543243815604805,0.019664815440091354,-0.0009000000000014552,0.5221960111516191,0.05581395348837215,0.0016583747927032544,0.06210191082802541,0.043333333333333335,0.038970561278732996,0.04787306276377046,0.04774703530026314,0.06164401377178863,0.02854124785561929,0.023386070559001215,0.04817987152034253,0.02961762657183708,-0.11177967058251492,0.0,0.044521948370306534,-4.203054487139646e-05,-0.0005543423250995438,0.721029438721267,-0.0009000000000014552,0.01699302537334635,1.8814587521443806,0.21616871516543368,-0.001474743003325063,0.0,0.0,0,0,0.0,False
2018-09-01,3.0,2.77,2.13,1.95,0.02,14243.9,3958356.01,2913920.11,2225.8983,3.7,149358,17275.742,4.5,104.1004,102.0449,79.9314,70.23,203.6,1250.0,1314.0,100.1,252.182,102.418,0,0.8600000000000003,0.25,0.75,0.016049660016743905,0.03306437073919066,0.022727272727272707,0.04353587280888749,0.023702042930032974,0.0,0.41673605328892593,0.049535603715170184,0.1113028472821398,-0.03487490523123582,0.19000000000000003,0.03843008397225267,0.04979064298093516,0.04967014166386363,0.06018754588639341,0.026429238568742575,0.02180411288951989,-0.00619834710743794,0.028822562979189503,-0.061557999736010505,0.0,0.04281995296360425,-8.642414775938967e-05,0.02095167136452125,0.7115699160277473,0.0,-0.0392627178466286,1.8835707614312573,0.21138997750968236,-0.0005585899328659494,0.0,0.0,0,0,0.0,False
2018-10-01,3.15,2.86,2.25,2.19,-0.21,14257.6,3976162.39,2925962.16,2250.6354,3.8,149527,17300.819,4.5,103.9856,101.6625,79.7802,70.75,204.6,1221.0,1272.0,98.6,252.772,102.595,0,0.8700000000000001,0.22999999999999998,0.8,0.01598552459730085,0.029863015919835867,0.022727272727272707,0.04313826088176409,0.023665356550280903,-0.0007999999999981355,0.4096748293857888,0.045174537987679564,0.058425063505503916,0.03220738413197166,0.12333333333333335,0.036447646074365014,0.048617092627898595,0.049687740675610215,0.058474243805431536,0.02332055105808828,0.02009960159362545,0.05257623554153512,0.029158116859492014,0.10406157271286975,0.0,0.04229687058627178,-0.00023054411462353208,0.014727873336932262,0.763552353925635,-0.0007999999999981355,0.022713219621699254,1.9266794489419117,0.1347549558778518,0.002219857023401106,0.0,0.0,0,0,0.0,False
2018-11-01,3.12,2.86,2.33,2.2,0.01,14288.4,3991299.11,2939025.82,2274.2195,3.8,149617,17339.645,4.5,104.0681,101.403,79.7722,56.96,202.3,1181.0,1340.0,97.5,252.594,102.63,0,0.8999999999999999,0.29000000000000004,1.04,0.0161604903872945,0.027283781251402628,0.0,0.02930867401734427,0.009093128885995005,-0.15200000000000102,0.3716556804963165,0.04976911236531545,-0.02863961813842486,-0.06194690265486724,0.03666666666666666,0.03304713255805525,0.0472126192731992,0.04833511893578435,0.0651424254188413,0.02492032470218053,0.020530980493578932,-0.020854021847070636,0.03436901786037746,-0.030297992931128115,0.0,0.04249135734587927,0.0008442175287111109,-0.0032345697982605337,1.0069528674419448,-0.15200000000000102,-0.048137803098473264,2.1650796752978194,0.2836209231534388,-0.0006604434905712608,0.0,0.0,0,0,0.0,False
2018-12-01,2.83,2.68,2.37,2.27,-0.13,14392.0,4007041.95,2953194.51,2303.7249,3.9,149809,17538.653,4.5,104.0936,101.769,79.7142,49.52,201.0,1095.0,1317.0,98.3,252.767,102.701,0,0.79,0.26000000000000023,1.0400000000000003,0.015233558613576559,0.02701331306589072,0.0,0.027666629800210174,0.005729712681241894,-0.1599999999999966,0.005649717514124353,0.032669729453802976,-0.07227022780832681,0.03156274056966901,-0.06,0.03172047281050738,0.04605396920527327,0.048242204038163594,0.07973367430760092,0.02147328577667773,0.019418922274646144,-0.010152284263959421,0.03298929172292769,-0.1835730750904666,0.0,0.03638263567216589,-0.0008161014031673464,-0.015869243008677314,1.0082795271894929,-0.1599999999999966,-0.03716559732985014,2.1785267142233224,0.2949559527920651,-0.0037366737756618917,0.0,0.0,0,0,0.0,False
2019-01-01,2.71,2.54,2.37,2.4,-0.36,14460.2,4027126.21,2966254.86,2325.5638,4.0,150060,17612.196,4.4,103.4021,100.8777,79.1024,51.38,199.1,1226.0,1254.0,91.2,252.561,102.648,0,0.45999999999999996,0.1499999999999999,0.97,0.015495888776665412,0.03660887492820297,0.022727272727272707,0.025912536810940523,0.012021666645120721,-0.2179999999999893,-0.14443676572218378,0.023942944472745697,-0.06966864910790149,0.004576659038901587,-0.10999999999999999,0.03634255758858829,0.04601066373082974,0.04947305938621649,0.09418370488963324,0.020023809043401064,0.018646908878110713,0.02502606882168923,0.035252280860930636,-0.1280937126134054,0.0,0.021164905316181676,-0.0004896358206354368,-0.017225724070823567,0.9336574424114117,-0.2179999999999893,-0.011582806106513743,2.249976190956599,0.3232967420146875,-0.0026064288970688576,0.0,0.0,0,0,0.0,False
2019-02-01,2.68,2.5,2.39,2.4,-0.41,14506.6,4039735.38,2976583.04,2332.1404,3.8,150067,17652.296,4.4,102.8371,100.2878,78.5877,54.95,199.2,1121.0,1286.0,93.8,253.319,102.836,0,0.33999999999999986,0.16999999999999993,0.99,0.016253555465258085,0.039766002120007915,-0.022222222222222143,0.01911642232351851,0.006349684560839286,-0.8297999999999917,-0.19340659340659339,0.006063668519454168,-0.0561970746728252,-0.04783599088838264,-0.16,0.04012256876510545,0.046590593306737205,0.04992492903050039,0.10233058667548067,0.014875893578291333,0.014318323303589953,-0.047021943573667735,0.039721343077454396,-0.027557456534400337,0.0,0.015840801724290643,9.306507796358332e-05,-0.01019225169382576,0.9498774312348945,-0.8297999999999917,-0.08678794569367565,2.3851241064217086,0.22004443112388916,-0.000622025966461992,0.0,0.0,0,0,0.0,False
2019-03-01,2.57,2.41,2.4,2.41,-0.1,14559.5,4051283.51,2988099.52,2337.6688,3.8,150295,17683.871,4.4,102.8757,100.0465,78.5337,58.15,200.8,1191.0,1295.0,98.4,254.277,103.069,0,0.29000000000000004,0.18000000000000016,0.98,0.013596390506166678,0.040581220771355175,-0.06382978723404253,0.011096417703535089,-0.008176860710520484,-1.3444999999999965,-0.11698537682789645,-0.0005017561465129328,-0.1221613155833986,-0.026495079485238437,-0.3,0.03991455074624728,0.04550850830902564,0.0484383976552043,0.10418985467804576,0.015188615351321877,0.014001735426362627,-0.05917753259779346,0.03911625973132233,-0.049891087775071785,0.0,0.013197467409617438,-0.001637168107409881,-0.016570212096675085,0.9400854492537527,-1.3444999999999965,-0.09975875336914863,2.3848113846486783,0.2062846704253558,-0.0005454608962476293,0.0,1.0,0,0,0.0,False
2019-04-01,2.53,2.34,2.38,2.42,-0.51,14594.0,4068160.66,2998248.89,2329.2921,3.7,150591,17673.034,4.3,102.274,99.4028,77.9898,63.86,202.1,1272.0,1322.0,97.2,255.233,103.36,0,0.16999999999999993,0.1599999999999997,0.9000000000000001,0.01358915565147023,0.039679550128952634,-0.04347826086956508,0.006545559146318158,-0.010028695824262912,-1.3984999999999985,-0.07301131834847763,0.007526342197691882,-0.09635811836115327,-0.06498194945848379,-0.29,0.03888829426665241,0.045000117351156055,0.049170191776902517,0.1009540850288686,0.018831863513063984,0.015218076513927814,-0.029585798816568087,0.03499946483998718,-0.026689469253251774,0.0,0.007650019949696526,-0.0019067331251951813,-0.019366977664622365,0.8611117057333477,-1.3984999999999985,-0.06926534894552072,2.391168136486936,0.14119194553033676,-0.0010105463796736824,0.0,1.0,1,0,1.0,True
2019-05-01,2.4,2.21,2.35,2.39,0.02,14703.2,4082900.98,3009681.47,2333.9824,3.6,150618,17679.59,4.2,102.392,99.3987,77.9962,60.83,201.7,1293.0,1347.0,100.0,255.296,103.435,0,0.1499999999999999,0.18999999999999995,0.73,0.014627408705026212,0.037880296978953565,-0.10416666666666663,-0.010247462328067725,-0.02365938655320221,-1.9423999999999921,-0.036075471698113204,0.00898652021967039,-0.0031347962382445305,-0.04063860667634256,-0.34,0.03984381679824445,0.047203052988086025,0.048463195247715696,0.07490631398040093,0.020005834702090608,0.015663384627478738,-0.0161943319838056,0.029085986262718445,0.05306227843458067,0.0,0.0070804579482129,-0.0016261467602318724,-0.029363884651586236,0.6901561832017555,-1.9423999999999921,-0.054074628962759164,2.399994165297909,0.01487005887620052,0.0006124596813488203,0.0,1.0,1,0,1.0,True
2019-06-01,2.07,1.81,2.17,2.38,0.04,14798.8,4093846.76,3022490.32,2338.1213,3.6,150838,17707.372,4.2,102.4375,99.7717,77.9493,54.66,200.3,1243.0,1299.0,98.2,255.213,103.484,0,0.04999999999999982,0.18999999999999995,0.6900000000000002,0.012612443022145703,0.03553119970301588,-0.06666666666666665,-0.00010156011968476264,-0.01574433575241574,-1.9359999999999928,-0.1307516433266649,-0.0073818897637795144,-0.04716285924834196,0.006726457399103047,-0.19666666666666668,0.04344617131502382,0.04671044141700942,0.04742336355379062,0.07381681310758337,0.017959105553606136,0.014655536045359518,0.020408163265306145,0.029977858207366443,0.07499845633505664,0.0,0.0023355220708504627,-0.000983947484020975,-0.011197977823219851,0.6465538286849764,-1.9359999999999928,-0.015123036437709736,2.372040894446394,-0.012770490202284268,0.001201933107983777,0.0,1.0,1,0,1.0,True
2019-07-01,2.06,1.84,2.1,2.4,-0.37,14882.7,4117949.98,3035224.33,2345.4616,3.7,150937,17701.297,4.2,101.9408,99.0618,77.4935,57.35,200.7,1240.0,1379.0,98.4,255.802,103.622,0,-0.10000000000000009,0.2599999999999998,0.5599999999999998,0.012607411385606948,0.03306231696302042,-0.06666666666666665,-0.0073693288629623765,-0.019060016537164937,-1.9829000000000008,-0.19463680565787544,-0.019098922624877446,0.04278523489932895,-0.03420074349442381,-0.15,0.04709478391305577,0.048859231553035176,0.05027983123441526,0.06719384890058477,0.01671194894390049,0.014260651383430245,0.0,0.026373078991311225,0.13914335326048222,0.010000000000000018,-0.004885923155303522,-0.0009817442658632825,-0.013914888009280535,0.5129052160869441,-1.9829000000000008,-0.03306231696302042,2.3632880510560996,-0.02788008543083631,0.0038591142018791214,0.0,1.0,1,1,1.0,True
2019-08-01,1.63,1.57,1.95,2.13,0.17,14974.4,4133850.51,3049791.85,2363.8384,3.6,151169,17779.85,4.2,102.639,99.7154,77.9497,54.81,199.2,1375.0,1482.0,89.8,256.036,103.67,0,-0.040000000000000036,0.21999999999999997,0.49,0.012864045094618248,0.027974598227855196,-0.06666666666666665,-0.013774541767684445,-0.026614811379340075,-2.438699999999997,-0.19202592279515363,-0.017621145374449476,0.026490066225165476,0.033733133433283324,-0.10333333333333333,0.0502964008468596,0.04899872441428421,0.050332122999522166,0.06416109453176477,0.01826331335037068,0.014539295260287632,0.005107252298263587,0.024645236414961205,0.029624862463410007,0.001600000000000003,-0.00195994897657137,-0.0017633636104079642,-0.0035270794396167204,0.4397035991531404,-2.438699999999997,-0.02286734592959161,2.3817366866496292,-0.018257478648279868,0.0017956714261981865,0.0,1.0,1,1,1.0,True
2019-09-01,1.7,1.65,1.89,2.04,-0.43,15047.2,4146108.73,3061836.05,2370.4605,3.5,151365,17812.342,4.2,102.2917,98.9031,77.6205,56.95,198.4,1311.0,1469.0,93.2,256.43,103.733,0,-0.32000000000000006,0.05999999999999983,0.21999999999999997,0.01267442405728958,0.028786177718698847,-0.06666666666666665,-0.013396749291328724,-0.022425832991022743,-1.9816999999999894,-0.1946811636791067,-0.020648967551622488,0.06754658385093171,0.16417910447761197,-0.05333333333333334,0.05295577760120396,0.04764859618171946,0.05036218047106167,0.0698408534618824,0.017376412106666406,0.014304164057608038,-0.06652806652806653,0.01165027107226487,0.11470944309927367,0.10240000000000005,-0.01524755077815023,6.198103514387654e-05,-0.013295189171643962,0.16704422239879602,-1.9824999999999875,-0.09531424424676538,2.1126235878933333,-0.2594173065530607,0.0009381547647100419,0.0,1.0,1,1,1.0,True
2019-10-01,1.71,1.55,1.65,1.83,-0.78,15185.6,4163507.6,3076246.8,2370.5844,3.6,151460,17847.211,4.1,101.4281,98.0889,76.9099,53.96,198.6,1325.0,1523.0,95.5,257.155,103.917,0,-0.18999999999999995,0.050000000000000044,0.09000000000000008,0.013437512553730047,0.0310608945190316,-0.06666666666666665,-0.01737457300836487,-0.03078840784791792,-2.1596999999999866,-0.18909298020788834,-0.025540275049115824,0.048799999999999955,0.11796042617960434,-0.21,0.05639607130069724,0.04743199437485668,0.05076183780481203,0.06494555479017183,0.016844977040391562,0.012839539924622612,-0.06893106893106882,0.0050756464170627555,0.0060147651006710046,0.03609999999999998,-0.009012078931222767,0.0008301011681230985,-0.010005244145402492,0.03360392869930284,-2.3116999999999877,-0.09999196345010042,2.0231550229596085,-0.34013302809649115,-0.0014272371781784976,0.0,1.0,1,1,1.0,True
2019-11-01,1.81,1.61,1.54,1.55,0.2,15301.3,4164527.56,3087292.45,2369.1925,3.6,151667,17908.82,4.1,101.9372,98.9065,77.252,57.03,199.0,1353.0,1535.0,96.8,257.879,104.024,0,0.06000000000000005,0.15999999999999992,-0.3599999999999999,0.012927431166277703,0.031581857483163,-0.08888888888888902,-0.024594751580988228,-0.03515160457395794,-2.8623000000000047,-0.23731448763250884,-0.029325513196480912,0.08517608517608521,0.19732704402515733,-0.3466666666666667,0.06508809336774779,0.047117092217151546,0.051362468747716106,0.05329561598471266,0.017339736996186295,0.012885618207514993,-0.03144016227180524,-0.023431713612389195,0.05868601895091974,0.0,0.002827025533029095,6.338607165945476e-05,-0.010820209813303783,-0.42508809336774767,-3.0223000000000013,-0.06302201975496824,1.8126602630038138,-0.5690764236458155,-0.0018816321971326655,0.0,1.0,1,0,1.0,True
2019-12-01,1.86,1.61,1.54,1.55,-0.35,15351.5,4192191.39,3100202.51,2357.6794,3.6,151794,17826.208,4.1,101.7003,98.9568,77.0416,59.88,199.0,1548.0,1443.0,99.3,258.63,104.307,0,0.27,0.19999999999999996,-0.6500000000000001,0.013701651550291682,0.032825066487808696,-0.08888888888888902,-0.02047601522464615,-0.024619587191700543,-2.46220000000001,0.001228932584269593,-0.016312407315867583,0.1456392887383573,0.1455223880597014,-0.33666666666666667,0.07088967274152447,0.043401520463847154,0.05044754251257322,0.04176070075909566,0.020922903948629168,0.013582773068303577,-0.007179487179487243,-0.04607828728199091,0.07809270488742559,0.0,0.011718410525238733,0.001027227493002103,-0.007079265933317425,-0.7208896727415246,-2.6801999999999992,-0.04000455366729594,1.5290770960513709,-0.5835464918419624,-0.004247075717872306,0.0,1.0,0,0,0.0,False
2020-01-01,1.76,1.52,1.52,1.55,-0.25,15425.0,4171617.45,3095550.86,2354.1502,3.6,152031,17999.946,3.9,101.0338,98.6069,76.519,57.52,199.3,1581.0,1490.0,99.8,259.127,104.49,0,0.32000000000000006,0.25,-0.72,0.01325020526136611,0.016395500840344024,-0.08888888888888902,-0.022991807373363926,-0.027633169236211508,-2.0608000000000004,0.2092084006462036,-0.00995024875621886,0.41369863013698627,0.09567198177676528,-0.31,0.06666898276820454,0.04620601488836429,0.04977931507803057,0.023420548173959332,0.023195274699624457,0.01563762767645893,0.010172939979654183,-0.04800166759310727,0.3648986301369863,0.0,0.014785924764276575,-0.00018730729236393628,-0.0056172343649990575,-0.7866689827682045,-2.890599999999992,-0.006222560860689841,1.5268047253003756,-0.4963502976592329,-0.00122597948649239,0.0,1.0,0,0,0.0,False
2020-02-01,1.5,1.33,1.52,1.58,0.07,15492.8,4185098.21,3103559.25,2350.7326,3.5,152293,18077.882,4.0,101.3735,98.8309,76.7764,50.54,196.7,1549.0,1461.0,101.0,259.25,104.573,0,0.24,0.24,-0.8499999999999999,0.013134746101559402,0.022015993916942644,-0.11363636363636376,-0.02290379015513233,-0.022510425991076444,-2.0686999999999927,0.11950175165434018,0.0010045203415369741,0.2895595432300162,0.18819776714513559,-0.13333333333333333,0.06672106886488427,0.0358794913457654,0.04358897198739009,0.012292245003125757,0.02599767976845202,0.017944821136310463,0.0942982456140351,-0.056712908535151624,0.204383458053931,0.0,0.008611077922983696,0.00020731493528169942,0.001690961425855897,-0.9167210688648841,-3.413199999999989,0.07228225169709246,1.524002320231548,-0.28865794277226575,-0.011237600871386144,0.0,1.0,1,0,1.0,True
2020-03-01,0.87,0.45,0.29,0.65,-4.39,16034.4,4169625.96,3107418.5,2564.4862,4.4,150895,17829.921,3.9,97.4078,94.3639,73.7887,29.21,193.1,1266.0,1351.0,89.1,258.076,104.271,1,-0.020000000000000018,0.16999999999999993,-0.8199999999999998,0.014833374426089785,0.02410938497745585,-0.09090909090909094,-0.014232217750208775,-0.014527190745035834,-1.7573000000000008,-0.08025477707006379,-0.012550200803212896,0.38180196253345233,0.13608087091757382,-0.17666666666666667,0.06798284918588782,0.03598325541808145,0.0426583798582687,0.007972161538816191,0.023413166797595197,0.01689097203314005,0.07675906183368864,-0.055745936332428,0.23616267379509503,0.0004000000000000007,-0.0007196651083616296,0.0011317228757981024,0.006243797474437374,-0.8879828491858877,-3.1557999999999993,0.052649676856232785,1.5565868332024049,0.027509737151033997,-0.007418265045765704,0.0,1.0,1,1,1.0,True
2020-04-01,0.66,0.22,0.14,0.05,-18.35,17064.0,4105366.12,3100263.22,2920.7324,14.8,130426,19985.052,2.7,84.5619,79.8587,64.0847,16.55,185.5,936.0,1079.0,71.8,256.032,103.838,1,0.5800000000000001,0.42,-1.7600000000000002,0.0039921487740777195,0.008258938328604692,-0.11363636363636376,-0.053150549643890654,-0.05679958819149089,-4.207499999999996,-0.49767841788478073,-0.03834661354581681,0.06297229219143574,0.043243243243243246,-1.5233333333333332,0.10130155568529142,0.029211100558104386,0.03993139425289294,0.09702717510709813,0.014940399642909163,0.011662090444265472,-0.0945121951219513,-0.17829073800611292,-0.3507263379455505,0.0,0.016942438323700546,-0.00925805648728839,-0.03015874227052673,-1.8613015556852917,-6.143499999999989,-0.102771133450556,0.6350596003570909,-0.8917451249432847,-0.016994914330259903,0.0,0.0,0,0,0.0,False
2020-05-01,0.67,0.17,0.13,0.05,4.77,17931.9,4089170.25,3108751.11,3035.646,13.2,133040,19138.808,3.1,85.9604,83.4204,65.1874,28.56,188.6,1039.0,1251.0,72.3,255.802,103.942,0,0.52,0.44000000000000006,-2.37,-0.13390574469921845,0.1308217932472715,-0.37209302325581384,-0.17318282261376305,-0.19661518589013594,-13.911500000000004,-0.7408393360476041,-0.08213755566551206,-0.26415094339622647,-0.18381240544629351,-7.5566666666666675,0.16924763601480053,0.009145523766015629,0.034024636960676036,0.2539141827682323,0.003130472940411133,0.004624613003096023,-0.2613168724279836,-0.4011168973550773,-0.5537104866262427,0.0,0.0047556723583281274,-0.14704049080077786,-0.15027903245863072,-2.5392476360148004,-15.847499999999997,-0.3921386656752551,0.04686952705958887,-1.4771327931719591,-0.026733967579749773,0.0,0.0,0,0,0.0,False
2020-06-01,0.73,0.19,0.16,0.08,6.33,18180.0,4101550.07,3128097.2,2923.9723,11.0,137671,19132.418,3.3,91.5934,89.9764,69.5218,38.31,191.2,1266.0,1333.0,78.1,257.042,104.27,0,0.54,0.5,-2.3400000000000003,-0.1167058386115869,0.08253686878485311,-0.26190476190476186,-0.1604773810453941,-0.16074958726824395,-12.76230000000001,-0.5304948216340621,-0.06494794248884483,-0.1964423820572312,-0.07126948775055675,-5.990000000000001,0.21959165351760168,0.0015354940104377324,0.03291698506553242,0.3006293449342208,0.001982013035848551,0.004901629042393774,-0.277,-0.513844469231188,-0.5782443445906835,0.0,0.0008291667656363756,-0.13153921303767668,-0.14624516329518533,-2.559591653517602,-14.744799999999998,-0.35953686878485314,0.04801798696415145,-1.5085688462382534,-0.03444776140764372,0.0,0.0,0,0,0.0,False
2020-07-01,0.62,0.15,0.13,0.09,2.65,18331.4,4117867.62,3146564.42,2856.0436,10.2,139255,19315.344,3.7,95.0256,93.2857,72.2103,40.71,193.0,1526.0,1539.0,72.5,258.352,104.578,0,0.57,0.54,-2.3,-0.08729232686723509,0.08047755477210305,-0.2142857142857144,-0.10586064673581452,-0.09817713840698317,-8.427900000000008,-0.29912184412733256,-0.04543185222166757,0.018503620273531807,0.026173979984603468,-2.4166666666666674,0.2284779847014624,0.001881680104704353,0.034940353423530635,0.25056484451854577,0.007166562831830481,0.007595377063120967,-0.20468431771894102,-0.5254993648133635,-0.044468671917903935,0.0,0.0010725576596814811,-0.09128447564131281,-0.05271009709192387,-2.5284779847014622,-10.410399999999996,-0.2851618724910441,0.07283343716816952,-0.5622261631889214,-0.027329420453400033,0.0,0.0,0,0,0.0,False
2020-08-01,0.65,0.14,0.1,0.1,1.26,18413.3,4113232.46,3151845.24,2814.9539,8.4,140821,18687.291,3.7,95.9549,94.6243,73.0192,42.34,194.3,1396.0,1534.0,74.1,259.316,104.87,0,0.49,0.47,-2.31,-0.07739652967794508,0.09118241448635112,-0.11904761904761907,-0.06783544959427434,-0.058308046088401344,-5.739400000000003,-0.29014821272885793,-0.03836571998006966,0.23064516129032264,0.11602610587382167,4.583333333333333,0.23172542616595115,-2.0000242936357715e-05,0.036682656006516545,0.21768934524444994,0.009968647625897997,0.009225840072571545,-0.2632113821138212,-0.5352857344433471,0.4947961046865491,0.0,-9.80011903881528e-06,0.056509215021273373,0.10534737301948871,-2.541725426165951,-7.721899999999991,-0.35439379660017234,0.080031352374102,0.03316182531451313,-0.009165524008951986,0.0,0.0,0,0,0.0,False
2020-09-01,0.68,0.13,0.11,0.09,0.5,18605.0,4128741.9,3164384.24,2760.0256,7.8,141770,18807.121,3.9,95.9669,94.5995,73.1451,39.63,195.5,1473.0,1650.0,80.4,259.997,105.057,0,0.55,0.51,-2.03,-0.06845318815365586,0.05103760717891337,-0.11904761904761907,-0.06512241935326724,-0.05105630624758062,-4.601300000000009,-0.22751322751322745,-0.02459839357429705,0.015272727272727327,0.03508771929824572,3.4133333333333336,0.22965193930975536,-0.004987613836089033,0.03346241154129914,0.19084024525534393,0.012810698495523853,0.01157519050834388,-0.17483296213808464,-0.4661934367988033,0.21171510932995852,0.0,-0.0027431876098489684,0.048252650457931034,0.09535496169212687,-2.259651939309755,-6.912999999999997,-0.225870569316998,0.08718930150447615,0.0391713145403247,-0.0065231078465267656,0.0,0.0,0,0,0.0,False
2020-10-01,0.79,0.15,0.1,0.09,1.02,18759.9,4134691.98,3173641.49,2698.642,6.9,142460,18795.411,4.0,96.7394,95.5707,73.8636,39.4,196.5,1543.0,1612.0,81.8,260.319,105.151,0,0.5700000000000001,0.55,-1.95,-0.06338981931093712,0.055847737484492344,-0.07142857142857151,-0.061831018547937044,-0.043513297358727776,-4.106899999999996,-0.30412642669007905,-0.014616935483870996,0.1235697940503433,0.12321307011572502,1.47,0.23644266042851814,-0.0041887058760274876,0.03349238441424718,0.16434152773269162,0.013910228912373812,0.012763537157895799,-0.13733905579399142,-0.46106318783561034,0.10506617377681149,0.0,-0.0023875623493356682,0.02390250755629797,0.04402962818787748,-2.186442660428518,-6.787099999999995,-0.19318679327848376,0.07608977108762618,0.0032563339194566637,-0.0060703859807318405,0.0,0.0,0,0,0.0,False
2020-11-01,0.87,0.17,0.09,0.09,0.28,19002.4,4135727.09,3182459.43,2637.993,6.7,142733,18640.614,4.1,97.0816,96.0944,74.2637,40.94,198.3,1543.0,1692.0,76.9,260.911,105.258,0,0.6900000000000001,0.64,-1.74,-0.059421629473128235,0.05312874936033429,-0.024390243902438935,-0.04622683457542831,-0.02567262962475869,-3.38839999999999,-0.26982950333580435,-0.010574018126888185,0.16452830188679246,0.0584372948128693,0.9266666666666667,0.23537430197028764,-0.0069209961331643255,0.031660232852578796,0.1383868045364678,0.012303863428671624,0.011874861668446979,-0.14345549738219898,-0.4095512854283005,-0.06611685940353018,0.0,-0.004775487331883385,0.017974900204816846,0.021608615018846034,-1.9753743019702876,-6.068599999999989,-0.19658424674253328,0.07769613657132837,-0.002335215802773627,-0.006900995890227968,0.0,0.0,0,0,0.0,False
2020-12-01,0.93,0.14,0.09,0.09,0.68,19119.4,4149026.48,3194423.05,2590.9175,6.7,142548,18677.122,4.2,98.363,96.8555,75.3903,47.02,200.5,1614.0,1755.0,80.7,262.045,105.699,0,0.78,0.7,-1.46,-0.0589053650431538,0.04086221202736984,0.0,-0.04763324870606622,-0.028431902857749547,-2.7779000000000025,-0.2821322111169561,-0.0035175879396984744,0.14042867701404282,0.10228013029315952,0.6,0.24188140876918962,-0.0069156632019024,0.030825385525106386,0.1134565891121131,0.011757452138405844,0.01186264708144269,-0.2055785123966941,-0.35314685680301683,0.1251559497413155,0.0,-0.005394217297483872,0.009547823110502063,0.017489170647201013,-1.7018814087691896,-5.6684999999999945,-0.24644072442406395,0.07824254786159415,-0.008946753642882,-0.0019280493658133668,0.0,0.0,0,0,0.0,False
2021-01-01,1.08,0.13,0.08,0.09,0.86,19375.3,4157571.02,3206160.92,2561.8847,6.4,142863,20562.164,4.2,98.8822,97.7998,75.9401,52.0,204.8,1624.0,1856.0,79.0,262.687,106.147,0,0.8400000000000001,0.79,-1.46,-0.060911498478200765,0.047733875875340503,0.024390243902439046,-0.0328150457766595,-0.02123451849696023,-1.386099999999999,-0.21476285905143622,0.007537688442211143,0.04263565891472876,0.21621621621621623,0.66,0.24544181350356653,-0.01029650270809801,0.03039173721590216,0.09892697879109424,0.013204191315779434,0.013345221317840661,-0.18731117824773413,-0.35834504771520714,-0.08093413513561454,0.0,-0.00864906227480233,0.002478320832736358,0.029015972771277543,-1.7054418135035665,-4.541899999999998,-0.23504505412307464,0.07679580868422056,0.0007060375965943777,-0.006107796832070522,0.0,0.0,0,0,0.0,False
2021-02-01,1.26,0.12,0.04,0.08,-1.85,19641.4,4176857.93,3221475.62,2586.8021,6.2,143380,19073.36,4.1,95.6149,93.7406,73.5725,59.04,210.6,1398.0,1703.0,76.8,263.579,106.5,0,1.0,0.9500000000000001,-1.46,-0.06030349073544217,0.1423458714820589,0.0769230769230771,-0.021295843569181794,-0.00818502559151535,-0.8362999999999943,-0.09596662030598058,0.02759658805820364,0.02719797596457929,0.24563758389261747,0.6066666666666667,0.2560972447325769,-0.003367142401803913,0.03573194723733275,0.08824182076402765,0.013738437137002402,0.015857976839888988,-0.20841683366733466,-0.37390197730956226,-0.13733032592221317,0.0,-0.003367142401803913,-0.0008818612623139321,0.024930991006246517,-1.7160972447325769,-3.9920999999999935,-0.35076270514939356,0.0762615628629976,-0.0014345737083307775,0.0035538537313604124,0.0,0.0,0,0,0.0,False
2021-03-01,1.61,0.15,0.03,0.07,2.41,19874.5,4188484.51,3236403.7,2586.9613,6.1,144232,22918.422,4.1,98.3856,96.6782,75.8472,62.33,215.0,1688.0,1756.0,84.9,264.961,107.054,0,1.22,1.1400000000000001,-1.5,-0.0585253425961797,0.05506607466516256,0.02499999999999991,-0.056805772711803426,-0.05150514666971562,-2.367599999999996,0.16818361693707962,0.07066598881545505,-0.09748224661071658,0.1656399726214921,-0.10333333333333335,0.26777599917381,-0.001968957378421954,0.03799391617865844,0.100423799797561,0.016698167791706853,0.018427318715156016,-0.2396039603960396,-0.401663998760715,-0.2379109236247594,0.0,-0.0024021280016747835,0.00038002244697410426,-0.009172524005737204,-1.76777599917381,-6.3596999999999895,-0.29467003506120215,0.06330183220829315,-0.014940715653301004,0.004946705823480446,0.0,0.0,0,0,0.0,False
2021-04-01,1.64,0.16,0.02,0.07,0.12,20174.1,4205750.36,3253605.89,2555.9397,6.1,144587,19859.6,4.1,98.5587,96.8939,76.1216,61.72,217.9,1489.0,1710.0,88.3,266.614,107.618,0,1.58,1.4600000000000002,-0.5800000000000001,-0.044156532688293226,0.2853911130621387,0.05128205128205132,0.010038210492383515,0.024525268667361155,-0.0929000000000002,1.1338582677165352,0.11341273951320563,0.33333333333333326,0.2997779422649889,0.47333333333333333,0.2394913436112358,0.004522839741720963,0.04150879580590772,0.008763977751176766,0.026678187820641908,0.02669006722866385,-0.047138047138047035,-0.13890497929451678,0.2906976744186045,0.0,0.007146086791919122,0.01675496578990754,0.042853256269043016,-0.8194913436112359,-4.084999999999994,-0.33252916020018575,0.0433218121793581,-0.03347399650486246,0.014819342449818973,0.0,0.0,0,0,0.0,False
2021-05-01,1.62,0.16,0.02,0.06,0.23,20457.5,4237470.5,3277018.7,2545.3037,5.8,145065,19385.541,4.1,99.4333,97.9551,76.931,65.17,224.9,1600.0,1705.0,82.9,268.383,108.175,0,1.6199999999999999,1.48,0.020000000000000004,0.10857497738181032,-0.006277291647777572,0.5185185185185184,0.1655213518144698,0.21331677074633082,0.0,2.7293051359516616,0.17466307277628035,0.5908119658119657,0.5848007414272474,0.22666666666666666,0.182260900140647,0.024451958014404918,0.049461177686712654,-0.12489767977374444,0.04133077115360573,0.03640285829850343,0.22980501392757668,0.003645218002812941,0.5636139898473864,0.0,0.03961217198333596,0.1688784681172525,0.1868171953836516,-0.16226090014064698,-3.8105999999999938,0.23608230557535426,0.02866922884639428,-0.047592334016603316,0.02781910041620883,0.0,0.0,0,0,0.0,False
2021-06-01,1.52,0.2,0.04,0.08,0.33,20472.7,4388618.86,3403066.22,2476.2883,5.9,145820,19316.247,4.1,99.7987,97.9706,77.3367,71.38,228.9,1664.0,1662.0,85.5,270.654,108.76,0,1.6,1.4600000000000002,0.009999999999999995,0.09038634996993378,0.012891764210184897,0.32258064516129026,0.15673379835366053,0.17423435994073388,0.0,1.2818627450980395,0.1924708377518558,0.5399422521655437,0.3629096722621903,0.92,0.14084397080064015,0.036266587335169076,0.05412707033983177,-0.16152815578628077,0.04918257089467626,0.040724634892536304,0.14661134163208867,0.0014084397080064007,0.6374244987762603,0.0,0.058026539736270526,0.14891169256611347,0.21353957106546395,-0.13084397080064014,-3.001199999999997,0.13371957742190377,0.01081742910532374,-0.05248440310296941,0.03823554471359103,0.0,0.0,0,0,0.0,False
2021-07-01,1.32,0.22,0.05,0.1,0.75,20630.0,4405901.33,3415266.5,2450.0483,5.4,146762,19435.463,4.0,100.2519,98.8487,77.7972,72.49,231.85,1600.0,1666.0,81.2,271.903,109.256,0,1.48,1.32,0.0,0.05919184141903533,0.009608247112309565,0.24242424242424243,0.08958396565691418,0.08884774229686898,0.0,0.8632210910989295,0.19717573221757334,0.3143759873617693,0.2468117029257315,0.2266666666666667,0.12611111111111106,0.06999031709979842,0.08790296541936105,-0.15310815358955343,0.05295632620349999,0.04306128320705871,0.0947503201024329,0.0,-0.018957345971563955,0.0,0.10358566930770166,0.10334837410732856,0.07954575516453066,-0.12611111111111106,-2.5955000000000013,0.08514207299012333,0.02704367379650001,-0.01627813838285809,0.06546747735807745,0.0,0.0,0,0,0.0,False
2021-08-01,1.28,0.22,0.05,0.09,-0.04,20844.0,4423403.41,3429368.39,2428.1448,5.1,147314,19407.737,4.1,100.0437,98.2683,77.7308,67.73,233.415,1596.0,1740.0,70.3,272.676,109.674,0,1.27,1.1,0.010000000000000009,0.05390829772719119,0.006218838245904301,0.08108108108108092,0.054998863464161385,0.05963400606952596,0.0,0.7806435765168263,0.20129533678756473,0.04849279161205766,0.08252111760883696,0.4366666666666667,0.12539140491179057,0.06994729714016401,0.08539538497673593,-0.14215304696328868,0.05245169381309234,0.04473216164011551,0.1200000000000001,0.0012539140491179069,-0.542319174199908,0.0,0.08883306736800829,-0.05466667965461913,-0.11052248835030842,-0.11539140491179056,-2.134999999999991,0.1137811617540958,0.04754830618690767,0.01887907734051339,0.04549533912575909,0.0,0.0,0,0,0.0,False
2021-09-01,1.37,0.24,0.04,0.08,-0.13,20985.4,4447135.68,3441664.31,2416.7921,4.7,147771,19234.211,4.1,98.8579,97.0654,76.8871,71.65,235.678,1576.0,1649.0,72.8,273.91,110.034,0,1.23,1.06,-0.010000000000000009,0.0461081798879428,0.03855272548600008,0.10810810810810789,0.04261168528131454,0.03851019241357645,-0.06640000000000157,0.5996693434104865,0.20131240349974266,0.14326647564469908,0.13428943937418514,0.34666666666666673,0.132007842157571,0.0754080769847858,0.08805100785976405,-0.13741223257688162,0.05152015301793966,0.04580909697720981,-0.05128205128205121,-0.0013200784215757111,-0.3966757765208446,0.0,0.09275193469128654,-0.044278170081990975,-0.11412211307234599,-0.142007842157571,-2.2005999999999943,-0.0898347767680513,0.038479846982060334,0.027662417876736595,0.03914148964961672,0.0,0.0,0,0,0.0,False
2021-10-01,1.58,0.39,0.05,0.08,0.93,21164.2,4464959.71,3451241.87,2421.4054,4.5,148572,19258.34,4.1,100.1861,98.4333,77.9838,81.48,240.465,1587.0,1699.0,71.7,276.55,110.762,0,1.33,1.1300000000000001,-0.009999999999999995,0.042329124638498916,0.02270895157211994,0.05128205128205132,0.030124970172007215,0.02606673396793835,-0.9100999999999999,0.8079737572546051,0.20551406649616366,0.06992532247114736,-0.00060606060606061,0.19333333333333336,0.1279441010481055,0.07711641650450463,0.08762528472206021,-0.12435881029509288,0.05351215590949132,0.04737428253233955,-0.09452736318407973,-0.0012794410104810543,-0.24445066489062195,0.0,0.10256483395099115,-0.016862716780536413,-0.05945899548490696,-0.1379441010481055,-2.89309999999999,-0.11723631475619967,0.02648784409050868,-0.0005558297059913286,0.00712609940470621,0.0,0.0,0,0,0.0,False
2021-11-01,1.56,0.51,0.05,0.08,0.66,21340.9,4490204.4,3463838.46,2436.2572,4.1,149230,19227.878,4.2,100.8654,99.0146,78.562,79.15,243.287,1707.0,1770.0,67.4,278.919,111.5,0,1.53,1.19,-0.009999999999999995,0.04290327109364034,0.024629895031292426,0.02499999999999991,0.03562870970876397,0.029952694706641303,0.0,1.068020304568528,0.2237404580152671,0.028515878159429686,0.05397022332506207,0.25333333333333335,0.1281616639747547,0.07987722703348754,0.08747061723093363,-0.10273189255929449,0.06235042390298062,0.05336135652537788,-0.12347188264058673,-0.0012816166397475463,-0.019976913452627976,0.0,0.12221215736123595,-0.011005026633550852,-0.019370153755397412,-0.1381616639747547,-1.7883999999999958,-0.14810177767187915,0.01764957609701938,-0.02989873008988829,0.00992992989332353,0.0,0.0,0,0,0.0,False
2021-12-01,1.47,0.68,0.06,0.08,0.17,21502.8,4512720.41,3479173.48,2474.0848,3.9,149816,19170.498,4.2,100.5726,98.897,78.3687,71.71,241.338,1711.0,1886.0,70.6,280.845,112.191,0,1.51,1.05,-0.009999999999999995,0.045518555624838086,0.031504541642244144,0.024390243902439046,0.03897545981936834,0.03038886761351356,0.0,0.9333170493404985,0.22686333837619754,0.10628645495787437,0.046099290780141855,0.48666666666666675,0.12306340251757675,0.08571100130303821,0.08841559057989312,-0.07647321277956387,0.06901970403700863,0.0593019057933839,-0.12353706111833551,-0.0012306340251757668,-0.03698002068682471,0.0,0.1294236119675877,-0.0005896242631047155,-0.0036362254619461964,-0.13306340251757676,-1.1522000000000077,-0.15504160276057966,0.010980295962991368,-0.027499551019068966,0.010302924318252416,0.0,0.0,0,0,0.0,False
2022-01-01,1.76,0.98,0.15,0.08,-0.04,21647.4,4526943.79,3483900.8,2487.9189,4.0,150006,19062.795,4.2,100.1856,97.9535,78.088,83.22,246.453,1693.0,1923.0,67.2,282.543,112.805,0,1.41,0.7899999999999999,-0.009999999999999995,0.05098633442770151,0.026416061318226713,0.0,0.022463731281071153,0.0210777911424751,-0.1932999999999936,0.5250957039557633,0.2036807980049875,0.06009913258983901,0.07464387464387467,0.5866666666666667,0.12465872360011288,0.08765765457346508,0.08913986204801527,-0.045093176451971084,0.07174340285065539,0.06141969176624196,-0.12515489467162344,-0.001246587236001128,-0.009826189881308345,0.0,0.12359729294858576,0.008657209789202591,-0.007661238890936062,-0.13465872360011288,-0.7336999999999989,-0.15157095598985015,0.00825659714934461,-0.01823124694116407,0.010541238068960457,0.0,0.0,0,0,0.0,False
2022-02-01,1.93,1.44,0.33,0.08,0.4,21725.6,4558299.13,3503590.79,2499.3377,3.9,150825,19079.074,4.4,100.8064,98.5223,78.5777,91.64,252.66,1730.0,1846.0,62.8,284.5,113.471,0,1.61,0.78,-0.009999999999999995,0.04999895004304822,-0.0729188328621444,0.0,0.013181341030033655,0.0015715778559874938,-0.47400000000000375,0.6003846153846153,0.20338378906249988,0.04248768472906406,0.036099137931034475,0.26333333333333336,0.11726786165891645,0.08884340597505891,0.08662693075305783,-0.028871635011521013,0.07558805726967832,0.06272433512016362,-0.14936708860759496,-0.001172678616589164,0.01397180656963437,0.0,0.14303788361984485,0.00709567894940788,-0.022447368678730317,-0.12726786165891646,-0.49970000000000425,-0.07644825574545056,0.00441194273032168,-0.013237633366697699,0.008966178941571368,0.0,0.0,0,0,0.0,False
2022-03-01,2.13,1.91,0.44,0.2,0.43,21788.1,4598631.98,3521128.81,2538.8537,3.7,151315,18998.629,4.2,101.3907,98.9704,79.0253,108.5,260.014,1700.0,1899.0,59.4,287.674,114.469,0,1.5999999999999999,0.49,0.0,0.05192495466592262,0.00029958014738884486,0.07317073170731736,0.05429593086433182,0.0510099145941032,0.0,0.5521680216802167,0.19971509971509982,0.23748211731044355,0.08396946564885499,0.17666666666666672,0.10611259889824542,0.09132252195132717,0.08757327488326605,-0.03381178637515403,0.07937278766517819,0.06545539906103293,-0.18229166666666663,0.0,0.1311956623525692,0.0,0.14611603512212346,0.006406399041084532,0.01532047104496348,-0.10611259889824542,0.0,-0.18259124681405547,0.0006272123348218112,-0.010353083628169557,0.005611520648288959,0.0,0.0,0,0,0.0,False
2022-04-01,2.75,2.54,0.76,0.33,0.0,21768.4,4631140.48,3540011.66,2564.3738,3.7,151623,19006.44,4.1,101.44,98.9204,79.0418,101.78,265.31,1807.0,1849.0,65.2,288.561,114.812,0,1.69,0.21999999999999997,0.13,0.04910838094181602,-0.17103241226642907,0.024390243902439046,0.030544104015221674,0.02370958499434206,0.0,0.7407347986523345,0.2093674418604652,0.007109004739336511,0.08143507972665143,0.26333333333333336,0.09628418324989307,0.09792264219212798,0.08797577076061303,-0.018596180777810556,0.08572204966013852,0.06926410970164576,-0.3003533568904594,0.0125169438224861,-0.0529901278505025,0.0,0.1654892653046963,-0.0018779534858854863,0.00808037273415052,0.03371581675010693,0.0,-0.12932094462403032,0.11427795033986149,0.10602135319051688,0.010264987618662902,0.0,0.0,0,0,0.0,False
2022-05-01,2.9,2.62,0.98,0.77,-0.41,21718.0,4660972.28,3560424.98,2609.33,3.6,151924,18963.136,4.0,101.3335,98.4799,78.9224,109.55,273.251,1546.0,1711.0,58.4,291.298,115.525,0,1.99,0.20999999999999996,0.26,0.048662742846867335,-0.04295957622510016,0.0,0.029234354755085068,0.02091462930070942,0.0,0.6490602721970189,0.21757687012391003,0.21356615177971783,0.0812865497076023,0.27666666666666667,0.07902706936121073,0.10114488107658404,0.08802718573883572,0.0032998039820735237,0.08231750770777224,0.06684755338326309,-0.26160815402038495,0.02054703803391479,0.17107846705065377,0.0,0.20127831334240223,-0.001336207196180883,0.016053013725051413,0.18097293063878928,0.0,-0.2186485777952848,0.24768249229222777,0.24327054956190608,0.012301475101525128,0.0,0.0,0,0,0.0,False
2022-06-01,3.14,3.0,1.49,1.21,-0.25,21647.0,4698764.18,3578596.08,2665.5908,3.6,152358,18871.331,4.0,101.018,97.9383,78.6259,114.84,280.251,1556.0,1726.0,50.0,294.957,116.638,0,1.92,0.2799999999999998,0.71,0.04728225278323506,-0.021789693669111543,-0.024390243902438935,0.019110298059100916,0.005357556676477193,-0.11939999999999884,0.6809881847475832,0.2149888839484213,-0.03374999999999995,0.0035190615835776207,0.00666666666666671,0.0616155444213613,0.09994211877109249,0.08648296086928031,0.025154679970016858,0.08538171195642064,0.06794545874740021,-0.29553679131483723,0.04374703653916652,-0.2712321173104435,0.0,0.19188886804049757,-0.004642701882687561,-0.035185632805230904,0.6483844555786387,-0.11939999999999884,-0.2737470976457257,0.6846182880435794,0.6839910757087576,0.008619596819765318,0.0,0.0,0,0,0.0,False
2022-07-01,2.9,3.04,2.23,1.68,0.2,21649.2,4722381.39,3592487.37,2697.8587,3.5,153072,19050.186,3.9,101.223,98.0214,78.7204,101.62,272.274,1382.0,1707.0,51.5,294.913,116.631,0,1.6500000000000001,0.14000000000000012,1.13,0.04483609930050747,-0.023033252784560143,-0.024390243902438935,0.012217594016755706,-0.0003296907439579444,-0.4158999999999935,0.6088540207340993,0.22433813892529475,-0.06490384615384615,0.038507821901323736,-0.21999999999999997,0.057359312645620664,0.07067037031326961,0.05157991312904864,0.07644606647780061,0.08979361103105798,0.07243471864656126,-0.41520467836257313,0.06481602328955134,-0.07201285089318266,0.0,0.11660611101689487,-0.004272281641308551,-0.018326509998465967,1.0726406873543792,-0.4158999999999935,-0.392171425578013,1.120206388968942,1.0059284386290805,-0.02725227187885837,0.0,0.0,0,0,0.0,False
2022-08-01,2.9,3.25,2.63,2.33,0.04,21641.9,4752120.15,3607189.48,2723.4056,3.6,153362,19115.806,3.8,101.0963,98.0019,78.5438,93.67,269.546,1532.0,1565.0,58.2,295.097,116.956,0,0.6699999999999999,-0.14000000000000012,1.5799999999999998,0.04299478066529483,-0.019823402200400242,-0.025000000000000022,0.00968659945597028,-0.008369356400235839,-0.321399999999997,0.40184853083183913,0.1743541082596507,-0.13624999999999998,0.024609843937575038,-0.1533333333333333,0.04940378090159969,0.07183094588275751,0.05189078802488778,0.10114510803725807,0.08462576727730098,0.06750201361938934,-0.3657635467980296,0.0780579738245275,-0.3498161517797178,0.0,0.048126733741447526,-0.005667962181572506,-0.01954775529911479,1.5305962190984002,-0.321399999999997,-0.34594014459762934,1.595374232722699,1.3476917404304711,-0.029313935193826524,0.0,0.0,0,0,0.0,False
2022-09-01,3.52,3.86,3.13,2.56,0.0,21541.3,4778706.17,3623266.62,2747.9147,3.5,153582,19158.931,3.8,101.2918,97.9936,78.6087,84.26,267.898,1481.0,1586.0,58.6,296.349,117.371,0,0.27,-0.3500000000000001,2.24,0.04105516108448626,-0.015041990727718613,-0.07317073170731703,0.010521402147261716,-0.002710945442222834,-0.49799999999999045,0.3829912889413849,0.15479296531928122,-0.040100250626566414,-0.10057471264367812,-0.0033333333333332923,0.03827960084436777,0.07431308192620856,0.051852431636835616,0.12159933789780575,0.08222579178218825,0.0663967758994839,-0.17211948790896148,0.08574630589138381,-0.006350250626566467,0.0,0.020064532120076313,-0.006227091698748799,-0.0085888959118392,2.2017203991556324,-0.49799999999999045,-0.15707749718124286,2.2477742082178116,1.5631559201742322,-0.025629036844883935,0.0,0.0,0,0,0.0,False
2022-10-01,3.98,4.38,3.72,3.08,0.04,21464.2,4812477.06,3645032.06,2773.0009,3.6,153939,19196.543,4.0,101.2529,98.239,78.4843,87.55,265.061,1446.0,1583.0,59.9,298.007,117.919,0,0.3900000000000001,-0.33999999999999986,2.48,0.03932435998944306,-0.003913859528732355,-0.07317073170731703,0.024620187157526008,0.009562624786999319,-0.43309999999999604,0.17599441730635035,0.1367119544463209,-0.06027918781725883,-0.03820497271073375,0.08000000000000004,0.026489845321032712,0.074558213164299,0.05276584048953925,0.1370091370292048,0.08192106896425821,0.06667939000672507,-0.19505494505494503,0.06569481639616112,0.004624658336587317,0.0,0.02907770313407662,-0.005511739311064412,0.012402593140770302,2.453510154678967,-0.43309999999999604,-0.19114108552621267,2.478078931035742,1.3578725420667999,0.0038878428510293883,0.0,0.0,0,0,0.0,False
2022-11-01,3.89,4.5,4.15,3.78,-0.6,21409.5,4843070.13,3659181.15,2792.5376,3.6,154242,19205.667,3.8,100.9552,97.4555,78.1544,84.37,263.157,1434.0,1424.0,56.7,298.786,118.224,0,0.2599999999999998,-0.3999999999999999,3.0,0.0361238995234634,-0.003208843545186024,-0.024390243902438935,0.010648183730078253,-0.0019739254906622206,-0.5574999999999903,0.07449680903289146,0.10228515584388576,-0.08884688090737236,-0.06827545615067687,0.02666666666666671,0.014174880222262098,0.07783213569020075,0.05615085737239278,0.1452030709108023,0.07758813957693,0.0646160235459814,-0.16457461645746174,0.042524640666786295,0.04740311909262762,0.0,0.02023635527945218,-0.006870881141831431,0.0009615842741079739,2.985825119777738,-0.5574999999999903,-0.16136577291227572,3.00241186042307,1.407037627700371,0.006001189807443241,0.0,0.0,0,0,0.0,False
2022-12-01,3.62,4.29,4.25,4.1,-0.46,21293.2,4858438.6,3665798.9,2800.5079,3.5,154342,19259.807,3.7,99.7664,95.7545,77.1334,76.44,257.897,1296.0,1398.0,59.8,298.832,118.384,0,-0.26000000000000023,-0.6099999999999999,3.6999999999999997,0.03358574013268112,-0.001155145669220481,-0.09523809523809534,0.0008902953837490735,-0.015746162687118925,-0.8873999999999995,0.06595072646873024,0.08167308569713949,-0.15992970123022843,-0.19548022598870052,-0.18666666666666662,0.0032144848624002798,0.07858567195738342,0.05639486143935235,0.1462408812993965,0.07122856456533988,0.06030493273542614,-0.15875370919881304,0.011893593990881034,-0.11982945060366201,0.06760000000000012,-0.020432274708919708,-0.007469420951805139,-0.009631106763512642,3.6967855151375995,-0.8873999999999995,-0.15759856352959256,3.70877143543466,1.4609972272168483,0.004272590031174861,0.0,0.0,1,1,0.0,True
2023-01-01,3.53,4.21,4.54,4.33,0.57,21274.0,4873574.92,3673726.29,2814.1478,3.5,154776,19295.401,3.9,100.505,97.4332,77.601,78.12,260.227,1358.0,1418.0,64.9,300.42,119.018,0,-0.6299999999999999,-0.6699999999999999,4.02,0.030210391413467264,0.004658668752371531,-0.11904761904761907,-0.008016099812473643,-0.0317754835839309,-1.9084000000000003,0.0659601171384745,0.06861331410718585,-0.2425482174167154,-0.2587486744432662,-0.3399999999999999,-0.009747567758617404,0.07660970735831585,0.053640734235534504,0.13193690854897122,0.06404600402357152,0.05520050627946982,-0.1529745042492917,-0.039185222389641956,-0.18226902959945657,0.39689999999999986,-0.04826411563573898,-0.009113968575975795,-0.03263628696999965,4.029747567758617,-1.9084000000000003,-0.15763317300166324,4.035953995976428,1.5578750649406858,0.002051494194016845,1.0,0.0,1,1,0.0,True
2023-02-01,3.75,4.53,4.65,4.57,-0.43,21240.2,4885540.61,3680882.71,2807.35,3.6,155066,19362.608,3.6,100.6416,97.4821,77.6078,76.83,258.669,1395.0,1605.0,66.9,301.45,119.369,0,-1.0100000000000002,-0.6800000000000002,4.25,0.03179872805087802,0.012202093134821235,-0.07142857142857151,0.003188082918103907,-0.005311704022827213,-1.4407999999999959,-0.0612833453496755,0.05588895245746639,-0.19787359716479624,-0.26261050442017686,-0.16333333333333333,-0.01724918465958969,0.07657067241826732,0.05448647963799669,0.1311252147326829,0.06327178517960097,0.05507734586232882,-0.034226190476190466,-0.07330903480325618,-0.10902671625742388,1.0201000000000005,-0.07733637914245,-0.004325171472585376,-0.007460100811974346,4.2672491846595895,-1.4407999999999959,-0.0464282836110117,4.266728214820399,1.2643163543973293,-0.0012614632719334384,1.0,0.0,1,1,0.0,True
2023-03-01,3.66,4.3,4.69,4.65,-0.41,20942.3,4909166.07,3688224.03,2797.0376,3.5,155134,19448.229,3.6,101.0205,96.8552,77.8036,73.28,257.062,1366.0,1472.0,62.0,301.821,119.538,0,-0.9000000000000004,-0.7800000000000002,4.49,0.02811868059008793,0.014860993777790155,-0.18181818181818188,-0.001634816837026265,-0.01055801579946869,-1.4339999999999975,-0.16161065037101707,0.02378294941819048,-0.1936416184971098,-0.13055254604550381,-0.10666666666666667,-0.022342305851161703,0.0717902600657101,0.05060291872727518,0.12323756809654007,0.05957820738137087,0.05197803844154003,0.0652866242038217,-0.10031695327171605,-0.033711917266881386,0.8100000000000006,-0.06461123405913911,-0.005467059542593189,-0.0025251122207753385,4.512342305851162,-1.4339999999999975,0.05042563042603154,4.510421792618629,0.8016503571839695,-0.00679541189167332,1.0,0.0,1,1,0.0,True
2023-04-01,3.46,4.02,4.92,4.83,0.04,20758.2,4920124.19,3687580.04,2767.6207,3.4,155375,19474.528,3.6,101.253,97.7738,77.888,79.45,256.908,1343.0,1482.0,63.7,302.845,119.951,0,-1.0300000000000002,-0.6399999999999997,4.45,0.025238740376036795,0.02366486550161051,-0.1428571428571429,-0.0036512224493961964,-0.021372046591708216,-1.238199999999992,-0.3246082949308756,-0.011353234825817071,-0.19647058823529406,-0.224855186940495,-0.08999999999999998,-0.03881935551975613,0.06752749325246077,0.04745501485928316,0.10169309873979748,0.04917719362889961,0.04428273156924578,0.043771043771043905,-0.17274613206291478,0.04607762918142133,1.0609000000000006,-0.0695533180500346,-0.004971651037430469,0.004364877363077446,4.488819355519756,-1.238199999999992,0.020106178269433395,4.6008228063711005,0.5648688103946728,-0.00908221410585508,1.0,0.0,1,1,0.0,True
2023-05-01,3.57,4.13,5.14,5.06,-0.18,20829.4,4925699.5,3684425.16,2764.3326,3.6,155655,19532.638,3.6,100.9286,97.5956,77.5496,71.58,253.67,1609.0,1579.0,59.0,303.334,120.15,0,-1.46,-0.5599999999999996,4.5,0.02474558609181976,0.02462786297696984,-0.12195121951219501,-0.001843454258675048,-0.011591137925038741,-1.0343999999999909,-0.21939477303988997,-0.03166861407410193,-0.25677919203099064,-0.1984856679286101,-0.2666666666666666,-0.04640671799489171,0.06240011747603047,0.04168584574662093,0.07925790694008805,0.049500798791243694,0.044760129603177434,-0.02300613496932513,-0.2088302309770127,-0.0589055948661944,2.1315999999999997,-0.09110417151500448,-0.007053141959058262,-0.005031537176778955,4.546406717994891,-1.1537999999999897,-0.04763399794629497,4.780499201208756,0.5137709863883568,-0.014170554942236846,1.0,0.0,1,1,0.0,True
2023-06-01,3.75,4.64,5.16,5.08,-0.41,20798.9,4948993.3,3701363.25,2752.8699,3.6,155880,19553.713,3.6,100.1196,96.9217,76.8467,70.25,253.86,1420.0,1447.0,64.2,304.014,120.469,0,-1.5699999999999998,-0.56,4.289999999999999,0.024558331797477795,0.030032057988720773,-0.09999999999999998,-0.003995717112307395,-0.008979497339050901,-1.1707999999999998,-0.34659972615244183,-0.07165939008457423,0.0407503234152653,-0.07714786674459384,-0.18333333333333332,-0.04091536973938659,0.05679656605895955,0.03482735367169565,0.05940321845071339,0.04131851231385042,0.04003462454014284,0.010273972602739656,-0.17552693618196843,0.2343919419123751,2.4648999999999996,-0.08917060871256649,-0.003560348792610135,-0.0023609002752811303,4.330915369739386,-1.4921999999999969,-0.019758085385981117,5.018681487686149,0.5082596950675198,-0.014993694006750546,1.0,0.0,1,1,0.0,True
2023-07-01,3.9,4.83,5.25,5.12,0.13,20792.2,4959788.93,3704039.51,2752.8897,3.5,156043,19596.868,3.6,100.9067,97.3075,77.3773,76.07,253.835,1464.0,1530.0,71.5,304.609,120.607,0,-1.4100000000000001,-0.8899999999999997,3.87,0.023116606938920148,0.036159717616102593,-0.09999999999999998,-0.008893464531073647,-0.010380004553887434,-1.8736999999999995,-0.3882793451758969,-0.09416915550702754,-0.08740359897172234,-0.16164542294322137,-0.18333333333333335,-0.03917863907238872,0.053254240990659785,0.03430595888877175,0.03274287261195541,0.03070617072997095,0.03284521339529123,0.28400000000000003,-0.15162133321014434,0.10906698926357172,1.9881000000000004,-0.07508847979683031,-0.0021221334371166467,-0.005242242081677451,3.9091786390723886,-2.1950999999999965,0.24784028238389744,5.049293829270029,0.4484710228989286,-0.014273252261800984,1.0,0.0,1,1,0.0,True
2023-08-01,4.17,4.9,5.3,5.33,-0.17,20782.0,4946750.25,3674941.65,2757.5139,3.7,156261,19622.827,3.6,100.8393,97.2654,77.2588,81.39,257.68,1321.0,1596.0,69.4,306.082,120.97,0,-1.35,-0.9300000000000002,3.4400000000000004,0.01940916692798167,0.028696937657196386,-0.07692307692307687,-0.0031247838929887584,-0.007283103485565379,-1.2313999999999936,-0.2514268844715608,-0.06772222099796521,0.05933429811866864,-0.1036906854130053,-0.15333333333333335,-0.03958575836520517,0.050272843379979504,0.031051505130273993,0.0203980289998138,0.03287749268428297,0.0340904219289897,0.38834951456310685,-0.1361750087763058,0.3161134901496593,1.8225000000000002,-0.06786833856297234,-0.005336419163838091,-0.0012813296343137104,3.4795857583652055,-1.6644999999999897,0.35965257690591046,5.087122507315717,0.3066233061069612,-0.012127274096050966,1.0,0.0,1,1,0.0,True
2023-09-01,4.38,5.02,5.32,5.33,-0.03,20753.6,4955832.25,3677904.8,2761.2738,3.7,156417,19628.768,3.6,101.0211,97.3037,77.3375,89.43,258.934,1369.0,1530.0,67.8,307.276,121.419,0,-1.13,-0.7300000000000004,3.0,0.018902987702299034,0.026523652730102043,-0.05263157894736836,-0.0025421306219911566,-0.007515160420359268,-1.3499000000000052,-0.13109853741859723,-0.04402217061280811,-0.1377284595300261,0.019808306709265144,-0.15000000000000002,-0.03973311030916882,0.040956477078972764,0.018782537034899516,0.0125241352224581,0.03722504803505289,0.0343205991996991,0.1924398625429553,-0.11919933092750645,-0.1784787829452914,1.2768999999999997,-0.04628081909923922,-0.00565534409517876,0.0014535864903162388,3.039733110309169,-1.7830000000000013,0.16591620981285327,5.292774951964947,0.2740934642787982,-0.01584008897998679,1.0,0.0,1,1,0.0,True
2023-10-01,4.8,5.07,5.34,5.33,-0.51,20737.4,4969073.22,3686712.93,2774.0428,3.9,156576,19689.563,3.5,100.4689,96.786,76.859,85.64,255.192,1380.0,1524.0,63.8,307.696,121.484,0,-0.9400000000000004,-0.6399999999999997,2.77,0.01845919443684796,0.024523132318812646,-0.05263157894736836,-0.002672476942852109,-0.0070402556901674185,-1.146799999999999,0.06135770234986948,-0.03346049615898583,-0.07562457798784605,-0.035308953341740223,-0.023333333333333334,-0.03656696671045856,0.037065698056928165,0.015079812150285532,0.004861541007805004,0.03687206638119256,0.0344889282701859,0.15699658703071662,-0.10129049778797021,0.011779020983876287,0.8836000000000007,-0.03484175617351249,-0.004657412502072189,0.006220987588221538,2.8065669667104585,-1.7042999999999893,0.13247345471190397,5.293127933618807,0.24383410434877817,-0.01618854293373162,1.0,0.0,1,1,0.0,True
2023-11-01,4.5,4.88,5.27,5.33,0.14,20749.7,4993197.93,3691613.79,2767.8002,3.7,156703,19785.645,3.5,100.8639,97.2483,77.1081,77.69,252.856,1522.0,1513.0,61.3,308.148,121.493,0,-0.54,-0.27000000000000046,2.25,0.0171301619472648,0.02568274923250491,-0.125,-0.007742988102069082,-0.014790460000610794,-1.2954000000000008,-0.021816105082809734,-0.03723293883294776,-0.0456431535269709,-0.03727100442198361,-0.23666666666666666,-0.03386103372126603,0.03253961692650642,0.011434980355152335,0.00037573013409408773,0.032512659098611785,0.030232617305099296,0.06510851419031716,-0.07618732587284857,-0.10497745164563954,0.2916,-0.017571393140313467,-0.00227900498071687,-0.004618204209080323,2.283861033721266,-2.1828000000000003,0.03942576495781225,5.297487340901388,0.21036483358567093,-0.017733226453473083,1.0,0.0,1,1,0.0,True
2023-12-01,4.02,4.46,5.24,5.33,-0.12,20779.9,4988225.98,3689360.04,2764.9288,3.8,156857,19847.006,3.5,100.6031,97.2445,76.858,71.9,249.866,1504.0,1501.0,69.7,308.741,121.66,0,-0.7699999999999996,-0.3799999999999999,1.5500000000000003,0.01595544663580606,0.030198274290603955,-0.07894736842105254,-0.0009043615385835313,-0.002126098578325464,-0.779900000000012,-0.07917506222590975,-0.039143933089372474,0.06136680613668055,0.0625,-0.1333333333333333,-0.030818094771012827,0.030998477405901115,0.008863360044364166,-0.00885839460138338,0.031333462745911866,0.027650899986466193,0.08112874779541435,-0.04776804689506989,0.19909526566670666,0.5928999999999993,-0.023868827602543847,-0.0029475410664929758,0.0016377690834076253,1.580818094771013,-1.9337000000000018,0.05093047350481039,5.298666537254088,0.005891585289140799,-0.009957999673071649,1.0,0.0,1,1,0.0,True
2024-01-01,4.06,4.32,5.22,5.33,-0.98,20835.5,5002475.58,3694115.37,2762.6228,3.7,157032,19932.436,3.5,99.2223,95.7457,75.7542,74.15,251.306,1378.0,1548.0,79.0,309.698,122.23,0,-1.2200000000000006,-0.4400000000000004,1.2300000000000004,0.01629498127534945,0.030488311746841523,-0.05405405405405406,0.008386591076755323,0.015560626393537724,-1.0300000000000011,-0.05939298796441639,-0.03114033897253543,0.16049382716049387,0.07367668097281821,-0.1633333333333333,-0.02410628745327148,0.02671380471907181,0.006427286559554712,-0.012704516919948672,0.033159099427102934,0.027672658467360334,0.16555183946488294,-0.02965073356752393,0.23611840514833993,1.4884000000000015,-0.032590841757267626,-0.002164213161498507,0.011059068019607432,1.254106287453272,-2.183799999999991,0.13506352771804142,5.296840900572898,0.003712966954090291,-0.010351893337856355,1.0,0.0,1,1,0.0,True
2024-02-01,4.21,4.54,5.24,5.33,0.26,20921.7,5015273.37,3695806.73,2767.0617,3.9,157238,19963.623,3.6,100.285,96.9553,76.5157,77.25,254.926,1555.0,1570.0,76.9,310.967,122.598,0,-1.1600000000000001,-0.2600000000000007,1.0,0.014575903240812593,0.033014861935235285,-0.10256410256410253,-0.012762549126908995,-0.017319558425670123,-2.133800000000008,-0.05081925243215568,-0.03428160798072444,0.014727540500736325,0.09167842031029627,-0.32,-0.020612014665789213,0.026448892674455937,0.005549972532112646,-0.018309272881829486,0.030883429864855705,0.026987514493606035,0.217257318952234,-0.020612014665789213,0.06037069402770723,1.3456000000000004,-0.03068071550236889,-0.002554258706452206,-0.005019561024839914,1.0206120146657893,-3.2875999999999976,0.1842424570169987,5.299116570135144,0.0016292292337558578,-0.006090724252050483,1.0,0.0,1,1,0.0,True
2024-03-01,4.21,4.59,5.24,5.33,-0.13,20965.9,5014899.75,3693979.09,2749.6389,3.9,157466,19992.037,3.5,100.4575,97.0896,76.5964,81.28,255.095,1297.0,1477.0,79.4,312.345,123.038,0,-1.0300000000000002,-0.33000000000000007,0.7599999999999998,0.01400693898082106,0.031039981804104055,0.0,-0.003543266402759926,-0.0054040690547291215,-1.3723000000000098,0.005466614603670372,-0.014470230294314379,0.11469534050179209,-0.02180685358255452,-0.28,-0.014995150704795623,0.026554432836860542,0.004054467685008056,-0.014351007177587305,0.03157074141648697,0.02705057426970159,0.14947683109118093,-0.01139631453564467,0.053328534365111535,1.0609000000000006,-0.027351065821966364,-0.001948507654984999,-0.0026389048641763946,0.7749951507047954,-2.5260999999999996,0.11843684928707687,5.298429258583513,-0.00023727867057488083,-0.004444044569040573,1.0,0.0,1,1,0.0,True
2024-04-01,4.54,4.87,5.24,5.33,-0.38,20955.4,5016165.95,3693276.73,2743.3657,3.9,157530,20018.113,3.6,100.2434,96.564,76.3803,85.35,256.978,1379.0,1456.0,77.2,313.023,123.341,0,-1.0300000000000002,-0.3799999999999999,0.6799999999999997,0.015032165740585635,0.027961826241350796,-0.02777777777777779,-0.00557312624665296,0.0024201075419802986,-1.2916000000000025,0.10917030567685582,-0.007651850526332216,-0.05051244509516839,0.0033967391304348116,-0.2833333333333333,0.0011269058317378011,0.021538012463285794,0.0015603878596279763,-0.016946036048997026,0.034868349120836584,0.029279392327126175,0.2806451612903227,0.0007662959655817044,-0.21100627225566226,1.0609000000000006,-0.022184152837184373,-0.001262815534763817,-0.013959717323408283,0.6788730941682619,-2.4453999999999922,0.2526833350489719,5.2951316508791635,-0.001709249693734094,-0.005175792255786016,1.0,0.0,1,1,0.0,True
2024-05-01,4.48,4.86,5.25,5.33,0.16,21021.6,5024842.11,3693556.51,2754.7942,3.9,157608,20111.997,3.7,100.863,97.1046,76.7961,80.02,255.313,1329.0,1405.0,69.1,313.175,123.348,0,-0.7000000000000002,-0.33000000000000007,0.5,0.013869670152856006,0.027912614878265796,0.0,-0.009971062585799939,-0.012373457920219932,-1.1692999999999927,0.07426054122089343,0.00027247107914107893,0.026805658972449686,-0.01754385964912286,-0.08333333333333333,0.009499860296172224,0.019520190200727372,0.0015448315529986711,-0.008763845421448146,0.033607951262196734,0.02826154012888593,0.21193092621664045,0.004749930148086112,0.012078118471713362,0.49000000000000027,-0.013664133140509164,-0.000706233087956587,0.002791486541109056,0.4905001397038278,-2.6614999999999895,0.18401831133837465,5.296392048737803,-0.0027245213973410287,-0.006928702473728565,1.0,0.0,1,1,0.0,True
2024-06-01,4.31,4.74,5.24,5.33,-0.22,21070.7,5026364.81,3695485.88,2761.7317,4.1,157695,20158.9,3.6,100.894,96.9264,76.7586,79.77,255.914,1318.0,1459.0,68.2,313.044,123.539,0,-0.7699999999999996,-0.3799999999999999,0.27000000000000046,0.012546978895634497,0.02966107291805642,0.0277777777777779,-0.0006499644303002983,-0.0050309645106951795,-0.5812000000000097,0.11791003073484219,0.006476918831552769,-0.1740211311373524,-0.11019632678910707,-0.11666666666666665,0.00922734212219245,0.02012762045268901,0.0024783649018398357,-0.0034505254541368213,0.03244278584003113,0.026616729088639213,0.17118644067796596,0.0024913823729919658,-0.2887164716391445,0.5928999999999993,-0.01549826774857053,-0.0014599600851865624,0.0028933019724596276,0.260772657877808,-2.2456999999999994,0.14152536775990954,5.297557214159969,-0.0008720444235441605,-0.006426812384171532,1.0,0.0,1,1,0.0,True
2024-07-01,4.25,4.5,5.2,5.33,-0.39,21098.9,5046177.04,3708692.39,2756.7035,4.2,157748,20164.512,3.7,99.9757,96.1663,75.9946,81.8,257.321,1269.0,1448.0,66.4,313.569,123.736,0,-0.9300000000000006,-0.4300000000000006,0.25,0.0116435719784449,0.030949978656227728,0.0,0.007734749239909133,4.8492752396933625e-05,-0.618700000000004,0.13551601423487547,0.008091073820215788,-0.07183098591549297,0.008293020041465038,-0.14666666666666667,0.013067998788397484,0.01563378758261802,-0.0015878933255200067,0.0032191132606738115,0.029702579486470926,0.02548373440470164,0.06230529595015577,0.003266999697099371,-0.021318540820324583,0.8649000000000011,-0.014539422451834767,-0.0033885937621407347,0.013307875486562093,0.23693200121160252,-2.2831999999999937,0.03135531729392804,5.300297420513529,0.00516576963436588,-0.005904224880667774,1.0,0.0,1,1,0.0,True
2024-08-01,3.87,3.97,5.05,5.33,-0.08,21192.0,5055767.39,3715582.9,2765.3486,4.2,157757,20189.814,3.6,100.4309,96.6244,76.2697,76.68,255.463,1394.0,1492.0,67.9,314.062,123.889,0,-0.9500000000000002,-0.25,0.20999999999999996,0.010926475394602786,0.028966057229145026,0.0277777777777779,-0.009226344732312097,-0.011727770212984545,-1.3429000000000002,0.0753253582226896,0.013733330706955371,-0.13319672131147542,-0.0535947712418301,-0.15,0.014750723829128232,0.017417698861632802,0.0012561637065260367,0.0013853806056958184,0.029414757935583014,0.02594376777467322,-0.07132867132867127,0.003097652004116928,-0.1600023802839251,0.9025000000000003,-0.016546813918551166,-0.0029431947582532203,0.0007447178534878418,0.19524927617087173,-3.0471999999999895,-0.10029472855781629,5.300585242064417,0.004193193326614164,-0.00210249133909457,1.0,0.0,1,1,0.0,True
2024-09-01,3.72,3.62,4.72,5.13,-0.29,21275.6,5058345.12,3715864.24,2778.8287,4.1,157912,20216.213,3.6,99.8084,96.0864,75.7216,70.24,252.682,1357.0,1421.0,70.1,314.732,124.164,0,-1.1799999999999997,-0.10000000000000009,0.0,0.009573726009688865,0.02889425667361789,0.0,-0.004050008280501727,-0.0065902160480499905,-1.0678000000000054,-0.05786951713969768,-0.008603694504812243,0.05526116578349738,-0.06516290726817042,-0.22999999999999998,0.019728611298238885,0.022038133014699923,0.01105901912755547,0.00284121867889775,0.02607144490692037,0.02412994957427461,-0.021613832853025983,0.0,0.22928229692084978,1.3923999999999994,-0.026004996957345903,-0.002973252885945632,-0.0034000438502014285,-0.019728611298238885,-2.7720999999999947,-0.05050808952664387,5.30392855509308,0.0063713409331107584,0.0019105125620109131,1.0,0.0,1,1,0.0,True
2024-10-01,4.1,3.97,4.51,4.83,-0.56,21336.6,5071588.43,3719154.82,2788.8245,4.1,157945,20263.282,3.6,99.4695,95.4449,75.3852,71.99,253.081,1370.0,1435.0,70.5,315.631,124.494,0,-0.9999999999999996,0.10000000000000009,-0.20000000000000018,0.009557784639776967,0.02992775705535866,0.0,-0.012004422838397089,-0.012510315640618108,-1.386499999999998,-0.21458123672145824,-0.024145148956877138,-0.00876552227903582,-0.07124183006535945,-0.25333333333333335,0.025152262739958298,0.020685298619621317,0.0103209414229537,0.006357536873018654,0.024264830315416708,0.02260766436883843,0.03392330383480813,-0.005030452547991664,0.06306546363645715,0.9999999999999991,-0.020685298619621307,-0.0020857873386679326,-0.019739172078306222,-0.22515226273995848,-3.3202,0.003995546779449466,5.105735169684583,-0.1945622508289464,0.005051511037003298,1.0,0.0,1,1,0.0,True
2024-11-01,4.36,4.26,4.42,4.64,-0.05,21454.7,5065689.77,3723599.29,2794.746,4.2,158079,20316.65,3.6,99.2925,95.7246,75.1681,69.95,253.211,1300.0,1512.0,71.8,316.528,124.637,0,-0.41000000000000014,0.12999999999999945,-0.5,0.008743357858164824,0.029138229223269363,0.028571428571428692,-0.009947356843759692,-0.013856342859504434,-1.7228999999999957,-0.15938813638486693,-0.008272202890372782,-0.007246376811594235,-0.05839895013123364,-0.31,0.028894654103214235,0.020630649914230803,0.008799678905295094,0.005328576761685078,0.02578844053871343,0.024776925356425616,0.10501567398119138,-0.014447327051607117,0.12595034449988118,0.1681000000000001,-0.008458566464834632,-0.002183117536437962,-0.0007210121114475943,-0.5288946541032142,-3.6565999999999974,0.07587744475792202,4.804211559461287,-0.49637368260313064,0.003212951052598001,1.0,0.0,1,1,0.0,True
2024-12-01,4.39,4.23,4.27,4.48,0.33,21487.6,4947229.57,3650263.96,2771.9429,4.1,158316,20338.298,3.6,100.3273,96.1524,75.8651,70.12,253.423,1494.0,1467.0,74.0,317.604,124.979,0,-0.05999999999999961,0.10000000000000053,-0.6900000000000004,0.008780942292106797,0.026837891815000292,0.028571428571428692,-0.015579409481489392,-0.015668140214276316,-1.6899000000000086,-0.09962672158578967,0.0014039611478471326,-0.1458607095926413,-0.0006609385327164263,-0.30000000000000004,0.03397639483944337,0.014518118651867695,0.008664367894237301,0.009735457060809471,0.02719472461284833,0.025878034125423,0.17128874388254478,-0.023443712439215936,-0.20112187537613868,0.003599999999999953,-0.000871087119112056,-0.0007927837175820684,-0.011529401200987666,-0.7239763948394438,-3.8736999999999995,0.1444508520675445,4.612805275387151,-0.6911232797059288,-0.007520014362832228,1.0,0.0,1,1,0.0,True
2025-01-01,4.63,4.27,4.21,4.33,-0.5,21539.3,4955619.41,3653683.6,2669.2556,4.0,158268,20388.396,3.6,100.0647,95.7673,75.5781,75.74,257.36,1353.0,1463.0,71.7,318.961,125.417,0,0.1200000000000001,0.15999999999999925,-0.8499999999999996,0.009301465666180064,0.024753960370647254,0.028571428571428692,-0.0027414662172438042,-0.011230455192838718,-0.9309999999999974,-0.02475660639777466,0.014235630297839696,-0.0066489361702127825,-0.022651565622918035,-0.09333333333333334,0.034056949263470804,-0.00821863527522071,-0.01059698147541055,0.0025368103511380635,0.028706909675099812,0.027280946901200087,0.061692969870875025,-0.028948406873950172,0.0021165861088230375,0.0,-0.000986236233026486,-0.0002563189735969029,0.009262956621153284,-0.8840569492634704,-3.1766999999999967,0.03693900950022777,4.451293090324901,-0.6544420793596819,-0.028903933894842027,0.0,0.0,1,0,0.0,True
2025-02-01,4.45,4.21,4.22,4.33,0.39,21607.2,4957607.46,3653425.72,2672.4448,4.2,158310,20413.875,3.7,101.0993,96.9554,76.2685,71.53,259.498,1491.0,1446.0,64.7,319.679,125.921,0,0.41999999999999993,0.3600000000000003,-1.0,0.00787100718324929,0.022875277261645177,0.028571428571428692,0.00849002693950851,0.00022559759863893802,-1.2179999999999893,0.02144302090357364,0.024090153040516427,-0.018142235123367212,-0.05490956072351416,-0.07333333333333332,0.03377888699575249,-0.0093665964482329,-0.010944912638177873,-0.03379657910591349,0.029909783078999608,0.026073795303935166,-0.09240506329113918,-0.03377888699575249,-0.010895858311772977,0.0,-0.003933970508257817,-0.0008723506749155341,0.018437383783268202,-1.0337788869957525,-3.4636999999999887,-0.11528034055278435,4.300090216921,-0.5041213425402864,-0.029997246362463703,0.0,0.0,0,0,0.0,False
2025-03-01,4.28,3.97,4.2,4.33,0.16,21684.1,5021864.24,3729061.7,2672.4789,4.2,158377,20547.128,3.7,101.0404,97.3898,76.1318,68.24,258.525,1346.0,1492.0,57.0,319.785,125.941,0,0.23000000000000043,0.2400000000000002,-1.0,0.00681769038018798,0.022553621654746836,0.0277777777777779,0.008119858403550007,1.0314031311242644e-06,-0.5275999999999925,-0.07404530744336568,0.01793461632003024,-0.04115755627009643,-0.0789808917197452,0.07333333333333335,0.03276502387473301,-0.011498059177579845,-0.011467323130287088,-0.03419399719203953,0.028015834477613355,0.027104846734857135,-0.15864759427828357,-0.03276502387473301,0.10470315332254487,0.0,-0.0026445536108433694,-0.0019632519119188174,0.0236992678850394,-1.032765023874733,-2.773299999999992,-0.1812012159330304,4.301984165522387,-0.3108211098647642,-0.02601617782944754,0.0,0.0,1,0,0.0,True
2025-04-01,4.28,3.78,4.21,4.33,-0.36,21770.8,5038214.15,3738801.57,2660.0334,4.2,158485,20658.839,3.7,101.1279,97.3314,76.1048,63.54,258.392,1400.0,1445.0,52.2,320.302,126.15,0,0.08000000000000007,0.31000000000000005,-1.0,0.00578537589066852,0.027765604875581218,0.05714285714285716,0.005802453773984029,0.003091989255285643,-0.6642999999999972,-0.16043307086614178,0.013445971108802413,0.037779491133384635,0.010155721056194889,0.016666666666666673,0.034255624609484725,0.001388759565931652,0.009497241090230535,-0.028061866596373775,0.02381981462805549,0.023594336708984365,-0.2821158690176323,-0.034255624609484725,0.04442842730359742,0.0,0.00011110076527453226,-0.003516089775511544,0.008543919991227833,-1.0342556246094847,-2.9099999999999966,-0.3098814738932135,4.306180185371945,-0.14511290495295626,0.009607394841152361,0.0,0.0,1,0,0.0,True
2025-05-01,4.42,3.92,4.25,4.33,-0.31,21836.1,5048281.76,3748056.81,2673.2668,4.3,158498,20514.16,3.7,100.9655,97.2482,75.8894,62.17,258.678,1289.0,1416.0,52.2,320.62,126.38,0,0.07000000000000028,0.5000000000000004,-1.0,0.006062337332571666,0.03200731257736433,0.0277777777777779,0.008823523543694645,0.007947061016527979,-0.6912999999999982,-0.2555360281195078,0.005502416549276523,0.015228426395939021,-0.007554945054945028,0.06333333333333335,0.03891121142998921,0.004395428743739993,0.012326409128838867,-0.030375935661804077,0.0232538823025783,0.022774259978433964,-0.32383419689119175,-0.03891121142998921,0.03337066151930623,0.0,0.0003076800120618008,-0.0018086698506776244,0.00033349660418613425,-1.0389112114299892,-2.8175999999999988,-0.3558415094685561,4.306746117697422,0.006655900776421753,0.013762025191972893,0.0,0.0,1,0,0.0,True
2025-06-01,4.38,3.89,4.23,4.33,-0.09,21942.6,5043533.83,3741791.67,2680.0988,4.1,158478,20494.762,3.7,101.4785,97.5794,76.181,68.17,260.491,1379.0,1399.0,60.7,321.435,126.743,0,0.16999999999999993,0.5,-1.0,0.005646921476067268,0.01999617442265933,0.0,0.0010162299356553106,0.001478817687318612,-0.8692000000000064,-0.223069232691827,0.01317990074927633,-0.03009781790820165,0.00782918149466183,-0.17,0.03874586139970315,0.004664753535907451,0.014755507287473435,-0.02959473342872576,0.023772651073680873,0.024580860654408676,-0.2445730824891461,-0.03874586139970315,0.011059738361894778,0.0,0.0007930081011042663,-0.0011707689041207114,-0.007103628467894696,-1.0387458613997032,-2.831000000000003,-0.26456925691180544,4.306227348926319,0.004243183403931816,0.016162812713487296,0.0,0.0,1,0,0.0,True
2025-07-01,4.39,3.88,4.25,4.33,0.03,22025.6,5055914.29,3745632.82,2668.2244,4.3,158542,20596.762,3.7,101.894,98.0693,76.3997,68.39,262.358,1432.0,1400.0,61.7,322.169,126.96,0,0.14999999999999947,0.48999999999999977,-1.0,0.00496528108056693,0.01666073049620742,0.0277777777777779,0.005793208714095943,0.006737070602023776,-0.08870000000000289,-0.1454180769712924,0.017884914463452528,0.04628224582701068,-0.04112405757368065,-0.25333333333333335,0.04137973584171384,0.0034157926551297013,0.012530365831082468,-0.029558591806727486,0.02680453865910226,0.025935129797068024,-0.10997067448680353,-0.04137973584171384,0.008502754693626047,0.0,0.0005123688982694534,-0.0008200948101015904,-9.24505988808555e-06,-1.0413797358417138,-2.5394000000000005,-0.12663140498301095,4.303195461340898,-0.0029847240310472145,0.0020270330891980493,0.0,0.0,1,0,0.0,True
2025-08-01,4.26,3.7,4.12,4.33,-0.36,22092.6,5058589.78,3750278.12,2682.1466,4.3,158472,20643.762,3.7,101.6247,98.084,76.1055,64.86,262.11,1291.0,1347.0,58.2,323.291,127.293,0,0.13999999999999968,0.5099999999999998,-1.0,0.00503334432132263,0.02143617460219227,0.0,0.019187662602012212,0.019788636975738738,0.0,-0.16393643031784833,0.01957477236603289,0.128447596532703,-0.03314917127071826,-0.12333333333333334,0.04392172103758951,0.001929629088082807,0.00996049985153924,-0.0320959798541991,0.02742618052167134,0.02605547294239341,-0.07078313253012047,-0.04392172103758951,0.11321917013676397,0.0,0.0002701480723315924,-0.0010289930112490353,0.010364139058317567,-1.0439217210375895,-2.209000000000003,-0.09221930713231274,4.3025738194783285,-0.004172298219093484,-0.002465799655657186,0.0,0.0,1,0,0.0,True
2025-09-01,4.12,3.57,3.92,4.22,-0.31,22176.1,5071963.3,3759249.81,2693.1486,4.4,158548,20670.742,3.8,101.668,98.0473,76.0461,63.96,262.054,1319.0,1444.0,55.1,324.245,127.625,0,0.13999999999999968,0.5599999999999996,-1.0,0.00453228699835817,0.022484010996832282,0.0277777777777779,0.011886779865559305,0.015105915276058646,-0.29419999999998936,-0.15414710485133032,0.0260194235564446,-0.07388809182209466,-0.09718498659517427,-0.13999999999999999,0.042497168742921865,0.0005582515535789145,0.009337759628509579,-0.03008734594980167,0.029385917430316155,0.027476208541517,-0.1428571428571429,-0.042497168742921865,-0.04379027391389301,0.0,7.815521750104785e-05,-0.0011146344777090977,0.010870549929903994,-1.0424971687429219,-2.5031999999999925,-0.1653411538539752,4.300614082569684,-0.005613266356634838,-0.0041065019823285365,0.0,0.0,1,0,0.0,True
2025-10-01,4.06,3.52,3.82,4.09,-0.5,22249.8,5079764.68,3762686.94,2694.8745,0.0,158408,20618.545,3.7,101.2195,97.2128,75.6194,60.89,260.591,1273.0,1418.0,53.6,0.0,127.871,0,0.20000000000000018,0.5500000000000003,-0.9100000000000001,0.004027559653477786,0.022483389940539222,0.05555555555555558,0.018631698334008018,0.02040767475938332,-0.35360000000000014,-0.08940774487471514,0.03709009743472036,-0.02800294767870304,0.016185784658691027,-0.2133333333333333,0.04232548083250287,0.0026922204153598805,0.011675768326778302,-0.030833170824815515,0.030225715847133294,0.027874424148706556,-0.21398002853067044,-0.038516187557577616,-0.07428519350571372,0.0,0.0005384440830719766,-0.0009377214270891443,0.012838489619912075,-0.952325480832503,-2.438200000000009,-0.23646341847120966,4.1897742841528665,-0.11342117718803113,-0.0007235722397698208,0.0,0.0,1,0,0.0,True
2025-11-01,4.09,3.55,3.78,3.88,-0.31,22279.8,5083079.48,3766743.27,2703.5864,4.5,158449,20621.089,3.9,101.0344,97.1299,75.3901,60.06,261.914,1319.0,1414.0,51.0,325.063,128.152,0,0.23999999999999977,0.5399999999999996,-0.7400000000000002,0.0029314001709455084,0.017532352360293713,0.0277777777777779,0.017593332629600056,0.018522728820502765,-0.7802999999999969,-0.1541880816780108,0.02967429400073507,-0.07080291970802921,-0.01184668989547033,-0.38999999999999996,0.04279969629650471,0.0016121674920690499,0.01170484212324352,-0.03368802877341337,0.027291362382022122,0.027125805259691216,-0.2397163120567376,-0.03167177525941349,-0.1992505162407322,0.0,0.0003869201980965716,-0.002101944150377122,-0.0015943299724121562,-0.7827996962965049,-2.5349999999999966,-0.2572486644170313,4.062708637617978,-0.23986518186035077,-0.00031746159601375723,0.0,0.0,1,0,0.0,True
2025-12-01,4.14,3.5,3.59,3.72,-0.06,22355.3,5098820.89,3774498.55,2711.3055,4.4,158432,20597.318,3.7,101.4941,96.9857,75.6422,57.97,261.333,1378.0,1482.0,52.9,326.031,128.576,0,0.31000000000000005,0.54,-0.7599999999999998,0.0023406018509732895,0.014984704663416393,0.08333333333333326,0.017543117556713783,0.014680656800864167,-1.0095999999999918,-0.14138670478913506,0.03437054472357026,0.014615384615384697,-0.06481481481481477,-0.3733333333333333,0.0384577738211207,0.003432841486461724,0.011586633426390991,-0.03261820573318652,0.026964439164939513,0.028201898312699925,-0.2896935933147632,-0.029227908104051722,0.08850347643747936,0.0,0.0010641808608031346,-0.002191685147384881,0.005656337691154478,-0.7984577738211205,-2.4979000000000013,-0.3046782979781796,3.8530355608350604,-0.44757852173462354,0.0028745899328828095,0.0,0.0,0,0,0.0,False
2026-01-01,4.21,3.54,3.57,3.64,-0.07,22413.4,5103211.6,3777171.15,2738.3805,4.3,158592,20624.705,3.9,101.0388,97.0786,75.242,60.04,263.608,1385.0,1393.0,56.4,326.588,129.023,0,0.5499999999999998,0.6399999999999997,-0.7600000000000002,0.0007327117916067216,0.01273557895552524,0.0277777777777779,0.011629935222018384,0.008666450343413068,-0.7574999999999932,-0.17327438676554485,0.03121263657994744,-0.07764390896921014,0.010224948875255713,-0.29,0.040381429289450654,0.030641658701114016,0.034034412678473736,-0.02187541453325037,0.02653304114557753,0.02878083518031027,-0.2851351351351351,-0.030689886259982507,-0.0496409612905071,0.0,0.016852912285612705,-0.003294847861871064,-0.007001763111989634,-0.8003814292894509,-2.2458000000000027,-0.29787071409066035,3.6934669588544224,-0.496307325298444,0.027949438285754136,0.0,0.0,0,0,0.0,False
2026-02-01,4.13,3.47,3.6,3.64,0.22,22598.7,5110389.03,3783268.17,2785.5768,4.4,158436,20532.547,3.9,101.9053,97.733,75.8142,64.51,269.535,1346.0,1540.0,56.6,327.46,129.539,0,0.6400000000000001,0.6699999999999999,-0.69,0.002047160512548274,0.011590367383486289,0.08333333333333326,0.009734701648033584,0.013692565207539475,-1.1576999999999913,-0.2072880908370741,0.024277276966117478,0.023651145602365142,-0.04784688995215314,-0.14666666666666664,0.040581634500657104,0.0297827935902768,0.033798096255516,0.02589669569298647,0.02391201432150014,0.028752083050942012,-0.2133891213389122,-0.0280013278054534,0.09445406531039435,0.0,0.019060987897777156,-0.0008842396583972345,-0.007858630981566472,-0.730581634500657,-2.646000000000001,-0.22497948872239848,3.6160879856785,-0.44662065193947775,0.02817062609820775,0.0,0.0,0,0,0.0,False
2026-03-01,4.25,3.71,3.61,3.64,-0.11,22640.3,5131428.8,3793246.58,2823.5113,4.3,158650,20505.57,3.9,101.7336,98.0924,75.6178,91.38,276.109,1522.0,1363.0,53.3,330.293,130.403,0,0.5299999999999998,0.6599999999999997,-0.69,0.0007959067652074658,0.0058133010023819764,0.054054054054053946,0.007972359848188892,0.008020182475653836,-0.5854999999999961,-0.09814064029078706,0.03867852546069739,-0.09725016767270289,0.06500691562932226,0.030000000000000016,0.045887481950460884,0.030817601278984696,0.035539917860982095,0.04233277334671226,0.024340041103732224,0.02873230041057484,-0.125193199381762,-0.03166236254581801,-0.11186555228808759,0.0,0.016333328677861882,-0.0015446950857658237,-0.00957075770852489,-0.7358874819504608,-2.0738000000000056,-0.13100650038414396,3.615659958896268,-0.23737560193879226,0.027384759792522972,0.0,0.0,0,0,0.0,False
2026-04-01,4.32,3.8,3.61,3.64,0.13,22756.6,5151608.49,3801702.23,2859.6744,4.3,158798,20440.51,4.0,102.5783,98.8563,76.1803,100.32,282.722,1414.0,1423.0,49.8,332.407,130.946,0,0.6400000000000001,0.54,-0.69,0.001723735138309257,-0.002022569772281546,0.054054054054053946,0.006860622087798474,0.007214307863862679,-0.7818999999999932,0.3390973036342322,0.06801663282081027,0.13075780089153044,-0.08646112600536193,0.01333333333333335,0.044096826707126446,0.021817507356590715,0.0172120724095286,0.0565139728511983,0.032859577528651984,0.03542928831754533,-0.06491228070175448,-0.030426810427917245,0.20840170986074058,0.0,0.01396320470821806,0.0009910233467025353,-0.00476931313421991,-0.7340968267071264,-2.2702000000000027,-0.06288971092947293,3.607140422471348,-0.08632653638307453,-0.008824151344523301,0.0,0.0,0,0,0.0,False
2026-05-01,4.48,4.0,3.6,3.63,-0.1,23013.7,5153586.64,3805888.87,2888.4482,4.3,158861,20483.483,4.0,102.6396,98.9796,76.1605,102.13,290.2,1182.0,1410.0,44.8,333.979,131.576,0,0.7100000000000004,0.5200000000000005,-0.69,0.001974950310754897,-0.010568309283982558,0.08108108108108092,0.014342233943352989,0.015667092017581208,-0.21939999999999316,0.5788479697828139,0.09415926189665313,0.010000000000000009,-0.0152249134948097,0.08000000000000002,0.0452808348797471,0.022506851956660023,0.016823749220796547,0.0750520651357236,0.03779245836741563,0.0380182322631788,-0.04597701149425293,-0.031243776067025497,-0.013651145602365133,0.0,0.015979864889228625,-7.221020179337678e-05,0.004607532295319405,-0.735280834879747,-1.3692999999999955,-0.03540870221027037,3.6022075416325845,-0.013880444045915485,-0.007275941633616778,0.0,0.0,0,0,0.0,False
2026-06-01,4.47,4.11,3.66,3.63,-0.01,23114.9,5168141.71,3813723.02,2905.3355,4.2,158892,20539.266,4.1,102.842,99.2374,76.2438,84.81,286.023,1439.0,1374.0,49.5,332.568,131.454,0,0.8800000000000003,0.4800000000000004,-0.7000000000000002,0.0022902497192394122,-0.0014954060999816665,0.08108108108108092,0.01658091130138506,0.01780392850458945,-0.23919999999999675,0.642753739745858,0.12185806291992352,-0.0830100853374709,-0.004237288135593209,-0.026666666666666655,0.05392904410586152,0.020859548853707333,0.015429878182662948,0.0804937988232226,0.04166614684049641,0.04111410033233098,-0.14176245210727978,-0.03775033087410307,0.014240082335231996,0.0,0.01835640299126246,0.0014943429540319464,0.008608551453196167,-0.7539290441058617,-1.2168000000000063,-0.1402670460072981,3.5883338531595035,-0.02732610573676464,-0.009958052425277364,0.0,0.0,0,0,0.0,False
2026-07-01,4.6,4.22,3.73,3.63,0.08,23217.9,5186204.07,3828982.63,2899.5109,4.1,158913,20594.712,4.0,103.0454,99.3952,76.3259,80.46,285.181,1309.0,1433.0,55.2,332.813,131.659,0,0.8099999999999996,0.35999999999999943,-0.7000000000000002,0.002612349979177031,0.0021714816693163552,0.10810810810810789,0.013436343659001704,0.0169912911946577,-0.1559000000000026,0.24409564324482913,0.0980149026261945,0.043509789702683044,-0.01786990707648317,0.006666666666666679,0.053425756291415105,0.024706462611355118,0.01922377201721659,0.08404044656861154,0.03463530729385411,0.0371697056247684,-0.18451400329489298,-0.03739802940399058,-0.0872480111888474,0.0,0.020012234715197634,0.0008886148408677741,0.00657572157120323,-0.7534257562914153,-1.1335000000000122,-0.18668548496420934,3.595364692706146,-0.011775729765202136,0.0028889552547644026,0.0,0.0,0,0,0.0,False
2026-08-01,4.68,4.22,3.72,3.63,-0.04,23342.8,0.0,0.0,2945.0792,4.1,159075,0.0,4.0,103.0682,99.0964,76.2717,83.9,287.928,1275.0,1394.0,0.0,334.131,0.0,0,0.8699999999999997,0.3799999999999999,-0.7000000000000002,0.0023400739236290047,-9.953020770936405e-05,0.08108108108108092,0.011299978408934708,0.01352003124321266,0.0,0.1764877906126625,0.08699182033709651,-0.08589385474860334,0.023571428571428577,-0.009999999999999986,0.054132464041842354,0.025769776251487908,0.022252530882084676,0.08668180232517186,0.03303856050706311,0.037011657214870874,-0.10534846029173417,-0.03789272482928966,-0.09589385474860335,0.0,0.02241970533879447,0.00036512361287410755,-0.003042255534418281,-0.7541324640418425,-1.0116000000000014,-0.1052489300840248,3.5969614394929366,-0.005246102139647935,0.0032629242948278847,0.0,0.0,0,0,0.0,False
